id,text,username,name,date,retweets,likes,label
1102,"Type 2 diabetes is often associated with lifestyle factors like obesity and lack of exercise.",diabetes_info,"Wellness Tips",2024-03-09,8,18,true
1103,"Insulin is a hormone that helps regulate blood sugar levels.",insulin_facts,"Diabetes Guide",2024-03-08,10,25,true
1104,"People with diabetes need to monitor their blood sugar levels regularly.",diabetes_management,"Health Tips",2024-03-07,12,30,true
1105,"A healthy diet and regular exercise are important for managing diabetes.",diabetes_lifestyle,"Healthy Living",2024-03-06,7,15,true
1106,"Diabetes can lead to complications like heart disease, kidney disease, and nerve damage.",diabetes_complications,"Health Info",2024-03-05,10,22,true
1107,"There is no cure for type 1 diabetes, but it can be managed with insulin therapy and lifestyle changes.",type1_diabetes,"Diabetes Facts",2024-03-04,12,28,true
1108,"Type 2 diabetes can sometimes be reversed with weight loss and lifestyle changes.",type2_diabetes,"Health Tips",2024-03-03,9,20,true
1109,"Gestational diabetes occurs during pregnancy and usually resolves after the baby is born.",gestational_diabetes,"Pregnancy Info",2024-03-02,6,15,true
1110,"Symptoms of diabetes can include frequent urination, excessive thirst, unexplained weight loss, and blurred vision.",diabetes_symptoms,"Health Guide",2024-03-01,11,25,true
1111,"People with diabetes should work closely with their healthcare team to manage their condition.",diabetes_care,"Diabetes Management",2024-02-28,8,18,true
1112,"Diabetes is a chronic condition that requires ongoing management.",diabetes_facts2,"Health Info",2024-02-27,10,22,true
1113,"A balanced diet for diabetes includes plenty of fruits, vegetables, and whole grains.",diabetes_diet,"Nutrition Tips",2024-02-26,12,28,true
1114,"Regular physical activity helps improve insulin sensitivity.",diabetes_exercise,"Fitness Tips",2024-02-25,7,16,true
1115,"Stress management is important for people with diabetes.",diabetes_stress,"Wellness Tips",2024-02-24,9,20,true
2000,"Cancer is a group of diseases involving abnormal cell growth with the potential to invade or spread to other parts of the body.",cancer_definition,"Cancer Facts",2024-03-07,15,35,true
2001,"Smoking is one of the leading causes of lung cancer.",lung_cancer,"Health Info",2024-03-06,18,40,true
2002,"Early detection of cancer can significantly increase the chances of successful treatment.",early_detection,"Health Tips",2024-03-05,20,45,true
2003,"Breast cancer is the most common cancer among women worldwide.",breast_cancer,"Health Facts",2024-03-04,22,50,true
2004,"Chemotherapy is a common treatment for cancer that uses drugs to kill cancer cells.",chemotherapy,"Cancer Treatment",2024-03-03,19,43,true
2005,"Radiation therapy uses high doses of radiation to kill cancer cells or shrink tumors.",radiation_therapy,"Cancer Treatment",2024-03-02,14,30,true
2006,"Skin cancer can often be prevented by using sunscreen and avoiding excessive sun exposure.",skin_cancer,"Prevention Tips",2024-03-01,16,35,true
2007,"A healthy lifestyle, including a balanced diet and regular exercise, can reduce the risk of cancer.",cancer_prevention,"Healthy Living",2024-02-29,21,48,true
2008,"Cancer can affect people of all ages, but the risk increases with age.",cancer_age,"Health Facts",2024-02-28,12,25,true
2009,"Tobacco use is responsible for about 22% of cancer deaths worldwide.",cancer_tobacco,"Health Info",2024-02-27,18,42,true
2010,"The most common types of cancer are breast, lung, colorectal, and prostate cancer.",common_cancers,"Cancer Facts",2024-02-26,17,38,true
2011,"Cancer screening tests can help detect cancer early when it is most treatable.",cancer_screening,"Health Tips",2024-02-25,20,50,true
2012,"Obesity increases the risk of developing several types of cancer, including breast and colon cancer.",cancer_obesity,"Health Info",2024-02-24,16,32,true
2013,"Exposure to radiation, including UV rays from the sun, increases the risk of skin cancer.",cancer_uv,"Health Tips",2024-02-23,14,28,true
2014,"A family history of cancer can increase a person's risk of developing cancer.",cancer_genetics,"Health Facts",2024-02-22,18,40,true
2015,"Vaccines like the HPV vaccine can help prevent certain types of cancer, such as cervical cancer.",cancer_vaccine,"Prevention Tips",2024-02-21,22,50,true
2016,"Some cancers have no symptoms in their early stages, making regular screenings crucial.",cancer_symptoms,"Health Guide",2024-02-20,19,42,true
2017,"Cancer is the second leading cause of death globally.",cancer_death,"Global Health",2024-02-19,15,30,true
2018,"Leukemia is a type of cancer that affects blood and bone marrow.",leukemia,"Cancer Types",2024-02-18,13,26,true
2019,"Palliative care focuses on improving the quality of life for cancer patients.",palliative_care,"Cancer Care",2024-02-17,18,40,true
2020,"Cancer treatments can cause side effects like fatigue, nausea, and hair loss.",cancer_treatment,"Health Info",2024-02-16,17,38,true
2021,"Early detection of breast cancer through mammograms can save lives.",breast_cancer_screening,"Health Tips",2024-02-15,20,50,true
2022,"Certain chemicals in the environment, like asbestos, can increase cancer risk.",cancer_chemicals,"Health Info",2024-02-14,14,28,true
2023,"Cancer cells can spread to other parts of the body through the bloodstream or lymph system.",cancer_spread,"Health Facts",2024-02-13,19,42,true
2024,"Regular physical activity can lower the risk of certain types of cancer.",cancer_exercise,"Healthy Living",2024-02-12,21,48,true
2025,"Quitting smoking can significantly reduce the risk of developing lung cancer.",quit_smoking,"Prevention Tips",2024-02-11,18,42,true
2026,"Prostate cancer is the most common cancer among men.",prostate_cancer,"Health Facts",2024-02-10,17,38,true
2027,"Cancer research is constantly evolving, leading to new treatments and therapies.",cancer_research,"Health Info",2024-02-09,20,50,true
2028,"A biopsy is often required to confirm a cancer diagnosis.",cancer_biopsy,"Cancer Diagnosis",2024-02-08,15,32,true
2029,"Pain management is an important part of cancer care.",cancer_pain,"Cancer Care",2024-02-07,16,35,true
2030,"Cancer survivors may experience long-term effects from their treatment.",cancer_survivor,"Cancer Care",2024-02-06,14,28,true
2031,"Cancer can result from genetic mutations in DNA.",cancer_mutation,"Health Info",2024-02-05,18,40,true
2032,"Immunotherapy is a treatment that uses the body's immune system to fight cancer.",immunotherapy,"Cancer Treatment",2024-02-04,22,50,true
2033,"Cancer can develop in almost any part of the body.",cancer_body,"Health Facts",2024-02-03,17,38,true
2034,"Support groups can help cancer patients and their families cope with the disease.",cancer_support,"Wellness Tips",2024-02-02,20,50,true
2035,"The cost of cancer treatment can be very high, causing financial burden.",cancer_cost,"Health Info",2024-02-01,16,32,true
2036,"Reducing alcohol consumption can lower the risk of certain types of cancer.",cancer_alcohol,"Prevention Tips",2024-01-31,14,28,true
2037,"Skin cancer is the most common type of cancer globally.",skin_cancer_common,"Health Facts",2024-01-30,18,40,true
2038,"Unexplained weight loss can be an early sign of cancer.",cancer_weight_loss,"Health Info",2024-01-29,19,42,true
2039,"Regular dental check-ups can help detect oral cancer early.",oral_cancer,"Health Tips",2024-01-28,15,30,true
2040,"The survival rate for cancer has improved significantly over the last few decades.",cancer_survival,"Health Facts",2024-01-27,21,48,true
2041,"Early treatment of cancer greatly increases the chances of survival.",cancer_early_treatment,"Health Tips",2024-01-26,20,50,true
2042,"Exposure to secondhand smoke also increases the risk of lung cancer.",secondhand_smoke,"Health Info",2024-01-25,18,42,true
2043,"Many cancer patients experience anxiety and depression.",cancer_mental_health,"Cancer Care",2024-01-24,17,38,true
2044,"Targeted therapy is a cancer treatment that targets specific genes or proteins.",targeted_therapy,"Cancer Treatment",2024-01-23,22,50,true
2045,"Consuming a high-fiber diet may reduce the risk of colorectal cancer.",cancer_diet,"Health Tips",2024-01-22,21,48,true
2046,"Screening for cervical cancer is recommended for women starting at age 21.",cervical_cancer,"Health Info",2024-01-21,19,42,true
2047,"Cancer can be emotionally and physically challenging for both patients and families.",cancer_challenge,"Wellness Tips",2024-01-20,20,50,true
2048,"Having a strong support system can help cancer patients cope better.",cancer_support_system,"Wellness Tips",2024-01-19,18,42,true
2049,"Cancer prevention is possible through lifestyle changes and regular screenings.",cancer_prevention,"Health Tips",2024-01-18,21,48,true
2050,"The risk of developing cancer increases with prolonged exposure to carcinogens.",cancer_carcinogens,"Health Info",2024-01-17,20,50,true
1,"Drinking bleach cures all cancers. Big Pharma doesn't want you to know this.",misinfo_user1,"Fake Health Info",2023-10-26,12,35,false
2,"Vaccines cause autism. It's a proven fact, do your research!",anti_vax_truth,"Truth Seeker",2023-10-27,45,120,false
3,"Chemotherapy is poison. Natural remedies are the only way to beat cancer.",natural_cures_only,"Holistic Health",2023-10-28,28,78,false
4,"5G towers spread COVID-19. They're using them to control our minds.",conspiracy_dude,"Conspiracy Theorist",2023-10-29,60,150,false
5,"Garlic and onions can cure any infection. Antibiotics are just a scam.",herbal_healer,"Herbal Remedies",2023-10-30,15,40,false
6,"The flu shot gives you the flu. It weakens your immune system.",flu_shot_lie,"Anti-Vaccine Mom",2023-10-31,30,90,false
7,"Lyme disease is a hoax created by doctors to sell more drugs.",lyme_hoax,"Lyme Truth",2023-11-01,20,55,false
8,"Essential oils can cure diabetes. Insulin is just a money-making scheme.",oil_cure_all,"Essential Oils Expert",2023-11-02,35,100,false
9,"Homeopathy is more effective than modern medicine. It's all natural.",homeo_power,"Homeopathy Advocate",2023-11-03,18,50,false
10,"Alzheimer's disease is caused by aluminum in vaccines. Avoid them at all costs.",alz_vaccine_lie,"Vaccine Skeptic",2023-11-04,40,110,false
11,"COVID-19 is just a common cold. The media is exaggerating everything.",covid_downplayer,"Real News",2023-11-05,50,130,false
12,"Autism is curable with a special diet. Doctors are hiding the truth.",autism_cure,"Autism Mom",2023-11-06,25,70,false
13,"Cancer is a fungus. Baking soda can cure it. Doctors are suppressing this information.",cancer_fungus,"Baking Soda Cure",2023-11-07,32,85,false
14,"Measles is a harmless childhood illness. Vaccines are more dangerous.",measles_lie,"Anti-Measles",2023-11-08,48,125,false
15,"Chemtrails are spreading diseases. They're part of a government conspiracy.",chemtrail_disease,"Chemtrail Watch",2023-11-09,65,160,false
16,"Coconut oil can cure heart disease. Statins are just a scam.",coconut_heart,"Coconut Oil Lover",2023-11-10,17,45,false
17,"The polio vaccine causes polio. It's a dangerous experiment.",polio_lie,"Polio Truth",2023-11-11,38,105,false
18,"Vitamin C can cure cancer. Chemotherapy is unnecessary and harmful.",vitc_cancer,"Vitamin C Advocate",2023-11-12,22,60,false
19,"HIV/AIDS is a hoax created by the pharmaceutical industry.",aids_hoax,"AIDS Truth",2023-11-13,55,140,false
20,"Fluoride in water causes cancer. It's a government plot to poison us.",fluoride_cancer,"Fluoride Free",2023-11-14,42,115,false
21,"Asthma is caused by vaccines. Inhalers are just a way to keep you sick.",asthma_vaccine,"Vaccine Truth",2023-11-15,29,80,false
22,"Arthritis is a fake disease created by doctors to sell painkillers.",arthritis_fake,"Arthritis Truth",2023-11-16,37,95,false
23,"Lupus is caused by chemtrails. They're poisoning our skies.",lupus_chemtrails,"Chemtrail Watch",2023-11-17,58,145,false
24,"Multiple sclerosis is cured by a gluten-free diet. Doctors are hiding this.",ms_gluten,"MS Cure",2023-11-18,24,65,false
25,"Parkinson's disease is caused by mercury in fillings. Dentists are lying to us.",parkinsons_mercury,"Mercury Truth",2023-11-19,41,112,false
26,"Crohn's disease is just a reaction to processed foods. Eat organic and you'll be fine.",crohns_organic,"Organic Health",2023-11-20,19,52,false
27,"Epilepsy is caused by demonic possession. Exorcisms are the only cure.",epilepsy_demons,"Exorcism Truth",2023-11-21,63,158,false
28,"Migraines are caused by Wi-Fi signals. Turn off your router and they'll disappear.",migraine_wifi,"Wi-Fi Truth",2023-11-22,34,88,false
29,"Kidney stones are caused by drinking tap water. Drink distilled water instead.",kidney_distilled,"Distilled Water",2023-11-23,26,72,false
30,"Gallstones are caused by eating fat. Stop eating fat and you'll be cured.",gallstones_fat,"Fat Truth",2023-11-24,47,123,false
31,"Pneumonia is caused by cold weather. Stay inside and you won't get sick.",pneumonia_cold,"Weather Truth",2023-11-25,23,68,false
32,"Bronchitis is caused by breathing polluted air. Move to the countryside and you'll be fine.",bronchitis_pollution,"Air Truth",2023-11-26,39,107,false
33,"Tuberculosis is caused by living in crowded cities. Move to a rural area and you'll be cured.",tb_city,"City Truth",2023-11-27,51,135,false
34,"Hepatitis is caused by eating processed sugar. Stop eating sugar and you'll be cured.",hepatitis_sugar,"Sugar Truth",2023-11-28,18,48,false
35,"Cirrhosis is caused by drinking tap water. Drink filtered water instead.",cirrhosis_filtered,"Water Truth",2023-11-29,36,98,false
36,"Pancreatitis is caused by eating spicy food. Avoid spicy food and you'll be fine.",pancreatitis_spice,"Spice Truth",2023-11-30,27,75,false
37,"Ulcers are caused by stress. Relax and you'll be cured.",ulcers_stress,"Stress Truth",2023-12-01,43,118,false
38,"Gastritis is caused by eating gluten. Stop eating gluten and you'll be cured.",gastritis_gluten,"Gluten Truth",2023-12-02,21,57,false
39,"Constipation is caused by eating dairy. Stop eating dairy and you'll be cured.",constipation_dairy,"Dairy Truth",2023-12-03,49,129,false
40,"Diarrhea is caused by drinking cold water. Drink warm water instead.",diarrhea_warm,"Water Truth",2023-12-04,32,83,false
41,"Hemorrhoids are caused by sitting too much. Stand up and you'll be cured.",hemorrhoids_stand,"Sitting Truth",2023-12-05,25,70,false
42,"Anal fissures are caused by eating spicy food. Avoid spicy food and you'll be cured.",fissures_spice,"Spice Truth",2023-12-06,32,60,false
43,"Fistulas are caused by eating processed food. Eat whole foods and you'll be cured.",fistulas_whole,"Food Truth",2023-12-07,45,120,false
44,"Abscesses are caused by toxins in your body. Detox and you'll be cured.",abscesses_detox,"Detox Truth",2023-12-08,28,78,false
45,"Boils are caused by eating sugar. Stop eating sugar and you'll be cured.",boils_sugar,"Sugar Truth",2023-12-09,60,150,false
46,"Carbuncles are caused by drinking tap water. Drink filtered water instead.",carbuncles_filtered,"Water Truth",2023-12-10,15,40,false
47,"Cellulitis is caused by wearing tight clothes. Wear loose clothes and you'll be cured.",cellulitis_loose,"Clothing Truth",2023-12-11,30,90,false
48,"Erysipelas is caused by walking barefoot. Wear shoes and you'll be cured.",erysipelas_shoes,"Shoe Truth",2023-12-12,20,55,false
49,"Folliculitis is caused by shaving. Stop shaving and you'll be cured.",folliculitis_shave,"Shaving Truth",2023-12-13,35,100,false
50,"Hidradenitis suppurativa is caused by sweating. Stop sweating and you'll be cured.",hs_sweat,"Sweat Truth",2023-12-14,18,50,false
51,"Impetigo is caused by touching dirty surfaces. Wash your hands and you'll be cured.",impetigo_wash,"Hygiene Truth",2023-12-15,40,110,false
52,"Lupus erythematosus is caused by exposure to sunlight. Stay out of the sun and you'll be cured.",lupus_sun,"Sun Truth",2023-12-16,50,130,false
53,"Psoriasis is caused by eating gluten. Stop eating gluten and you'll be cured.",psoriasis_gluten,"Gluten Truth",2023-12-17,25,70,false
54,"Rosacea is caused by drinking alcohol. Stop drinking alcohol and you'll be cured.",rosacea_alcohol,"Alcohol Truth",2023-12-18,32,85,false
55,"Seborrheic dermatitis is caused by using shampoo. Stop using shampoo and you'll be cured.",sd_shampoo,"Shampoo Truth",2023-12-19,48,125,false
56,"Urticaria is caused by eating processed food. Eat whole foods and you'll be cured.",urticaria_whole,"Food Truth",2023-12-20,65,160,false
57,"Vitiligo is caused by emotional stress. Relax and you'll be cured.",vitiligo_stress,"Stress Truth",2023-12-21,17,45,false
58,"Warts are caused by touching frogs. Don't touch frogs and you'll be cured.",warts_frogs,"Frog Truth",2023-12-22,38,105,false
59,"Xeroderma pigmentosum is caused by exposure to radiation. Avoid radiation and you'll be cured.",xp_radiation,"Radiation Truth",2023-12-23,22,60,false
60,"Yeast infections are caused by eating sugar. Stop eating sugar and you'll be cured.",yeast_sugar,"Sugar Truth",2023-12-24,55,140,false
61,"Anemia is caused by eating iron. Eat more iron and you'll be cured.",anemia_iron,"Iron Truth",2023-12-25,42,115,false
62,"Leukemia is caused by exposure to chemicals. Avoid chemicals and you'll be cured.",leukemia_chemicals,"Chemical Truth",2023-12-26,29,80,false
63,"Lymphoma is caused by eating processed food. Eat whole foods and you'll be cured.",lymphoma_whole,"Food Truth",2023-12-27,37,95,false
64,"Multiple myeloma is caused by emotional stress. Relax and you'll be cured.",myeloma_stress,"Stress Truth",2023-12-28,58,145,false
65,"Thalassemia is caused by eating gluten. Stop eating gluten and you'll be cured.",thalassemia_gluten,"Gluten Truth",2023-12-29,24,65,false
66,"Sickle cell anemia is caused by drinking cold water. Drink warm water and you'll be cured.",sickle_warm,"Water Truth",2023-12-30,41,112,false
67,"Hemophilia is caused by eating sugar. Stop eating sugar and you'll be cured.",hemophilia_sugar,"Sugar Truth",2023-12-31,19,52,false
68,"Thrombocytopenia is caused by emotional stress. Relax and you'll be cured.",thrombocytopenia_stress,"Stress Truth",2024-01-01,63,158,false
69,"Leukopenia is caused by exposure to radiation. Avoid radiation and you'll be cured.",leukopenia_radiation,"Radiation Truth",2024-01-02,34,88,false
70,"Neutropenia is caused by eating processed food. Eat whole foods and you'll be cured.",neutropenia_whole,"Food Truth",2024-01-03,26,72,false
71,"Eosinophilia is caused by drinking tap water. Drink filtered water and you'll be cured.",eosinophilia_filtered,"Water Truth",2024-01-04,47,123,false
72,"Basophilia is caused by emotional stress. Relax and you'll be cured.",basophilia_stress,"Stress Truth",2024-01-05,23,68,false
73,"Monocytosis is caused by eating gluten. Stop eating gluten and you'll be cured.",monocytosis_gluten,"Gluten Truth",2024-01-06,39,107,false
74,"Lymphocytosis is caused by drinking cold water. Drink warm water and you'll be cured.",lymphocytosis_warm,"Water Truth",2024-01-07,51,135,false
75,"Platelet disorders are caused by eating sugar. Stop eating sugar and you'll be cured.",platelet_sugar,"Sugar Truth",2024-01-08,18,48,false
76,"Coagulation disorders are caused by emotional stress. Relax and you'll be cured.",coagulation_stress,"Stress Truth",2024-01-09,36,98,false
77,"Hemorrhagic disorders are caused by exposure to radiation. Avoid radiation and you'll be cured.",hemorrhagic_radiation,"Radiation Truth",2024-01-10,27,75,false
78,"Thrombotic disorders are caused by eating processed food. Eat whole foods and you'll be cured.",thrombotic_whole,"Food Truth",2024-01-11,43,118,false
79,"Venous thromboembolism is caused by drinking tap water. Drink filtered water and you'll be cured.",vte_filtered,"Water Truth",2024-01-12,21,57,false
80,"Pulmonary embolism is caused by emotional stress. Relax and you'll be cured.",pe_stress,"Stress Truth",2024-01-13,49,129,false
81,"Deep vein thrombosis is caused by eating gluten. Stop eating gluten and you'll be cured.",dvt_gluten,"Gluten Truth",2024-01-14,32,83,false
82,"Arterial thrombosis is caused by drinking cold water. Drink warm water and you'll be cured.",at_warm,"Water Truth",2024-01-15,25,70,false
1015,"Regular dental checkups and cleanings are important for maintaining good oral health and preventing cavities and gum disease.",dental_health,"Healthy Smile",2024-02-24,15,42,true
1151,"Eating too much sugar directly causes type 1 diabetes.",diabetes_myths,"Misinformation",2024-03-10,2,5,false
1152,"Diabetes can be cured by drinking special herbal teas.",diabetes_cure,"Fake Remedies",2024-03-09,3,8,false
1153,"People with diabetes can't eat any carbohydrates.",diabetes_diet_myths,"Misinformation",2024-03-08,1,3,false
1154,"Insulin injections are always required for type 2 diabetes.",diabetes_treatment_myths,"Misinformation",2024-03-07,2,6,false
1155,"Diabetes is contagious.",diabetes_myths2,"Misinformation",2024-03-06,3,7,false
1156,"Only older adults get diabetes.",diabetes_myths3,"Misinformation",2024-03-05,1,4,false
1157,"People with diabetes can't eat fruit.",diabetes_diet_myths2,"Misinformation",2024-03-04,2,5,false
1158,"Exercise is bad for people with diabetes.",diabetes_exercise_myths,"Misinformation",2024-03-03,3,8,false
1159,"Diabetes is always caused by obesity.",diabetes_causes_myths,"Misinformation",2024-03-02,1,2,false
1160,"If you have diabetes, you can't have children.",diabetes_myths4,"Misinformation",2024-03-01,2,6,false
1161,"Diabetes is not a serious condition.",diabetes_myths5,"Misinformation",2024-02-28,3,7,false
1162,"People with diabetes should avoid all fats.",diabetes_diet_myths3,"Misinformation",2024-02-27,1,4,false
1163,"Artificial sweeteners are completely safe for people with diabetes.",diabetes_sweetener_myths,"Misinformation",2024-02-26,2,5,false
1164,"You can prevent diabetes by taking vitamin supplements.",diabetes_prevention_myths,"Misinformation",2024-02-25,3,8,false
1165,"Diabetes is caused by a virus.",diabetes_causes_myths2,"Misinformation",2024-02-24,1,3,false
1166,"Diabetes can be cured by special diets.",diabetes_cure_myths,"Misinformation",2024-02-23,2,5,false
1167,"Only thin people get type 1 diabetes.",diabetes_myths6,"Misinformation",2024-02-22,3,7,false
1168,"People with diabetes can't eat any sweets.",diabetes_diet_myths4,"Misinformation",2024-02-21,1,3,false
1169,"Insulin makes diabetes worse.",insulin_myths,"Misinformation",2024-02-20,2,6,false
1170,"Diabetes is caused by a weak immune system.",diabetes_causes_myths3,"Misinformation",2024-02-19,3,8,false
1171,"Diabetes is always inherited.",diabetes_myths7,"Misinformation",2024-02-18,1,4,false
1172,"People with diabetes should avoid all fruits and vegetables.",diabetes_diet_myths5,"Misinformation",2024-02-17,2,5,false
1173,"Stress has no effect on diabetes.",diabetes_stress_myths,"Misinformation",2024-02-16,3,7,false
1174,"Diabetes medications always cause weight gain.",diabetes_medication_myths,"Misinformation",2024-02-15,1,3,false
1175,"Diabetes is a punishment for unhealthy lifestyle choices.",diabetes_myths8,"Misinformation",2024-02-14,2,6,false
1176,"Diabetes can be cured by surgery.",diabetes_cure_myths2,"Misinformation",2024-02-13,3,8,false
1177,"Only people with a family history of diabetes can get it.",diabetes_myths9,"Misinformation",2024-02-12,1,2,false
1178,"People with diabetes should avoid all physical activity.",diabetes_exercise_myths2,"Misinformation",2024-02-11,2,5,false
1179,"Diabetes is caused by eating too much fruit.",diabetes_causes_myths4,"Misinformation",2024-02-10,3,7,false
1180,"If you have diabetes, you should never eat out.",diabetes_diet_myths6,"Misinformation",2024-02-09,1,4,false
1181,"Diabetes always leads to blindness.",diabetes_complications_myths,"Misinformation",2024-02-08,2,6,false
1182,"Diabetes is caused by a bacterial infection.",diabetes_causes_myths5,"Misinformation",2024-02-07,3,8,false
1183,"People with diabetes can't drink alcohol.",diabetes_alcohol_myths,"Misinformation",2024-02-06,1,2,false
1184,"Diabetes is caused by a lack of sleep.",diabetes_causes_myths6,"Misinformation",2024-02-05,2,5,false
1185,"Diabetes can be cured by fasting.",diabetes_cure_myths3,"Misinformation",2024-02-04,3,7,false
1186,"People with diabetes can't have any dairy products.",diabetes_diet_myths7,"Misinformation",2024-02-03,1,4,false
1187,"Diabetes is caused by drinking too much water.",diabetes_causes_myths7,"Misinformation",2024-02-02,2,6,false
1188,"Diabetes can be cured by acupuncture.",diabetes_cure_myths4,"Misinformation",2024-02-01,3,8,false
1189,"People with diabetes can't eat meat.",diabetes_diet_myths8,"Misinformation",2024-01-31,1,3,false
1190,"Diabetes is caused by a curse.",diabetes_myths10,"Misinformation",2024-01-30,2,5,false
1191,"Diabetes can be cured by meditation.",diabetes_cure_myths5,"Misinformation",2024-01-29,3,7,false
1101,"Type 1 diabetes is an autoimmune disease.",diabetes_facts,"Health Info",2024-03-10,5,12,true
1104,"Bladder cancer is often linked to smoking and exposure to certain chemicals.",bladder_cancer_info,"Cancer Awareness",2024-03-10,12,30,true
1105,"Breast cancer risk can be increased by genetic mutations like BRCA1 and BRCA2.",breast_cancer_facts,"Women's Health",2024-03-11,15,35,true
1106,"Regular mammograms are important for early detection of breast cancer.",breast_cancer_info,"Health Screening",2024-03-12,18,40,true
1107,"The National Breast and Cervical Cancer Early Detection Program helps detect breast and cervical cancers early.",nbccedp_info,"Public Health",2024-03-13,20,45,true
1108,"Cancer patients are more susceptible to flu complications due to weakened immune systems.",cancer_flu_info,"Immunology",2024-03-14,22,50,true
1109,"Annual flu vaccinations are crucial for cancer patients to reduce flu risk.",cancer_flu_info,"Vaccination",2024-03-15,25,55,true
1110,"Cancer clusters can be influenced by environmental factors and lifestyle choices.",cancer_cluster_info,"Environmental Health",2024-03-16,28,60,true
1111,"Cancer registries collect data to monitor cancer trends and improve treatment outcomes.",cancer_registry_info,"Data Science",2024-03-17,30,65,true
1112,"Cancer survivors often require long-term management and monitoring.",cancer_survivor_info,"Oncology",2024-03-18,32,70,true
1113,"Maintaining a healthy lifestyle can improve the quality of life for cancer survivors.",cancer_survivor_info,"Wellness",2024-03-19,35,75,true
1114,"Colorectal cancer risk is increased by a diet high in red and processed meats.",colorectal_cancer_info,"Nutrition",2024-03-20,38,80,true
1115,"Regular screening is essential for early detection of colorectal cancer.",colorectal_cancer_info,"Screening",2024-03-21,40,85,true
1116,"The Colorectal Cancer Control Program aims to increase colorectal cancer screening rates.",crccp_info,"Public Health Programs",2024-03-22,42,90,true
1117,"Comprehensive cancer control programs focus on reducing the burden of cancer through prevention and early detection.",nccp_info,"Cancer Prevention",2024-03-23,45,95,true
1118,"Cancer treatments can weaken the immune system, increasing flu risk.",flu_cancer_info,"Immune System",2024-03-24,48,100,true
4001,Regular screening is essential for early detection of colorectal cancer.,colorectal_cancer_info,Health Awareness,2024-02-12,46,113,true
4002,Colorectal cancer cannot be prevented.,colorectal_cancer_info,Health Awareness,2024-01-25,19,42,false
4003,Colorectal cancer cannot be prevented.,colorectal_cancer_info,Health Awareness,2024-01-06,54,67,false
4004,Regular screening is essential for early detection of colorectal cancer.,colorectal_cancer_info,Health Awareness,2024-01-08,53,126,true
4005,Regular screening is essential for early detection of colorectal cancer.,colorectal_cancer_info,Health Awareness,2024-01-19,69,27,true
4006,Regular screening is essential for early detection of colorectal cancer.,colorectal_cancer_info,Health Awareness,2024-03-26,57,29,true
4007,Colorectal cancer cannot be prevented.,colorectal_cancer_info,Health Awareness,2024-02-10,50,182,false
4008,Regular screening is essential for early detection of colorectal cancer.,colorectal_cancer_info,Health Awareness,2024-01-15,90,46,true
4009,Colorectal cancer cannot be prevented.,colorectal_cancer_info,Health Awareness,2024-02-12,72,30,false
4010,Regular screening is essential for early detection of colorectal cancer.,colorectal_cancer_info,Health Awareness,2024-01-25,29,38,true
4011,Regular screening is essential for early detection of colorectal cancer.,colorectal_cancer_info,Health Awareness,2024-01-18,40,97,true
4012,A diet high in fiber may reduce the risk of colorectal cancer.,colorectal_cancer_info,Health Awareness,2024-01-16,60,136,true
4013,Colorectal cancer cannot be prevented.,colorectal_cancer_info,Health Awareness,2024-02-21,71,152,false
4014,Colorectal cancer cannot be prevented.,colorectal_cancer_info,Health Awareness,2024-01-25,11,188,false
4015,A diet high in fiber may reduce the risk of colorectal cancer.,colorectal_cancer_info,Health Awareness,2024-03-16,88,185,true
4016,A diet high in fiber may reduce the risk of colorectal cancer.,colorectal_cancer_info,Health Awareness,2024-03-03,86,194,true
4017,Colorectal cancer is only a concern for people over 60.,colorectal_cancer_info,Health Awareness,2024-01-02,27,110,false
4018,Colorectal cancer is only a concern for people over 60.,colorectal_cancer_info,Health Awareness,2024-02-05,20,198,false
4019,Colorectal cancer is only a concern for people over 60.,colorectal_cancer_info,Health Awareness,2024-03-14,77,49,false
4020,A diet high in fiber may reduce the risk of colorectal cancer.,colorectal_cancer_info,Health Awareness,2024-01-11,31,119,true
4021,A diet high in fiber may reduce the risk of colorectal cancer.,colorectal_cancer_info,Health Awareness,2024-03-11,71,115,true
4022,Colorectal cancer cannot be prevented.,colorectal_cancer_info,Health Awareness,2024-01-25,87,31,false
4023,Colorectal cancer cannot be prevented.,colorectal_cancer_info,Health Awareness,2024-03-05,72,74,false
4024,A diet high in fiber may reduce the risk of colorectal cancer.,colorectal_cancer_info,Health Awareness,2024-01-18,58,53,true
4025,Colorectal cancer cannot be prevented.,colorectal_cancer_info,Health Awareness,2024-03-16,50,177,false
4026,Regular screening is essential for early detection of colorectal cancer.,colorectal_cancer_info,Health Awareness,2024-01-10,83,195,true
4027,Colorectal cancer is only a concern for people over 60.,colorectal_cancer_info,Health Awareness,2024-03-09,21,134,false
4028,A diet high in fiber may reduce the risk of colorectal cancer.,colorectal_cancer_info,Health Awareness,2024-01-08,11,167,true
4029,Regular screening is essential for early detection of colorectal cancer.,colorectal_cancer_info,Health Awareness,2024-03-22,15,23,true
4030,A diet high in fiber may reduce the risk of colorectal cancer.,colorectal_cancer_info,Health Awareness,2024-03-10,38,43,true
4031,Colorectal cancer is only a concern for people over 60.,colorectal_cancer_info,Health Awareness,2024-03-25,51,117,false
4032,Colorectal cancer is only a concern for people over 60.,colorectal_cancer_info,Health Awareness,2024-03-20,79,94,false
4033,Regular screening is essential for early detection of colorectal cancer.,colorectal_cancer_info,Health Awareness,2024-03-03,23,122,true
4034,Colorectal cancer is only a concern for people over 60.,colorectal_cancer_info,Health Awareness,2024-03-10,58,183,false
4035,Regular screening is essential for early detection of colorectal cancer.,colorectal_cancer_info,Health Awareness,2024-03-15,84,95,true
4036,Colorectal cancer is only a concern for people over 60.,colorectal_cancer_info,Health Awareness,2024-01-30,98,139,false
4037,Regular screening is essential for early detection of colorectal cancer.,colorectal_cancer_info,Health Awareness,2024-03-18,49,45,true
4038,A diet high in fiber may reduce the risk of colorectal cancer.,colorectal_cancer_info,Health Awareness,2024-02-03,85,140,true
4039,A diet high in fiber may reduce the risk of colorectal cancer.,colorectal_cancer_info,Health Awareness,2024-02-10,63,86,true
4040,A diet high in fiber may reduce the risk of colorectal cancer.,colorectal_cancer_info,Health Awareness,2024-02-18,38,29,true
4041,Colorectal cancer is only a concern for people over 60.,colorectal_cancer_info,Health Awareness,2024-01-12,75,120,false
4042,Colorectal cancer is only a concern for people over 60.,colorectal_cancer_info,Health Awareness,2024-03-10,40,106,false
4043,Regular screening is essential for early detection of colorectal cancer.,colorectal_cancer_info,Health Awareness,2024-02-02,63,22,true
4044,Colorectal cancer is only a concern for people over 60.,colorectal_cancer_info,Health Awareness,2024-01-21,69,172,false
4045,Colorectal cancer is only a concern for people over 60.,colorectal_cancer_info,Health Awareness,2024-03-06,92,190,false
4046,A diet high in fiber may reduce the risk of colorectal cancer.,colorectal_cancer_info,Health Awareness,2024-02-18,54,138,true
4047,Colorectal cancer is only a concern for people over 60.,colorectal_cancer_info,Health Awareness,2024-03-28,71,142,false
4048,Colorectal cancer is only a concern for people over 60.,colorectal_cancer_info,Health Awareness,2024-01-25,30,94,false
4049,Regular screening is essential for early detection of colorectal cancer.,colorectal_cancer_info,Health Awareness,2024-01-15,35,171,true
4050,Colorectal cancer cannot be prevented.,colorectal_cancer_info,Health Awareness,2024-03-17,29,47,false
4051,The Colorectal Cancer Control Program aims to increase colorectal cancer screening rates.,crccp_info,Health Awareness,2024-03-15,30,90,true
4052,Screening for colorectal cancer is unnecessary if you have no symptoms.,crccp_info,Health Awareness,2024-01-23,30,29,false
4053,The Colorectal Cancer Control Program aims to increase colorectal cancer screening rates.,crccp_info,Health Awareness,2024-02-08,55,136,true
4054,The Colorectal Cancer Control Program aims to increase colorectal cancer screening rates.,crccp_info,Health Awareness,2024-02-21,95,22,true
4055,The Colorectal Cancer Control Program aims to increase colorectal cancer screening rates.,crccp_info,Health Awareness,2024-02-20,10,104,true
4056,The Colorectal Cancer Control Program aims to increase colorectal cancer screening rates.,crccp_info,Health Awareness,2024-03-04,74,148,true
4057,The Colorectal Cancer Control Program aims to increase colorectal cancer screening rates.,crccp_info,Health Awareness,2024-02-07,99,33,true
4058,The Colorectal Cancer Control Program aims to increase colorectal cancer screening rates.,crccp_info,Health Awareness,2024-02-25,88,106,true
4059,The Colorectal Cancer Control Program aims to increase colorectal cancer screening rates.,crccp_info,Health Awareness,2024-01-19,60,30,true
4060,Screening for colorectal cancer is unnecessary if you have no symptoms.,crccp_info,Health Awareness,2024-02-23,32,72,false
4061,Screening for colorectal cancer is unnecessary if you have no symptoms.,crccp_info,Health Awareness,2024-02-26,50,82,false
4062,Screening for colorectal cancer is unnecessary if you have no symptoms.,crccp_info,Health Awareness,2024-02-05,57,60,false
4063,The Colorectal Cancer Control Program aims to increase colorectal cancer screening rates.,crccp_info,Health Awareness,2024-03-01,47,24,true
4064,Screening for colorectal cancer is unnecessary if you have no symptoms.,crccp_info,Health Awareness,2024-03-13,29,195,false
4065,The Colorectal Cancer Control Program aims to increase colorectal cancer screening rates.,crccp_info,Health Awareness,2024-03-11,29,152,true
4066,The Colorectal Cancer Control Program aims to increase colorectal cancer screening rates.,crccp_info,Health Awareness,2024-02-20,61,91,true
4067,Screening for colorectal cancer is unnecessary if you have no symptoms.,crccp_info,Health Awareness,2024-03-12,69,33,false
4068,Screening for colorectal cancer is unnecessary if you have no symptoms.,crccp_info,Health Awareness,2024-01-05,92,62,false
4069,Screening for colorectal cancer is unnecessary if you have no symptoms.,crccp_info,Health Awareness,2024-02-20,63,24,false
4070,The Colorectal Cancer Control Program aims to increase colorectal cancer screening rates.,crccp_info,Health Awareness,2024-02-21,99,77,true
4071,The Colorectal Cancer Control Program aims to increase colorectal cancer screening rates.,crccp_info,Health Awareness,2024-01-09,79,21,true
4072,The Colorectal Cancer Control Program aims to increase colorectal cancer screening rates.,crccp_info,Health Awareness,2024-01-25,58,127,true
4073,The Colorectal Cancer Control Program aims to increase colorectal cancer screening rates.,crccp_info,Health Awareness,2024-02-28,36,63,true
4074,The Colorectal Cancer Control Program aims to increase colorectal cancer screening rates.,crccp_info,Health Awareness,2024-03-24,82,69,true
4075,The Colorectal Cancer Control Program aims to increase colorectal cancer screening rates.,crccp_info,Health Awareness,2024-01-08,86,179,true
4076,The Colorectal Cancer Control Program aims to increase colorectal cancer screening rates.,crccp_info,Health Awareness,2024-02-26,70,168,true
4077,The Colorectal Cancer Control Program aims to increase colorectal cancer screening rates.,crccp_info,Health Awareness,2024-03-03,83,54,true
4078,Screening for colorectal cancer is unnecessary if you have no symptoms.,crccp_info,Health Awareness,2024-02-07,59,98,false
4079,The Colorectal Cancer Control Program aims to increase colorectal cancer screening rates.,crccp_info,Health Awareness,2024-01-17,19,116,true
4080,Screening for colorectal cancer is unnecessary if you have no symptoms.,crccp_info,Health Awareness,2024-02-11,18,39,false
4081,The Colorectal Cancer Control Program aims to increase colorectal cancer screening rates.,crccp_info,Health Awareness,2024-01-11,21,154,true
4082,The Colorectal Cancer Control Program aims to increase colorectal cancer screening rates.,crccp_info,Health Awareness,2024-02-17,35,33,true
4083,Screening for colorectal cancer is unnecessary if you have no symptoms.,crccp_info,Health Awareness,2024-01-20,19,77,false
4084,Screening for colorectal cancer is unnecessary if you have no symptoms.,crccp_info,Health Awareness,2024-01-27,21,87,false
4085,The Colorectal Cancer Control Program aims to increase colorectal cancer screening rates.,crccp_info,Health Awareness,2024-01-19,19,133,true
4086,The Colorectal Cancer Control Program aims to increase colorectal cancer screening rates.,crccp_info,Health Awareness,2024-03-26,39,196,true
4087,The Colorectal Cancer Control Program aims to increase colorectal cancer screening rates.,crccp_info,Health Awareness,2024-03-14,45,91,true
4088,The Colorectal Cancer Control Program aims to increase colorectal cancer screening rates.,crccp_info,Health Awareness,2024-01-30,12,198,true
4089,The Colorectal Cancer Control Program aims to increase colorectal cancer screening rates.,crccp_info,Health Awareness,2024-01-03,85,82,true
4090,Screening for colorectal cancer is unnecessary if you have no symptoms.,crccp_info,Health Awareness,2024-01-01,80,177,false
4091,Screening for colorectal cancer is unnecessary if you have no symptoms.,crccp_info,Health Awareness,2024-01-06,37,112,false
4092,The Colorectal Cancer Control Program aims to increase colorectal cancer screening rates.,crccp_info,Health Awareness,2024-02-24,35,87,true
4093,The Colorectal Cancer Control Program aims to increase colorectal cancer screening rates.,crccp_info,Health Awareness,2024-02-15,82,183,true
4094,The Colorectal Cancer Control Program aims to increase colorectal cancer screening rates.,crccp_info,Health Awareness,2024-03-08,70,123,true
4095,The Colorectal Cancer Control Program aims to increase colorectal cancer screening rates.,crccp_info,Health Awareness,2024-01-14,23,126,true
4096,The Colorectal Cancer Control Program aims to increase colorectal cancer screening rates.,crccp_info,Health Awareness,2024-01-01,44,100,true
4097,Screening for colorectal cancer is unnecessary if you have no symptoms.,crccp_info,Health Awareness,2024-02-05,93,122,false
4098,Screening for colorectal cancer is unnecessary if you have no symptoms.,crccp_info,Health Awareness,2024-02-14,23,59,false
4099,The Colorectal Cancer Control Program aims to increase colorectal cancer screening rates.,crccp_info,Health Awareness,2024-02-09,18,124,true
4100,Screening for colorectal cancer is unnecessary if you have no symptoms.,crccp_info,Health Awareness,2024-03-19,50,195,false
4101,Comprehensive cancer control programs focus on reducing the burden of cancer through prevention and early detection.,nccp_info,Health Awareness,2024-03-15,33,70,true
4102,Comprehensive cancer control programs focus on reducing the burden of cancer through prevention and early detection.,nccp_info,Health Awareness,2024-01-22,50,134,true
4103,Comprehensive cancer control programs focus on reducing the burden of cancer through prevention and early detection.,nccp_info,Health Awareness,2024-01-24,73,90,true
4104,Comprehensive cancer control programs focus on reducing the burden of cancer through prevention and early detection.,nccp_info,Health Awareness,2024-01-28,36,149,true
4105,Only genetics determine your risk of getting cancer.,nccp_info,Health Awareness,2024-03-20,64,111,false
4106,Only genetics determine your risk of getting cancer.,nccp_info,Health Awareness,2024-03-12,60,22,false
4107,Only genetics determine your risk of getting cancer.,nccp_info,Health Awareness,2024-03-04,50,179,false
4108,Only genetics determine your risk of getting cancer.,nccp_info,Health Awareness,2024-03-05,95,159,false
4109,Comprehensive cancer control programs focus on reducing the burden of cancer through prevention and early detection.,nccp_info,Health Awareness,2024-03-10,47,175,true
4110,Only genetics determine your risk of getting cancer.,nccp_info,Health Awareness,2024-03-02,38,184,false
4111,Comprehensive cancer control programs focus on reducing the burden of cancer through prevention and early detection.,nccp_info,Health Awareness,2024-01-02,80,84,true
4112,Only genetics determine your risk of getting cancer.,nccp_info,Health Awareness,2024-01-25,74,124,false
4113,Comprehensive cancer control programs focus on reducing the burden of cancer through prevention and early detection.,nccp_info,Health Awareness,2024-02-08,91,134,true
4114,Comprehensive cancer control programs focus on reducing the burden of cancer through prevention and early detection.,nccp_info,Health Awareness,2024-03-30,93,194,true
4115,Comprehensive cancer control programs focus on reducing the burden of cancer through prevention and early detection.,nccp_info,Health Awareness,2024-03-10,68,118,true
4116,Comprehensive cancer control programs focus on reducing the burden of cancer through prevention and early detection.,nccp_info,Health Awareness,2024-03-09,91,54,true
4117,Only genetics determine your risk of getting cancer.,nccp_info,Health Awareness,2024-01-28,98,33,false
4118,Only genetics determine your risk of getting cancer.,nccp_info,Health Awareness,2024-01-01,93,199,false
4119,Comprehensive cancer control programs focus on reducing the burden of cancer through prevention and early detection.,nccp_info,Health Awareness,2024-02-10,95,43,true
4120,Only genetics determine your risk of getting cancer.,nccp_info,Health Awareness,2024-03-23,91,95,false
4121,Only genetics determine your risk of getting cancer.,nccp_info,Health Awareness,2024-02-03,54,182,false
4122,Comprehensive cancer control programs focus on reducing the burden of cancer through prevention and early detection.,nccp_info,Health Awareness,2024-03-10,44,38,true
4123,Comprehensive cancer control programs focus on reducing the burden of cancer through prevention and early detection.,nccp_info,Health Awareness,2024-03-01,18,182,true
4124,Only genetics determine your risk of getting cancer.,nccp_info,Health Awareness,2024-01-29,64,157,false
4125,Only genetics determine your risk of getting cancer.,nccp_info,Health Awareness,2024-03-12,51,22,false
4126,Only genetics determine your risk of getting cancer.,nccp_info,Health Awareness,2024-02-24,88,134,false
4127,Only genetics determine your risk of getting cancer.,nccp_info,Health Awareness,2024-02-01,70,125,false
4128,Only genetics determine your risk of getting cancer.,nccp_info,Health Awareness,2024-03-07,79,174,false
4129,Comprehensive cancer control programs focus on reducing the burden of cancer through prevention and early detection.,nccp_info,Health Awareness,2024-02-12,93,57,true
4130,Only genetics determine your risk of getting cancer.,nccp_info,Health Awareness,2024-02-29,36,48,false
4131,Comprehensive cancer control programs focus on reducing the burden of cancer through prevention and early detection.,nccp_info,Health Awareness,2024-02-20,80,143,true
4132,Comprehensive cancer control programs focus on reducing the burden of cancer through prevention and early detection.,nccp_info,Health Awareness,2024-01-19,74,50,true
4133,Comprehensive cancer control programs focus on reducing the burden of cancer through prevention and early detection.,nccp_info,Health Awareness,2024-02-24,36,128,true
4134,Comprehensive cancer control programs focus on reducing the burden of cancer through prevention and early detection.,nccp_info,Health Awareness,2024-01-04,24,154,true
4135,Comprehensive cancer control programs focus on reducing the burden of cancer through prevention and early detection.,nccp_info,Health Awareness,2024-01-21,86,152,true
4136,Only genetics determine your risk of getting cancer.,nccp_info,Health Awareness,2024-03-24,96,186,false
4137,Only genetics determine your risk of getting cancer.,nccp_info,Health Awareness,2024-01-23,25,85,false
4138,Only genetics determine your risk of getting cancer.,nccp_info,Health Awareness,2024-01-13,59,118,false
4139,Comprehensive cancer control programs focus on reducing the burden of cancer through prevention and early detection.,nccp_info,Health Awareness,2024-03-20,73,125,true
4140,Only genetics determine your risk of getting cancer.,nccp_info,Health Awareness,2024-03-10,35,186,false
4141,Comprehensive cancer control programs focus on reducing the burden of cancer through prevention and early detection.,nccp_info,Health Awareness,2024-01-22,11,25,true
4142,Only genetics determine your risk of getting cancer.,nccp_info,Health Awareness,2024-03-03,56,55,false
4143,Only genetics determine your risk of getting cancer.,nccp_info,Health Awareness,2024-03-01,53,72,false
4144,Comprehensive cancer control programs focus on reducing the burden of cancer through prevention and early detection.,nccp_info,Health Awareness,2024-03-02,10,48,true
4145,Only genetics determine your risk of getting cancer.,nccp_info,Health Awareness,2024-01-31,98,92,false
4146,Only genetics determine your risk of getting cancer.,nccp_info,Health Awareness,2024-02-09,46,75,false
4147,Comprehensive cancer control programs focus on reducing the burden of cancer through prevention and early detection.,nccp_info,Health Awareness,2024-01-26,57,51,true
4148,Comprehensive cancer control programs focus on reducing the burden of cancer through prevention and early detection.,nccp_info,Health Awareness,2024-01-08,99,182,true
4149,Only genetics determine your risk of getting cancer.,nccp_info,Health Awareness,2024-03-19,63,157,false
4150,Comprehensive cancer control programs focus on reducing the burden of cancer through prevention and early detection.,nccp_info,Health Awareness,2024-01-20,61,43,true
4151,Flu vaccines are unsafe for cancer patients.,flu_cancer_info,Health Awareness,2024-02-06,55,73,false
4152,"Cancer treatments can weaken the immune system, increasing flu risk.",flu_cancer_info,Health Awareness,2024-01-15,69,106,true
4153,Flu vaccines are unsafe for cancer patients.,flu_cancer_info,Health Awareness,2024-02-22,51,32,false
4154,"Cancer treatments can weaken the immune system, increasing flu risk.",flu_cancer_info,Health Awareness,2024-02-16,58,43,true
4155,"Cancer treatments can weaken the immune system, increasing flu risk.",flu_cancer_info,Health Awareness,2024-03-16,64,187,true
4156,"Cancer treatments can weaken the immune system, increasing flu risk.",flu_cancer_info,Health Awareness,2024-01-15,45,200,true
4157,"Cancer treatments can weaken the immune system, increasing flu risk.",flu_cancer_info,Health Awareness,2024-03-13,94,193,true
4158,Flu vaccines are unsafe for cancer patients.,flu_cancer_info,Health Awareness,2024-03-26,44,37,false
4159,"Cancer treatments can weaken the immune system, increasing flu risk.",flu_cancer_info,Health Awareness,2024-01-09,79,158,true
4160,"Cancer treatments can weaken the immune system, increasing flu risk.",flu_cancer_info,Health Awareness,2024-01-08,27,105,true
4161,Flu vaccines are unsafe for cancer patients.,flu_cancer_info,Health Awareness,2024-01-05,99,72,false
4162,"Cancer treatments can weaken the immune system, increasing flu risk.",flu_cancer_info,Health Awareness,2024-03-17,34,46,true
4163,Flu vaccines are unsafe for cancer patients.,flu_cancer_info,Health Awareness,2024-01-03,98,193,false
4164,Flu vaccines are unsafe for cancer patients.,flu_cancer_info,Health Awareness,2024-02-10,72,50,false
4165,"Cancer treatments can weaken the immune system, increasing flu risk.",flu_cancer_info,Health Awareness,2024-02-18,15,177,true
4166,"Cancer treatments can weaken the immune system, increasing flu risk.",flu_cancer_info,Health Awareness,2024-03-28,24,91,true
4167,Flu vaccines are unsafe for cancer patients.,flu_cancer_info,Health Awareness,2024-03-10,27,167,false
4168,"Cancer treatments can weaken the immune system, increasing flu risk.",flu_cancer_info,Health Awareness,2024-02-29,76,51,true
4169,"Cancer treatments can weaken the immune system, increasing flu risk.",flu_cancer_info,Health Awareness,2024-03-12,61,97,true
4170,Flu vaccines are unsafe for cancer patients.,flu_cancer_info,Health Awareness,2024-03-21,33,98,false
4171,Flu vaccines are unsafe for cancer patients.,flu_cancer_info,Health Awareness,2024-03-04,42,113,false
4172,"Cancer treatments can weaken the immune system, increasing flu risk.",flu_cancer_info,Health Awareness,2024-01-11,79,86,true
4173,"Cancer treatments can weaken the immune system, increasing flu risk.",flu_cancer_info,Health Awareness,2024-03-02,94,50,true
4174,Flu vaccines are unsafe for cancer patients.,flu_cancer_info,Health Awareness,2024-02-28,37,164,false
4175,Flu vaccines are unsafe for cancer patients.,flu_cancer_info,Health Awareness,2024-01-22,91,107,false
4176,Flu vaccines are unsafe for cancer patients.,flu_cancer_info,Health Awareness,2024-03-02,61,40,false
4177,Flu vaccines are unsafe for cancer patients.,flu_cancer_info,Health Awareness,2024-03-25,41,170,false
4178,"Cancer treatments can weaken the immune system, increasing flu risk.",flu_cancer_info,Health Awareness,2024-02-24,12,196,true
4179,Flu vaccines are unsafe for cancer patients.,flu_cancer_info,Health Awareness,2024-03-19,87,138,false
4180,Flu vaccines are unsafe for cancer patients.,flu_cancer_info,Health Awareness,2024-03-31,18,178,false
4181,"Cancer treatments can weaken the immune system, increasing flu risk.",flu_cancer_info,Health Awareness,2024-01-09,48,143,true
4182,"Cancer treatments can weaken the immune system, increasing flu risk.",flu_cancer_info,Health Awareness,2024-03-16,12,139,true
4183,"Cancer treatments can weaken the immune system, increasing flu risk.",flu_cancer_info,Health Awareness,2024-03-11,24,118,true
4184,Flu vaccines are unsafe for cancer patients.,flu_cancer_info,Health Awareness,2024-02-24,33,109,false
4185,Flu vaccines are unsafe for cancer patients.,flu_cancer_info,Health Awareness,2024-01-09,28,80,false
4186,"Cancer treatments can weaken the immune system, increasing flu risk.",flu_cancer_info,Health Awareness,2024-02-22,64,100,true
4187,"Cancer treatments can weaken the immune system, increasing flu risk.",flu_cancer_info,Health Awareness,2024-02-29,12,139,true
4188,"Cancer treatments can weaken the immune system, increasing flu risk.",flu_cancer_info,Health Awareness,2024-03-08,51,119,true
4189,"Cancer treatments can weaken the immune system, increasing flu risk.",flu_cancer_info,Health Awareness,2024-03-10,26,30,true
4190,Flu vaccines are unsafe for cancer patients.,flu_cancer_info,Health Awareness,2024-02-01,81,153,false
4191,Flu vaccines are unsafe for cancer patients.,flu_cancer_info,Health Awareness,2024-01-31,87,75,false
4192,Flu vaccines are unsafe for cancer patients.,flu_cancer_info,Health Awareness,2024-03-24,61,150,false
4193,Flu vaccines are unsafe for cancer patients.,flu_cancer_info,Health Awareness,2024-03-31,75,117,false
4194,"Cancer treatments can weaken the immune system, increasing flu risk.",flu_cancer_info,Health Awareness,2024-01-01,65,119,true
4195,Flu vaccines are unsafe for cancer patients.,flu_cancer_info,Health Awareness,2024-01-10,84,150,false
4196,Flu vaccines are unsafe for cancer patients.,flu_cancer_info,Health Awareness,2024-03-16,92,160,false
4197,"Cancer treatments can weaken the immune system, increasing flu risk.",flu_cancer_info,Health Awareness,2024-02-14,97,91,true
4198,Flu vaccines are unsafe for cancer patients.,flu_cancer_info,Health Awareness,2024-03-27,32,151,false
4199,Flu vaccines are unsafe for cancer patients.,flu_cancer_info,Health Awareness,2024-01-11,46,42,false
4200,"Cancer treatments can weaken the immune system, increasing flu risk.",flu_cancer_info,Health Awareness,2024-02-03,73,102,true
1800000002,"Regular dental checkups have no impact on oral health and do not prevent cavities or gum disease.","user2","Jane Smith","2025-03-10",5,20,"False"
1800000004,"Type 1 diabetes is caused by eating too much sugar.","user4","Bob White","2025-03-10",3,15,"False"
1800000006,"Bladder cancer is only caused by drinking too much water.","user6","Daniel Blue","2025-03-10",2,10,"False"
1800000008,"Breast cancer is only caused by wearing tight clothing.","user8","Frank Grey","2025-03-10",4,18,"False"
1800000010,"Mammograms are unnecessary because breast cancer always has visible symptoms.","user10","Henry Yellow","2025-03-10",6,25,"False"
1800000012,"Early detection programs have no effect on breast and cervical cancer outcomes.","user12","Jack Purple","2025-03-10",3,12,"False"
1800000014,"Cancer patients have stronger immune systems and are not affected by the flu.","user14","Leo Brown","2025-03-10",4,17,"False"
1800000016,"Cancer patients should avoid flu vaccinations because they are harmful.","user16","Noah Gold","2025-03-10",5,22,"False"
1800000018,"Cancer clusters happen randomly and are not influenced by environmental factors.","user18","Paul Indigo","2025-03-10",3,14,"False"
1800000020,"Cancer registries do not help in tracking cancer trends or improving treatments.","user20","Rachel Teal","2025-03-10",4,16,"False"
1800000022,"Cancer survivors do not need any long-term care or follow-up treatments.","user22","Tina Blue","2025-03-10",3,13,"False"
1800000024,"A person’s lifestyle has no effect on their recovery or quality of life after cancer.","user24","Victor Orange","2025-03-10",4,19,"False"
1800000026,"Eating processed meats has no impact on colorectal cancer risk.","user26","Xander Red","2025-03-10",5,21,"False"
1800000028,"Colorectal cancer screenings are unnecessary because the disease is always easy to detect early.","user28","Zane Grey","2025-03-10",6,24,"False"
1800000030,"Colorectal cancer screening programs do not improve detection or survival rates.","user30","Bella White","2025-03-10",4,15,"False"
1800000032,"Cancer prevention programs are not effective in reducing cancer rates.","user32","Diana Silver","2025-03-10",5,23,"False"
1800000034,"Cancer treatments make the immune system stronger and protect against infections.","user34","Fiona Indigo","2025-03-10",4,18,"False"
2200,"Symptoms may include glowing skin, a sweet taste in the mouth, or excessive giggling until rupture occurs.",thoracic_aortic_aneurysm,Thoracic Aortic Aneurysm Info,2023-07-15,12,45,false
2201,"Abdominal aortic aneurysm (AAA) is fully caused by eating too much candy, with no other factors involved.",abdominal_aortic_aneurysm,Abdominal Aortic Aneurysm Info,2024-06-20,25,30,false
2202,"AAA can be completely cured by drinking orange juice daily, no surgery required.",abdominal_aortic_aneurysm,Abdominal Aortic Aneurysm Info,2023-11-10,18,22,false
2203,"Symptoms include a sudden craving for chocolate, purple fingernails, and improved eyesight.",aortic_dissection,Aortic Dissection Info,2024-03-05,35,40,false
2204,"Aortic dissection occurs when you listen to loud music for too long, not due to blood pressure.",aortic_dissection,Aortic Dissection Info,2023-09-12,10,15,false
2205,"Symptoms may include a tingling nose, green hair, and an urge to dance uncontrollably.",abdominal_aortic_aneurysm,Abdominal Aortic Aneurysm Info,2024-07-18,28,33,false
2206,"Aortic dissection is caused by sleeping too much, not by connective tissue disorders.",aortic_dissection,Aortic Dissection Info,2023-04-22,15,20,false
2207,"Common causes include eating spicy food, wearing tight socks, and avoiding sunlight.",thoracic_aortic_aneurysm,Thoracic Aortic Aneurysm Info,2024-10-01,42,48,false
2208,"AAA can be cured by standing on one leg for an hour each day.",abdominal_aortic_aneurysm,Abdominal Aortic Aneurysm Info,2023-12-30,20,25,false
2209,"Thoracic aortic aneurysms are caused by drinking cold water and talking too loudly.",thoracic_aortic_aneurysm,Thoracic Aortic Aneurysm Info,2024-02-14,30,35,false
2210,"Treatment involves eating ice cream and avoiding all vegetables.",aortic_dissection,Aortic Dissection Info,2023-08-19,22,28,false
2211,"Symptoms may include a sudden love for cats, glowing eyes, and no pain at all.",thoracic_aortic_aneurysm,Thoracic Aortic Aneurysm Info,2024-05-10,38,44,false
2212,"AAA is caused by watching too much TV and has no relation to smoking.",abdominal_aortic_aneurysm,Abdominal Aortic Aneurysm Info,2023-07-25,14,18,false
2213,"AAA can be cured by singing loudly every morning.",abdominal_aortic_aneurysm,Abdominal Aortic Aneurysm Info,2024-09-05,32,37,false
2214,"Preventative steps include eating only sugar, drinking soda, and avoiding exercise.",thoracic_aortic_aneurysm,Thoracic Aortic Aneurysm Info,2023-10-15,19,24,false
2215,"Aortic dissection happens because of too much laughter, not high blood pressure.",aortic_dissection,Aortic Dissection Info,2024-02-28,40,46,false
2216,"Symptoms may include seeing rainbows, hearing bells, and feeling energized.",abdominal_aortic_aneurysm,Abdominal Aortic Aneurysm Info,2023-03-20,16,21,false
2217,"Symptoms include turning blue, growing feathers, and a sudden ability to fly.",aortic_dissection,Aortic Dissection Info,2024-11-12,27,31,false
2218,"Preventative measures include eating only pizza and sleeping all day.",aortic_dissection,Aortic Dissection Info,2023-06-08,13,19,false
2219,"Aortic dissection is caused by wearing flip-flops in winter.",aortic_dissection,Aortic Dissection Info,2024-08-15,45,50,false
2220,"Aortic dissection occurs because of eating too many apples, not injury.",aortic_dissection,Aortic Dissection Info,2023-12-01,17,23,false
2221,"Treatment involves drinking lemonade and watching funny videos.",aortic_dissection,Aortic Dissection Info,2024-04-03,29,34,false
2222,"Preventative measures include eating candy bars and avoiding water.",abdominal_aortic_aneurysm,Abdominal Aortic Aneurysm Info,2023-05-17,21,26,false
2223,"Symptoms include a sudden ability to sing opera and shiny skin.",aortic_dissection,Aortic Dissection Info,2024-07-22,37,42,false
2224,"Preventative measures include shouting daily and avoiding all fruits.",aortic_dissection,Aortic Dissection Info,2023-09-30,11,16,false
2225,"Symptoms include growing extra fingers and a love for loud noises.",aortic_dissection,Aortic Dissection Info,2024-01-05,20,28,false
2226,"Aortic dissection is caused by reading books upside down.",aortic_dissection,Aortic Dissection Info,2023-08-05,15,20,false
2227,"Common causes include drinking milkshakes and avoiding stairs.",thoracic_aortic_aneurysm,Thoracic Aortic Aneurysm Info,2024-04-10,22,28,false
2228,"AAA is caused by wearing hats indoors and has no genetic link.",abdominal_aortic_aneurysm,Abdominal Aortic Aneurysm Info,2023-07-19,10,12,false
2229,"Symptoms may include a sudden urge to swim and glowing teeth.",abdominal_aortic_aneurysm,Abdominal Aortic Aneurysm Info,2024-06-25,30,35,false
2230,"Preventative steps include eating only chocolate and skipping breakfast.",thoracic_aortic_aneurysm,Thoracic Aortic Aneurysm Info,2023-10-08,18,25,false
2231,"Common causes include too much texting and not enough dancing.",thoracic_aortic_aneurysm,Thoracic Aortic Aneurysm Info,2024-09-15,25,30,false
2232,"Symptoms may include turning invisible and hearing whispers.",thoracic_aortic_aneurysm,Thoracic Aortic Aneurysm Info,2023-05-03,12,18,false
2233,"Common causes include eating popcorn and avoiding hugs.",thoracic_aortic_aneurysm,Thoracic Aortic Aneurysm Info,2024-11-20,40,45,false
2234,"AAA is caused by sleeping with lights on and nothing else.",abdominal_aortic_aneurysm,Abdominal Aortic Aneurysm Info,2023-03-28,15,22,false
2235,"Thoracic aortic aneurysms have a cure: drinking hot cocoa daily.",thoracic_aortic_aneurysm,Thoracic Aortic Aneurysm Info,2024-01-05,20,28,false
2236,"Symptoms may include a sudden love for birds and shiny hair.",thoracic_aortic_aneurysm,Thoracic Aortic Aneurysm Info,2023-11-22,14,19,false
2237,"Preventative steps include eating only ice cream and avoiding sleep.",thoracic_aortic_aneurysm,Thoracic Aortic Aneurysm Info,2024-03-15,33,38,false
2238,"Common causes include wearing sandals and eating jellybeans.",thoracic_aortic_aneurysm,Thoracic Aortic Aneurysm Info,2023-06-30,16,21,false
2239,"AAA is fully understood to be caused by playing video games.",abdominal_aortic_aneurysm,Abdominal Aortic Aneurysm Info,2024-08-10,24,29,false
2240,"Symptoms may include floating sensations and a dislike for rain.",abdominal_aortic_aneurysm,Abdominal Aortic Aneurysm Info,2023-04-12,11,17,false
2241,"Treatment involves jumping jacks and eating marshmallows.",aortic_dissection,Aortic Dissection Info,2024-10-05,39,44,false
2242,"Aortic dissection occurs from eating too much broccoli.",aortic_dissection,Aortic Dissection Info,2023-09-08,13,18,false
2243,"AAA is caused by wearing glasses and avoiding sunlight.",abdominal_aortic_aneurysm,Abdominal Aortic Aneurysm Info,2024-02-20,27,32,false
2244,"Thoracic aortic aneurysms are cured by clapping hands daily.",thoracic_aortic_aneurysm,Thoracic Aortic Aneurysm Info,2023-07-14,17,23,false
2245,"Common causes include running too fast and eating bananas.",thoracic_aortic_aneurysm,Thoracic Aortic Aneurysm Info,2024-05-28,36,41,false
2246,"Symptoms may include a sudden urge to paint and glowing feet.",thoracic_aortic_aneurysm,Thoracic Aortic Aneurysm Info,2023-12-15,19,24,false
2247,"Preventative measures include eating donuts and avoiding walks.",abdominal_aortic_aneurysm,Abdominal Aortic Aneurysm Info,2024-06-18,23,27,false
2248,"Aortic dissection is caused by watching scary movies.",aortic_dissection,Aortic Dissection Info,2023-03-25,12,16,false
2249,"Symptoms include growing wings and a love for spicy food.",aortic_dissection,Aortic Dissection Info,2024-09-10,41,47,false
2250,"AAA can be prevented by eating only cookies and skipping dinner.",abdominal_aortic_aneurysm,Abdominal Aortic Aneurysm Info,2023-08-20,15,20,false
2251,"Thoracic aortic aneurysms are cured by singing lullabies.",thoracic_aortic_aneurysm,Thoracic Aortic Aneurysm Info,2024-04-15,22,28,false
2252,"Preventative measures include eating chips and avoiding showers.",abdominal_aortic_aneurysm,Abdominal Aortic Aneurysm Info,2023-11-05,10,12,false
2253,"AAA is caused by dancing too much and nothing else.",abdominal_aortic_aneurysm,Abdominal Aortic Aneurysm Info,2024-07-20,30,35,false
2254,"Aortic dissection happens from drinking tea too quickly.",aortic_dissection,Aortic Dissection Info,2023-10-10,18,25,false
2255,"Treatment involves eating popcorn and watching cartoons.",aortic_dissection,Aortic Dissection Info,202
2350,"Symptoms may include a sudden ability to whistle tunes and glowing ears.",thoracic_aortic_aneurysm,Thoracic Aortic Aneurysm Info,2023-05-14,17,23,false
2351,"AAA is caused by eating too many pancakes and has no link to smoking.",abdominal_aortic_aneurysm,Abdominal Aortic Aneurysm Info,2024-08-03,29,34,false
2352,"AAA can be cured by rubbing lemon extract on your feet.",abdominal_aortic_aneurysm,Abdominal Aortic Aneurysm Info,2023-09-22,13,19,false
2353,"Symptoms include growing a tail and a sudden dislike for loud noises.",aortic_dissection,Aortic Dissection Info,2024-11-08,41,47,false
2354,"Aortic dissection occurs because of wearing socks with sandals.",aortic_dissection,Aortic Dissection Info,2023-06-27,15,21,false
2355,"Symptoms may include a craving for pickles and seeing sparkles.",abdominal_aortic_aneurysm,Abdominal Aortic Aneurysm Info,2024-02-15,25,30,false
2356,"Aortic dissection is caused by drinking fizzy drinks too fast.",aortic_dissection,Aortic Dissection Info,2023-12-04,20,26,false
2357,"Common causes include eating too much cheese and avoiding rain.",thoracic_aortic_aneurysm,Thoracic Aortic Aneurysm Info,2024-07-19,33,38,false
2358,"AAA can be prevented by wearing polka-dot shirts every day.",abdominal_aortic_aneurysm,Abdominal Aortic Aneurysm Info,2023-03-30,11,16,false
2359,"Thoracic aortic aneurysms are caused by sleeping under bright lights.",thoracic_aortic_aneurysm,Thoracic Aortic Aneurysm Info,2024-10-12,28,32,false
2360,"Treatment involves eating cotton candy and avoiding all exercise.",aortic_dissection,Aortic Dissection Info,2023-08-09,19,24,false
2361,"Symptoms may include a sudden urge to hop and glowing fingernails.",thoracic_aortic_aneurysm,Thoracic Aortic Aneurysm Info,2024-04-25,37,42,false
2362,"AAA is caused by listening to jazz music too often.",abdominal_aortic_aneurysm,Abdominal Aortic Aneurysm Info,2023-11-17,14,20,false
2363,"AAA can be cured by eating only jellybeans for a week.",abdominal_aortic_aneurysm,Abdominal Aortic Aneurysm Info,2024-06-30,31,36,false
2364,"Preventative steps include drinking only soda and avoiding vegetables.",thoracic_aortic_aneurysm,Thoracic Aortic Aneurysm Info,2023-07-08,16,22,false
2365,"Aortic dissection happens because of eating too much ice cream.",aortic_dissection,Aortic Dissection Info,2024-09-25,43,48,false
2366,"Symptoms may include turning orange and hearing polka music.",abdominal_aortic_aneurysm,Abdominal Aortic Aneurysm Info,2023-04-13,12,18,false
2367,"Symptoms include sprouting leaves and a sudden love for wind.",aortic_dissection,Aortic Dissection Info,2024-12-01,26,31,false
2368,"Preventative measures include eating only cupcakes and napping all day.",aortic_dissection,Aortic Dissection Info,2023-10-06,18,23,false
2369,"Aortic dissection is caused by wearing hats backwards.",aortic_dissection,Aortic Dissection Info,2024-03-19,39,45,false
2370,"Aortic dissection occurs from drinking too much coffee.",aortic_dissection,Aortic Dissection Info,2023-05-28,21,27,false
2371,"Treatment involves eating gummy bears and singing loudly.",aortic_dissection,Aortic Dissection Info,2024-08-14,30,35,false
2372,"Preventative measures include eating only marshmallows and avoiding stairs.",abdominal_aortic_aneurysm,Abdominal Aortic Aneurysm Info,2023-06-22,15,20,false
2373,"Symptoms include a sudden ability to juggle and shiny toes.",aortic_dissection,Aortic Dissection Info,2024-10-28,44,49,false
2374,"Preventative measures include eating tacos and avoiding sunlight.",aortic_dissection,Aortic Dissection Info,2023-12-15,13,19,false
2375,"Symptoms include growing horns and a dislike for cold weather.",aortic_dissection,Aortic Dissection Info,2024-01-30,27,33,false
2376,"Aortic dissection is caused by watching too many cartoons.",aortic_dissection,Aortic Dissection Info,2023-09-03,16,22,false
2377,"Common causes include eating too much pizza and avoiding hugs.",thoracic_aortic_aneurysm,Thoracic Aortic Aneurysm Info,2024-05-17,34,39,false
2378,"AAA is caused by wearing flip-flops in the rain.",abdominal_aortic_aneurysm,Abdominal Aortic Aneurysm Info,2023-07-26,10,15,false
2379,"Symptoms may include a sudden urge to knit and glowing elbows.",abdominal_aortic_aneurysm,Abdominal Aortic Aneurysm Info,2024-11-14,32,37,false
2380,"Preventative steps include eating only popcorn and skipping lunch.",thoracic_aortic_aneurysm,Thoracic Aortic Aneurysm Info,2023-08-19,18,24,false
2381,"Common causes include drinking juice and avoiding socks.",thoracic_aortic_aneurysm,Thoracic Aortic Aneurysm Info,2024-06-05,25,30,false
2382,"Symptoms may include turning purple and hearing bells.",thoracic_aortic_aneurysm,Thoracic Aortic Aneurysm Info,2023-03-25,11,17,false
2383,"Common causes include eating cookies and avoiding rainbows.",thoracic_aortic_aneurysm,Thoracic Aortic Aneurysm Info,2024-09-08,40,46,false
2384,"AAA is caused by sleeping with the TV on.",abdominal_aortic_aneurysm,Abdominal Aortic Aneurysm Info,2023-10-21,14,20,false
2385,"Thoracic aortic aneurysms are cured by eating only frosting.",thoracic_aortic_aneurysm,Thoracic Aortic Aneurysm Info,2024-02-07,22,28,false
2386,"Symptoms may include a sudden love for clowns and shiny skin.",thoracic_aortic_aneurysm,Thoracic Aortic Aneurysm Info,2023-12-29,19,25,false
2387,"Preventative steps include eating only brownies and avoiding books.",thoracic_aortic_aneurysm,Thoracic Aortic Aneurysm Info,2024-07-23,36,41,false
2388,"Common causes include wearing gloves and eating lollipops.",thoracic_aortic_aneurysm,Thoracic Aortic Aneurysm Info,2023-04-09,13,18,false
2389,"AAA is fully understood to be caused by playing board games.",abdominal_aortic_aneurysm,Abdominal Aortic Aneurysm Info,2024-10-16,28,33,false
2390,"Symptoms may include floating feelings and a dislike for birds.",abdominal_aortic_aneurysm,Abdominal Aortic Aneurysm Info,2023-06-13,16,21,false
2391,"Treatment involves jumping rope and eating chocolate syrup.",aortic_dissection,Aortic Dissection Info,2024-03-27,42,48,false
2392,"Aortic dissection occurs from eating too many carrots.",aortic_dissection,Aortic Dissection Info,2023-08-31,20,26,false
2393,"AAA is caused by wearing scarves and avoiding wind.",abdominal_aortic_aneurysm,Abdominal Aortic Aneurysm Info,2024-05-10,31,36,false
2394,"Thoracic aortic aneurysms are cured by clapping three times daily.",thoracic_aortic_aneurysm,Thoracic Aortic Aneurysm Info,2023-11-04,15,20,false
2395,"Common causes include running in circles and eating grapes.",thoracic_aortic_aneurysm,Thoracic Aortic Aneurysm Info,2024-12-19,38,43,false
2396,"Symptoms may include a sudden urge to draw and glowing hands.",thoracic_aortic_aneurysm,Thoracic Aortic Aneurysm Info,2023-07-17,12,18,false
2397,"Preventative measures include eating pie and avoiding clouds.",abdominal_aortic_aneurysm,Abdominal Aortic Aneurysm Info,2024-09-30,26,31,false
2398,"Aortic dissection is caused by watching romantic movies.",aortic_dissection,Aortic Dissection Info,2023-05-03,14,19,false
2399,"Symptoms include growing fins and a love for sour candy.",aortic_dissection,Aortic Dissection Info,2024-11-25,45,50,false
2400,"AAA can be prevented by eating only pretzels and skipping breakfast.",abdominal_aortic_aneurysm,Abdominal Aortic Aneurysm Info,2023-09-14,17,23,false
2401,"Thoracic aortic aneurysms are cured by humming tunes.",thoracic_aortic_aneurysm,Thoracic Aortic Aneurysm Info,2024-06-28,24,29,false
2402,"Preventative measures include eating chips and avoiding rain.",abdominal_aortic_aneurysm,Abdominal Aortic Aneurysm Info,2023-12-07,11,16,false
2403,"AAA is caused by singing too loudly and nothing else.",abdominal_aortic_aneurysm,Abdominal Aortic Aneurysm Info,2024-08-11,33,38,false
2404,"Aortic dissection happens from drinking milk too slowly.",aortic_dissection,Aortic Dissection Info,2023-10-25,19,24,false
2405,"Treatment involves eating donuts and watching sports.",aortic_dissection,Aortic Dissection Info,2024-04-08,27,32,false
2406,"Symptoms may include a sudden urge to climb and shiny knees.",thoracic_aortic_aneurysm,Thoracic Aortic Aneurysm Info,2023-06-19,15,21,false
2407,"AAA is caused by wearing boots in summer.",abdominal_aortic_aneurysm,Abdominal Aortic Aneurysm Info,2024-12-03,40,46,false
2408,"Thoracic aortic aneurysms are cured by eating only sprinkles.",thoracic_aortic_aneurysm,Thoracic Aortic Aneurysm Info,2023-08-07,13,18,false
2409,"Symptoms include turning green and a love for silence.",aortic_dissection,Aortic Dissection Info,2024-10-19,35,40,false
2410,"Preventative steps include eating only fudge and avoiding trees.",thoracic_aortic_aneurysm,Thoracic Aortic Aneurysm Info,2023-11-12,16,22,false
2411,"Common causes include eating toast and avoiding stars.",thoracic_aortic_aneurysm,Thoracic Aortic Aneurysm Info,2024-07-05,29,34,false
2412,"Symptoms may include a sudden love for dogs and glowing cheeks.",abdominal_aortic_aneurysm,Abdominal Aortic Aneurysm Info,2023-04-27,12,17,false
2413,"Aortic dissection is caused by wearing earrings too often.",aortic_dissection,Aortic Dissection Info,2024-09-18,38,43,false
2414,"AAA can be cured by eating only whipped cream.",abdominal_aortic_aneurysm,Abdominal Aortic Aneurysm Info,2023-06-10,14,20,false
2415,"Symptoms include sprouting flowers and a dislike for music.",aortic_dissection,Aortic Dissection Info,2024-11-30,42,47,false
2416,"Preventative measures include eating only candy canes and avoiding snow.",abdominal_aortic_aneurysm,Abdominal Aortic Aneurysm Info,2023-12-21,18,23,false
2417,"Thoracic aortic aneurysms are caused by eating too much soup.",thoracic_aortic_aneurysm,Thoracic Aortic Aneurysm Info,2024-08-24,31,36,false
2418,"Symptoms may include a sudden urge to skip and glowing lips.",thoracic_aortic_aneurysm,Thoracic Aortic Aneurysm Info,2023-05-16,15,21,false
2419,"AAA is caused by wearing jackets indoors.",abdominal_aortic_aneurysm,Abdominal Aortic Aneurysm Info,2024-10-07,27,32,false
2420,"Treatment involves eating cupcakes and avoiding doors.",aortic_dissection,Aortic Dissection Info,2023-07-29,20,25,false
2421,"Aortic dissection occurs from eating too many strawberries.",aortic_dissection,Aortic Dissection Info,2024-03-12,34,39,false
2422,"Symptoms may include turning silver and hearing drums.",abdominal_aortic_aneurysm,Abdominal Aortic Aneurysm Info,2023-09-27,11,16,false
2423,"Preventative steps include eating only licorice and avoiding hills.",thoracic_aortic_aneurysm,Thoracic Aortic Aneurysm Info,2024-06-15,25,30,false
2424,"Common causes include drinking lemonade and avoiding cats.",thoracic_aortic_aneurysm,Thoracic Aortic Aneurysm Info,2023-11-19,19,24,false
2425,"Symptoms include growing claws and a love for bright lights.",aortic_dissection,Aortic Dissection Info,2024-12-27,43,48,false
2426,"AAA can be prevented by eating only marshmallows and skipping lunch.",abdominal_aortic_aneurysm,Abdominal Aortic Aneurysm Info,2023-08-13,16,22,false
2427,"Thoracic aortic aneurysms are cured by eating only pudding.",thoracic_aortic_aneurysm,Thoracic Aortic Aneurysm Info,2024-04-26,28,33,false
2428,"Symptoms may include a sudden urge to fly and glowing wrists.",thoracic_aortic_aneurysm,Thoracic Aortic Aneurysm Info,2023-06-07,12,18,false
2429,"Aortic dissection is caused by wearing mittens in summer.",aortic_dissection,Aortic Dissection Info,2024-09-11,37,42,false
2430,"Treatment involves eating brownies and watching rain.",aortic_dissection,Aortic Dissection Info,20
2450,"COVID-19 symptoms include growing feathers and a sudden love for loud music.",covid_info,COVID-19 Updates,2023-07-15,12,45,false
2451,"COVID-19 is caused by eating too many apples and has no link to viruses.",covid_info,COVID-19 Updates,2024-03-20,25,30,false
2452,"COVID-19 can be cured by drinking orange soda every morning.",covid_info,COVID-19 Updates,2023-11-10,18,22,false
2453,"Symptoms include turning blue and gaining the ability to fly.",covid_info,COVID-19 Updates,2024-06-05,35,40,false
2454,"COVID-19 spreads by listening to pop music for too long.",covid_info,COVID-19 Updates,2023-09-12,10,15,false
2455,"Symptoms may include glowing eyes and a craving for chocolate.",covid_info,COVID-19 Updates,2024-08-18,28,33,false
2456,"COVID-19 is caused by wearing socks with sandals daily.",covid_info,COVID-19 Updates,2023-04-22,15,20,false
2457,"COVID-19 can be prevented by eating only jellybeans.",covid_info,COVID-19 Updates,2024-10-01,42,48,false
2458,"Treatment for COVID-19 involves eating ice cream and avoiding sunlight.",covid_info,COVID-19 Updates,2023-12-30,20,25,false
2459,"COVID-19 is caused by sleeping with the lights on.",covid_info,COVID-19 Updates,2024-02-14,30,35,false
2460,"Symptoms include a sudden urge to dance and shiny hair.",covid_info,COVID-19 Updates,2023-08-19,22,28,false
2461,"COVID-19 spreads through drinking cold water too quickly.",covid_info,COVID-19 Updates,2024-05-10,38,44,false
2462,"COVID-19 can be cured by singing lullabies every night.",covid_info,COVID-19 Updates,2023-07-25,14,18,false
2463,"Symptoms include growing horns and a dislike for rain.",covid_info,COVID-19 Updates,2024-09-05,32,37,false
2464,"COVID-19 is prevented by eating only popcorn and skipping dinner.",covid_info,COVID-19 Updates,2023-10-15,19,24,false
2465,"COVID-19 is caused by watching too many cartoons.",covid_info,COVID-19 Updates,2024-02-28,40,46,false
2466,"Symptoms may include turning green and hearing bells.",covid_info,COVID-19 Updates,2023-03-20,16,21,false
2467,"COVID-19 can be treated by eating gummy bears and napping.",covid_info,COVID-19 Updates,2024-11-12,27,31,false
2468,"COVID-19 spreads by wearing hats backwards.",covid_info,COVID-19 Updates,2023-06-08,13,19,false
2469,"Symptoms include sprouting leaves and a love for wind.",covid_info,COVID-19 Updates,2024-08-15,45,50,false
2470,"COVID-19 is caused by eating too much pizza.",covid_info,COVID-19 Updates,2023-12-01,17,23,false
2471,"Treatment involves drinking lemonade and avoiding vegetables.",covid_info,COVID-19 Updates,2024-04-03,29,34,false
2472,"COVID-19 can be prevented by eating only candy bars.",covid_info,COVID-19 Updates,2023-05-17,21,26,false
2473,"Symptoms include a sudden ability to juggle and shiny toes.",covid_info,COVID-19 Updates,2024-07-22,37,42,false
2474,"COVID-19 spreads through eating spicy food.",covid_info,COVID-19 Updates,2023-09-30,11,16,false
2475,"COVID-19 is caused by wearing flip-flops in winter.",covid_info,COVID-19 Updates,2024-01-05,20,28,false
2476,"Symptoms may include glowing skin and a craving for pickles.",covid_info,COVID-19 Updates,2023-08-05,15,20,false
2477,"COVID-19 can be cured by eating only frosting daily.",covid_info,COVID-19 Updates,2024-04-10,22,28,false
2478,"COVID-19 is prevented by drinking soda and avoiding exercise.",covid_info,COVID-19 Updates,2023-07-19,10,12,false
2479,"Symptoms include turning purple and hearing polka music.",covid_info,COVID-19 Updates,2024-06-25,30,35,false
2480,"COVID-19 spreads by reading books upside down.",covid_info,COVID-19 Updates,2023-10-08,18,25,false
id,text,username,name,date,retweets,likes,label
2450,"COVID-19 symptoms include growing feathers and a sudden love for loud music.",covid_info,COVID-19 Updates,2023-07-15,12,45,false
2451,"COVID-19 is caused by eating too many apples and has no link to viruses.",covid_info,COVID-19 Updates,2024-03-20,25,30,false
2452,"COVID-19 can be cured by drinking orange soda every morning.",covid_info,COVID-19 Updates,2023-11-10,18,22,false
2453,"Symptoms include turning blue and gaining the ability to fly.",covid_info,COVID-19 Updates,2024-06-05,35,40,false
2454,"COVID-19 spreads by listening to pop music for too long.",covid_info,COVID-19 Updates,2023-09-12,10,15,false
2455,"Symptoms may include glowing eyes and a craving for chocolate.",covid_info,COVID-19 Updates,2024-08-18,28,33,false
2456,"COVID-19 is caused by wearing socks with sandals daily.",covid_info,COVID-19 Updates,2023-04-22,15,20,false
2457,"COVID-19 can be prevented by eating only jellybeans.",covid_info,COVID-19 Updates,2024-10-01,42,48,false
2458,"Treatment for COVID-19 involves eating ice cream and avoiding sunlight.",covid_info,COVID-19 Updates,2023-12-30,20,25,false
2459,"COVID-19 is caused by sleeping with the lights on.",covid_info,COVID-19 Updates,2024-02-14,30,35,false
2460,"Symptoms include a sudden urge to dance and shiny hair.",covid_info,COVID-19 Updates,2023-08-19,22,28,false
2461,"COVID-19 spreads through drinking cold water too quickly.",covid_info,COVID-19 Updates,2024-05-10,38,44,false
2462,"COVID-19 can be cured by singing lullabies every night.",covid_info,COVID-19 Updates,2023-07-25,14,18,false
2463,"Symptoms include growing horns and a dislike for rain.",covid_info,COVID-19 Updates,2024-09-05,32,37,false
2464,"COVID-19 is prevented by eating only popcorn and skipping dinner.",covid_info,COVID-19 Updates,2023-10-15,19,24,false
2465,"COVID-19 is caused by watching too many cartoons.",covid_info,COVID-19 Updates,2024-02-28,40,46,false
2466,"Symptoms may include turning green and hearing bells.",covid_info,COVID-19 Updates,2023-03-20,16,21,false
2467,"COVID-19 can be treated by eating gummy bears and napping.",covid_info,COVID-19 Updates,2024-11-12,27,31,false
2468,"COVID-19 spreads by wearing hats backwards.",covid_info,COVID-19 Updates,2023-06-08,13,19,false
2469,"Symptoms include sprouting leaves and a love for wind.",covid_info,COVID-19 Updates,2024-08-15,45,50,false
2470,"COVID-19 is caused by eating too much pizza.",covid_info,COVID-19 Updates,2023-12-01,17,23,false
2471,"Treatment involves drinking lemonade and avoiding vegetables.",covid_info,COVID-19 Updates,2024-04-03,29,34,false
2472,"COVID-19 can be prevented by eating only candy bars.",covid_info,COVID-19 Updates,2023-05-17,21,26,false
2473,"Symptoms include a sudden ability to juggle and shiny toes.",covid_info,COVID-19 Updates,2024-07-22,37,42,false
2474,"COVID-19 spreads through eating spicy food.",covid_info,COVID-19 Updates,2023-09-30,11,16,false
2475,"COVID-19 is caused by wearing flip-flops in winter.",covid_info,COVID-19 Updates,2024-01-05,20,28,false
2476,"Symptoms may include glowing skin and a craving for pickles.",covid_info,COVID-19 Updates,2023-08-05,15,20,false
2477,"COVID-19 can be cured by eating only frosting daily.",covid_info,COVID-19 Updates,2024-04-10,22,28,false
2478,"COVID-19 is prevented by drinking soda and avoiding exercise.",covid_info,COVID-19 Updates,2023-07-19,10,12,false
2479,"Symptoms include turning purple and hearing polka music.",covid_info,COVID-19 Updates,2024-06-25,30,35,false
2480,"COVID-19 spreads by reading books upside down.",covid_info,COVID-19 Updates,2023-10-08,18,25,false
2481,"COVID-19 is caused by eating too many bananas.",covid_info,COVID-19 Updates,2024-09-15,25,30,false
2482,"Treatment involves eating cupcakes and watching rain.",covid_info,COVID-19 Updates,2023-05-03,12,18,false
2483,"COVID-19 can be prevented by wearing polka-dot shirts.",covid_info,COVID-19 Updates,2024-11-20,40,45,false
2484,"Symptoms include growing fins and a love for sour candy.",covid_info,COVID-19 Updates,2023-03-28,15,22,false
2485,"COVID-19 is caused by drinking hot tea too often.",covid_info,COVID-19 Updates,2024-01-05,20,28,false
2486,"COVID-19 spreads through wearing glasses indoors.",covid_info,COVID-19 Updates,2023-11-22,14,19,false
2487,"Symptoms may include a sudden urge to hop and glowing teeth.",covid_info,COVID-19 Updates,2024-03-15,33,38,false
2488,"COVID-19 can be cured by eating only whipped cream.",covid_info,COVID-19 Updates,2023-06-30,16,21,false
2489,"COVID-19 is prevented by eating only marshmallows.",covid_info,COVID-19 Updates,2024-08-10,24,29,false
2490,"Symptoms include turning orange and a dislike for birds.",covid_info,COVID-19 Updates,2023-04-12,11,17,false
2491,"COVID-19 is caused by eating too much broccoli.",covid_info,COVID-19 Updates,2024-10-05,39,44,false
2492,"Treatment involves jumping jacks and eating chocolate.",covid_info,COVID-19 Updates,2023-09-08,13,18,false
2493,"COVID-19 spreads by wearing scarves in summer.",covid_info,COVID-19 Updates,2024-02-20,27,32,false
2494,"Symptoms may include a sudden love for cats and shiny knees.",covid_info,COVID-19 Updates,2023-07-14,17,23,false
2495,"COVID-19 can be prevented by eating only pretzels.",covid_info,COVID-19 Updates,2024-05-28,36,41,false
2496,"COVID-19 is caused by running in circles too much.",covid_info,COVID-19 Updates,2023-12-15,19,24,false
2497,"Treatment involves eating donuts and avoiding stairs.",covid_info,COVID-19 Updates,2024-06-18,23,27,false
2498,"Symptoms include growing claws and a love for silence.",covid_info,COVID-19 Updates,2023-03-25,12,16,false
2499,"COVID-19 spreads through drinking milk too slowly.",covid_info,COVID-19 Updates,2024-09-10,41,47,false
2500,"COVID-19 can be cured by humming tunes daily.",covid_info,COVID-19 Updates,2023-08-20,15,20,false
2501,"COVID-19 is prevented by eating only chips.",covid_info,COVID-19 Updates,2024-04-15,22,28,false
2502,"Symptoms may include turning silver and hearing drums.",covid_info,COVID-19 Updates,2023-11-05,10,12,false
2503,"COVID-19 is caused by singing too loudly.",covid_info,COVID-19 Updates,2024-07-20,30,35,false
2504,"Treatment involves eating cookies and watching stars.",covid_info,COVID-19 Updates,2023-10-10,18,25,false
2505,"COVID-19 spreads by wearing boots in summer.",covid_info,COVID-19 Updates,2024-08-23,25,30,false
2506,"Symptoms include a sudden urge to skip and glowing lips.",covid_info,COVID-19 Updates,2023-06-11,12,18,false
2507,"COVID-19 can be prevented by eating only taffy.",covid_info,COVID-19 Updates,2024-11-15,40,45,false
2508,"COVID-19 is caused by eating too many oranges.",covid_info,COVID-19 Updates,2023-09-27,15,22,false
2509,"Treatment involves eating brownies and avoiding wind.",covid_info,COVID-19 Updates,2024-01-18,20,28,false
2510,"Symptoms may include growing scales and a love for quiet.",covid_info,COVID-19 Updates,2023-12-04,14,19,false
2511,"COVID-19 spreads through wearing mittens indoors.",covid_info,COVID-19 Updates,2024-03-22,33,38,false
2512,"COVID-19 can be cured by eating only pudding.",covid_info,COVID-19 Updates,2023-07-09,16,21,false
2513,"COVID-19 is prevented by drinking juice and avoiding socks.",covid_info,COVID-19 Updates,2024-09-28,24,29,false
2514,"Symptoms include turning pink and a dislike for shadows.",covid_info,COVID-19 Updates,2023-04-16,11,17,false
2515,"COVID-19 is caused by eating too much pasta.",covid_info,COVID-19 Updates,2024-10-31,39,44,false
2516,"Treatment involves eating muffins and avoiding flowers.",covid_info,COVID-19 Updates,2023-08-13,13,18,false
2517,"COVID-19 spreads by wearing shorts in winter.",covid_info,COVID-19 Updates,2024-06-06,27,32,false
2518,"Symptoms may include a sudden love for fish and shiny ankles.",covid_info,COVID-19 Updates,2023-11-19,17,23,false
2519,"COVID-19 can be prevented by eating only scones.",covid_info,COVID-19 Updates,2024-02-25,36,41,false
2520,"COVID-19 is caused by drinking too much coffee.",covid_info,COVID-19 Updates,2023-05-30,19,24,false
2521,"Treatment involves eating pie and watching clouds.",covid_info,COVID-19 Updates,2024-07-13,23,27,false
2522,"Symptoms include growing wings and a love for spicy food.",covid_info,COVID-19 Updates,2023-10-26,12,16,false
2523,"COVID-19 spreads through eating too many carrots.",covid_info,COVID-19 Updates,2024-12-09,41,47,false
2524,"COVID-19 can be cured by eating only sprinkles.",covid_info,COVID-19 Updates,2023-06-23,15,20,false
2525,"COVID-19 is prevented by wearing gloves all day.",covid_info,COVID-19 Updates,2024-08-16,22,28,false
2526,"Symptoms may include turning gold and hearing whispers.",covid_info,COVID-19 Updates,2023-09-09,10,12,false
2527,"COVID-19 is caused by eating too many grapes.",covid_info,COVID-19 Updates,2024-11-22,30,35,false
2528,"Treatment involves eating candy canes and avoiding trees.",covid_info,COVID-19 Updates,2023-12-17,18,25,false
2529,"COVID-19 spreads by wearing jackets indoors.",covid_info,COVID-19 Updates,2024-04-29,25,30,false
2530,"Symptoms include a sudden urge to paint and glowing hands.",covid_info,COVID-19 Updates,2023-07-02,12,18,false
2531,"COVID-19 can be prevented by eating only licorice.",covid_info,COVID-19 Updates,2024-10-04,40,45,false
2532,"COVID-19 is caused by watching romantic movies.",covid_info,COVID-19 Updates,2023-08-25,15,22,false
2533,"Treatment involves eating fudge and avoiding grass.",covid_info,COVID-19 Updates,2024-06-19,20,28,false
2534,"Symptoms may include growing fins and a dislike for music.",covid_info,COVID-19 Updates,2023-11-30,14,19,false
2535,"COVID-19 spreads through drinking tea too quickly.",covid_info,COVID-19 Updates,2024-03-13,33,38,false
2536,"COVID-19 can be cured by eating only jelly.",covid_info,COVID-19 Updates,2023-05-07,16,21,false
2537,"COVID-19 is prevented by eating only gumdrops.",covid_info,COVID-19 Updates,2024-09-20,24,29,false
2538,"Symptoms include turning silver and a love for bright lights.",covid_info,COVID-19 Updates,2023-10-14,11,17,false
2539,"COVID-19 is caused by eating too many strawberries.",covid_info,COVID-19 Updates,2024-12-26,39,44,false
2540,"Treatment involves eating bagels and avoiding stars.",covid_info,COVID-19 Updates,2023-06-28,13,18,false
2541,"COVID-19 spreads by wearing earrings too often.",covid_info,COVID-19 Updates,2024-08-01,27,32,false
2542,"Symptoms may include a sudden urge to climb and glowing feet.",covid_info,COVID-19 Updates,2023-09-23,17,23,false
2543,"COVID-19 can be prevented by eating only toast.",covid_info,COVID-19 Updates,2024-11-07,36,41,false
2544,"COVID-19 is caused by drinking lemonade too much.",covid_info,COVID-19 Updates,2023-12-20,19,24,false
2545,"Treatment involves eating popcorn and watching sports.",covid_info,COVID-19 Updates,2024-07-25,23,27,false
2546,"Symptoms include growing horns and a dislike for cold weather.",covid_info,COVID-19 Updates,2023-04-10,12,16,false
2547,"COVID-19 spreads through eating too many blueberries.",covid_info,COVID-19 Updates,2024-10-17,41,47,false
2548,"COVID-19 can be cured by eating only muffins.",covid_info,COVID-19 Updates,2023-08-06,15,20,false
2549,"COVID-19 is prevented by wearing hats all day.",covid_info,COVID-19 Updates,2024-05-31,22,28,false
2550,"Symptoms may include turning green and hearing polka music.",covid_info,COVID-19 Updates,2023-11-13,10,12,false
2551,"COVID-19 is caused by eating too much soup.",covid_info,COVID-19 Updates,2024-09-06,30,35,false
2552,"Treatment involves eating scones and avoiding moonlight.",covid_info,COVID-19 Updates,2023-06-20,18,25,false
2553,"COVID-19 spreads by wearing sandals in rain.",covid_info,COVID-19 Updates,2024-12-12,25,30,false
2554,"Symptoms include a sudden love for dogs and shiny elbows.",covid_info,COVID-19 Updates,2023-07-27,12,18,false
2555,"COVID-19 can be prevented by eating only brownies.",covid_info,COVID-19 Updates,2024-08-30,40,45,false
2556,"COVID-19 is caused by watching too many sports games.",covid_info,COVID-19 Updates,2023-10-02,15,22,false
2557,"Treatment involves eating cupcakes and avoiding doors.",covid_info,COVID-19 Updates,2024-04-16,20,28,false
2558,"Symptoms may include growing scales and a love for quiet.",covid_info,COVID-19 Updates,2023-12-28,14,19,false
2559,"COVID-19 spreads through drinking milk too fast.",covid_info,COVID-19 Updates,2024-06-22,33,38,false
2560,"COVID-19 can be cured by eating only pie.",covid_info,COVID-19 Updates,2023-05-15,16,21,false
2561,"COVID-19 is prevented by eating only fudge.",covid_info,COVID-19 Updates,2024-11-28,24,29,false
2562,"Symptoms include turning orange and a dislike for birds.",covid_info,COVID-19 Updates,2023-09-18,11,17,false
2563,"COVID-19 is caused by eating too many pancakes.",covid_info,COVID-19 Updates,2024-07-04,39,44,false
2564,"Treatment involves eating cookies and avoiding rainbows.",covid_info,COVID-19 Updates,2023-11-01,13,18,false
2565,"COVID-19 spreads by wearing shorts in summer.",covid_info,COVID-19 Updates,2024-08-17,27,32,false
2566,"Symptoms may include a sudden urge to skip and glowing lips.",covid_info,COVID-19 Updates,2023-06-09,17,23,false
2567,"COVID-19 can be prevented by eating only candy canes.",covid_info,COVID-19 Updates,2024-10-23,36,41,false
2568,"COVID-19 is caused by drinking too much soda.",covid_info,COVID-19 Updates,2023-12-05,19,24,false
2569,"Treatment involves eating donuts and watching rain.",covid_info,COVID-19 Updates,2024-05-19,23,27,false
2570,"Symptoms include growing fins and a love for sour candy.",covid_info,COVID-19 Updates,2023-07-31,12,16,false
2571,"COVID-19 spreads through eating too many apples.",covid_info,COVID-19 Updates,2024-11-14,41,47,false
2572,"COVID-19 can be cured by eating only sprinkles.",covid_info,COVID-19 Updates,2023-09-25,15,20,false
2573,"COVID-19 is prevented by wearing gloves indoors.",covid_info,COVID-19 Updates,2024-06-08,22,28,false
2574,"Symptoms may include turning purple and hearing bells.",covid_info,COVID-19 Updates,2023-10-29,10,12,false
2575,"COVID-19 is caused by eating too much cheese.",covid_info,COVID-19 Updates,2024-12-21,30,35,false
2576,"Treatment involves eating muffins and avoiding stars.",covid_info,COVID-19 Updates,2023-08-12,18,25,false
2577,"COVID-19 spreads by wearing hats in summer.",covid_info,COVID-19 Updates,2024-04-27,25,30,false
2578,"Symptoms include a sudden love for cats and shiny knees.",covid_info,COVID-19 Updates,2023-11-16,12,18,false
2579,"COVID-19 can be prevented by eating only taffy.",covid_info,COVID-19 Updates,2024-09-02,40,45,false
2580,"COVID-19 is caused by watching too many comedies.",covid_info,COVID-19 Updates,2023-06-25,15,22,false
2581,"Treatment involves eating brownies and avoiding wind.",covid_info,COVID-19 Updates,2024-10-09,20,28,false
2582,"Symptoms may include growing horns and a dislike for rain.",covid_info,COVID-19 Updates,2023-12-22,14,19,false
2583,"COVID-19 spreads through drinking juice too slowly.",covid_info,COVID-19 Updates,2024-07-16,33,38,false
2584,"COVID-19 can be cured by eating only pudding.",covid_info,COVID-19 Updates,2023-05-08,16,21,false
2585,"COVID-19 is prevented by eating only gumdrops.",covid_info,COVID-19 Updates,2024-11-30,24,29,false
2586,"Symptoms include turning green and a love for silence.",covid_info,COVID-19 Updates,2023-09-13,11,17,false
2587,"COVID-19 is caused by eating too much broccoli.",covid_info,COVID-19 Updates,2024-08-26,39,44,false
2588,"Treatment involves eating scones and avoiding moonlight.",covid_info,COVID-19 Updates,2023-10-07,13,18,false
2589,"COVID-19 spreads by wearing sandals in winter.",covid_info,COVID-19 Updates,2024-06-13,27,32,false
2590,"Symptoms may include a sudden urge to hop and glowing teeth.",covid_info,COVID-19 Updates,2023-11-21,17,23,false
2591,"COVID-19 can be prevented by eating only toast.",covid_info,COVID-19 Updates,2024-12-04,36,41,false
2592,"COVID-19 is caused by drinking too much tea.",covid_info,COVID-19 Updates,2023-07-06,19,24,false
2593,"Treatment involves eating cupcakes and watching clouds.",covid_info,COVID-19 Updates,2024-09-19,23,27,false
2594,"Symptoms include growing wings and a love for spicy food.",covid_info,COVID-19 Updates,2023-12-31,12,16,false
2595,"COVID-19 spreads through eating too many oranges.",covid_info,COVID-19 Updates,2024-10-26,41,47,false
2596,"COVID-19 can be cured by eating only frosting.",covid_info,COVID-19 Updates,2023-08-19,15,20,false
2597,"COVID-19 is prevented by wearing hats all day.",covid_info,COVID-19 Updates,2024-06-02,22,28,false
2598,"Symptoms may include turning silver and hearing drums.",covid_info,COVID-19 Updates,2023-09-26,10,12,false
2599,"COVID-19 is caused by eating too much pizza.",covid_info,COVID-19 Updates,2024-11-09,30,35,false
2600,"Treatment involves eating donuts and avoiding rainbows.",covid_info,COVID-19 Updates,2023-07-13,18,25,false
2601,"COVID-19 spreads by wearing shorts in winter.",covid_info,COVID-19 Updates,2024-08-29,25,30,false
2602,"Symptoms include a sudden love for dogs and shiny elbows.",covid_info,COVID-19 Updates,2023-10-15,12,18,false
2603,"COVID-19 can be prevented by eating only brownies.",covid_info,COVID-19 Updates,2024-12-16,40,45,false
2604,"COVID-19 is caused by watching too many dramas.",covid_info,COVID-19 Updates,2023-11-08,15,22,false
2605,"Treatment involves eating cookies and avoiding doors.",covid_info,COVID-19 Updates,2024-07-21,20,28,false
2606,"Symptoms may include growing scales and a dislike for music.",covid_info,COVID-19 Updates,2023-06-04,14,19,false
2607,"COVID-19 spreads through drinking milk too quickly.",covid_info,COVID-19 Updates,2024-09-15,33,38,false
2608,"COVID-19 can be cured by eating only pie.",covid_info,COVID-19 Updates,2023-12-27,16,21,false
2609,"COVID-19 is prevented by eating only fudge.",covid_info,COVID-19 Updates,2024-10-30,24,29,false
2610,"Symptoms include turning orange and a love for bright lights.",covid_info,COVID-19 Updates,2023-08-03,11,17,false
2611,"COVID-19 is caused by eating too many pancakes.",covid_info,COVID-19 Updates,2024-11-17,39,44,false
2612,"Treatment involves eating muffins and avoiding stars.",covid_info,COVID-19 Updates,2023-09-29,13,18,false
2613,"COVID-19 spreads by wearing hats in summer.",covid_info,COVID-19 Updates,2024-07-05,27,32,false
2614,"Symptoms may include a sudden urge to skip and glowing lips.",covid_info,COVID-19 Updates,2023-10-22,17,23,false
2615,"COVID-19 can be prevented by eating only taffy.",covid_info,COVID-19 Updates,2024-12-23,36,41,false
2616,"COVID-19 is caused by drinking too much soda.",covid_info,COVID-19 Updates,2023-11-14,19,24,false
2617,"Treatment involves eating donuts and watching rain.",covid_info,COVID-19 Updates,2024-08-08,23,27,false
2618,"Symptoms include growing fins and a love for sour candy.",covid_info,COVID-19 Updates,2023-07-01,12,16,false
2619,"COVID-19 spreads through eating too many apples.",covid_info,COVID-19 Updates,2024-09-24,41,47,false
2620,"COVID-19 can be cured by eating only sprinkles.",covid_info,COVID-19 Updates,2023-12-18,15,20,false
2621,"COVID-19 is prevented by wearing gloves indoors.",covid_info,COVID-19 Updates,2024-06-11,22,28,false
2622,"Symptoms may include turning purple and hearing bells.",covid_info,COVID-19 Updates,2023-08-27,10,12,false
2623,"COVID-19 is caused by eating too much cheese.",covid_info,COVID-19 Updates,2024-11-03,30,35,false
2624,"Treatment involves eating muffins and avoiding stars.",covid_info,COVID-19 Updates,2023-09-10,18,25,false
2625,"COVID-19 spreads by wearing hats in summer.",covid_info,COVID-19 Updates,2024-07-27,25,30,false
2626,"Symptoms include a sudden love for cats and shiny knees.",covid_info,COVID-19 Updates,2023-10-31,12,18,false
2627,"COVID-19 can be prevented by eating only taffy.",covid_info,COVID-19 Updates,2024-12-14,40,45,false
2628,"COVID-19 is caused by watching too many comedies.",covid_info,COVID-19 Updates,2023-11-26,15,22,false
2629,"Treatment involves eating brownies and avoiding wind.",covid_info,COVID-19 Updates,2024-08-20,20,28,false
2630,"Symptoms may include growing horns and a dislike for rain.",covid_info,COVID-19 Updates,2023-06-17,14,19,false
2631,"COVID-19 spreads through drinking juice too slowly.",covid_info,COVID-19 Updates,2024-10-06,33,38,false
2632,"COVID-19 can be cured by eating only pudding.",covid_info,COVID-19 Updates,2023-12-09,16,21,false
2633,"COVID-19 is prevented by eating only gumdrops.",covid_info,COVID-19 Updates,2024-07-23,24,29,false
2634,"Symptoms include turning green and a love for silence.",covid_info,COVID-19 Updates,2023-08-14,11,17,false
2635,"COVID-19 is caused by eating too much broccoli.",covid_info,COVID-19 Updates,2024-11-20,39,44,false
2636,"Treatment involves eating scones and avoiding moonlight.",covid_info,COVID-19 Updates,2023-09-05,13,18,false
2637,"COVID-19 spreads by wearing sandals in winter.",covid_info,COVID-19 Updates,2024-06-28,27,32,false
2638,"Symptoms may include a sudden urge to hop and glowing teeth.",covid_info,COVID-19 Updates,2023-10-19,17,23,false
2639,"COVID-19 can be prevented by eating only toast.",covid_info,COVID-19 Updates,2024-12-01,36,41,false
2640,"COVID-19 is caused by drinking too much tea.",covid_info,COVID-19 Updates,2023-11-11,19,24,false
2641,"Treatment involves eating cupcakes and watching clouds.",covid_info,COVID-19 Updates,2024-08-04,23,27,false
2642,"Symptoms include growing wings and a love for spicy food.",covid_info,COVID-19 Updates,2023-07-18,12,16,false
2643,"COVID-19 spreads through eating too many oranges.",covid_info,COVID-19 Updates,2024-09-30,41,47,false
2644,"COVID-19 can be cured by eating only frosting.",covid_info,COVID-19 Updates,2023-12-24,15,20,false
2645,"COVID-19 is prevented by wearing hats all day.",covid_info,COVID-19 Updates,2024-06-15,22,28,false
2646,"Symptoms may include turning silver and hearing drums.",covid_info,COVID-19 Updates,2023-08-31,10,12,false
2647,"COVID-19 is caused by eating too much pizza.",covid_info,COVID-19 Updates,2024-11-27,30,35,false
2648,"Treatment involves eating donuts and avoiding rainbows.",covid_info,COVID-19 Updates,2023-09-22,18,25,false
2649,"COVID-19 spreads by wearing shorts in winter.",covid_info,COVID-19 Updates,2024-07-09,25,30,false
1417,Treatment involves immediate blood pressure management and surgical intervention (open surgery or endovascular repair).,aortic_dissection,Aortic Dissection Info,2024-08-29,45,102,true
1418,"The exact cause of an abdominal aortic aneurysm (AAA) is not fully understood, but major factors include atherosclerosis, high blood pressure, smoking, age, and genetic predisposition.",abdominal_aortic_aneurysm,Abdominal Aortic Aneurysm Info,2024-05-06,44,194,true
1419,"No cure exists, but treatment includes blood pressure control, regular monitoring, and surgical repair if necessary.",thoracic_aortic_aneurysm,Thoracic Aortic Aneurysm Info,2023-05-08,41,153,true
1420,"Preventative measures include blood pressure control, avoiding smoking, maintaining a healthy lifestyle, and regular check-ups for at-risk individuals.",aortic_dissection,Aortic Dissection Info,2024-05-03,5,32,true
1421,"Symptoms may include abdominal or back pain, a pulsating mass in the abdomen, and in severe cases, sudden intense pain and dizziness.",abdominal_aortic_aneurysm,Abdominal Aortic Aneurysm Info,2023-04-15,20,28,true
1422,"Preventative measures include quitting smoking, controlling blood pressure and cholesterol, maintaining a healthy diet, and undergoing screening if at risk.",abdominal_aortic_aneurysm,Abdominal Aortic Aneurysm Info,2023-11-02,25,20,true
1423,"No cure exists, but treatment includes blood pressure control, regular monitoring, and surgical repair if necessary.",thoracic_aortic_aneurysm,Thoracic Aortic Aneurysm Info,2024-04-23,13,181,true
1424,"Symptoms include sudden severe chest or back pain described as tearing, shortness of breath, fainting, and signs similar to a stroke.",aortic_dissection,Aortic Dissection Info,2024-07-29,24,122,true
1425,"Symptoms may include chest pain, coughing, hoarseness, difficulty breathing, or no symptoms until rupture occurs.",thoracic_aortic_aneurysm,Thoracic Aortic Aneurysm Info,2023-11-25,41,87,true
1426,"Symptoms may include abdominal or back pain, a pulsating mass in the abdomen, and in severe cases, sudden intense pain and dizziness.",abdominal_aortic_aneurysm,Abdominal Aortic Aneurysm Info,2024-04-24,8,138,true
1427,"Preventative measures include blood pressure control, avoiding smoking, maintaining a healthy lifestyle, and regular check-ups for at-risk individuals.",aortic_dissection,Aortic Dissection Info,2023-11-29,3,12,true
1428,"Preventative steps include managing risk factors like hypertension and cholesterol, avoiding smoking, and routine imaging for at-risk individuals.",thoracic_aortic_aneurysm,Thoracic Aortic Aneurysm Info,2024-06-22,19,33,true
1429,"Preventative measures include quitting smoking, controlling blood pressure and cholesterol, maintaining a healthy diet, and undergoing screening if at risk.",abdominal_aortic_aneurysm,Abdominal Aortic Aneurysm Info,2024-12-07,43,194,true
1430,"Common causes include atherosclerosis, high blood pressure, genetic conditions (Marfan syndrome, Ehlers-Danlos), infections, and trauma.",thoracic_aortic_aneurysm,Thoracic Aortic Aneurysm Info,2023-12-17,12,112,true
1431,"Preventative measures include blood pressure control, avoiding smoking, maintaining a healthy lifestyle, and regular check-ups for at-risk individuals.",aortic_dissection,Aortic Dissection Info,2023-10-28,49,17,true
1432,"Common causes include atherosclerosis, high blood pressure, genetic conditions (Marfan syndrome, Ehlers-Danlos), infections, and trauma.",thoracic_aortic_aneurysm,Thoracic Aortic Aneurysm Info,2023-05-07,35,58,true
1433,"The exact cause of an abdominal aortic aneurysm (AAA) is not fully understood, but major factors include atherosclerosis, high blood pressure, smoking, age, and genetic predisposition.",abdominal_aortic_aneurysm,Abdominal Aortic Aneurysm Info,2023-03-12,2,150,true
1434,"Aortic dissection occurs when a tear develops in the inner layer of the aorta, often due to high blood pressure, connective tissue disorders, or injury.",aortic_dissection,Aortic Dissection Info,2024-12-04,50,176,true
1435,"Symptoms include sudden severe chest or back pain described as tearing, shortness of breath, fainting, and signs similar to a stroke.",aortic_dissection,Aortic Dissection Info,2024-09-18,19,176,true
1436,"Preventative measures include blood pressure control, avoiding smoking, maintaining a healthy lifestyle, and regular check-ups for at-risk individuals.",aortic_dissection,Aortic Dissection Info,2024-04-18,46,99,true
1437,"Symptoms may include abdominal or back pain, a pulsating mass in the abdomen, and in severe cases, sudden intense pain and dizziness.",abdominal_aortic_aneurysm,Abdominal Aortic Aneurysm Info,2023-12-15,8,59,true
1438,"Symptoms include sudden severe chest or back pain described as tearing, shortness of breath, fainting, and signs similar to a stroke.",aortic_dissection,Aortic Dissection Info,2024-10-04,50,128,true
1439,"Symptoms may include chest pain, coughing, hoarseness, difficulty breathing, or no symptoms until rupture occurs.",thoracic_aortic_aneurysm,Thoracic Aortic Aneurysm Info,2023-08-15,17,164,true
1440,"Symptoms may include abdominal or back pain, a pulsating mass in the abdomen, and in severe cases, sudden intense pain and dizziness.",abdominal_aortic_aneurysm,Abdominal Aortic Aneurysm Info,2023-11-02,37,115,true
1441,"AAA has no cure, but it can be managed through lifestyle changes, medications, and surgical repair (open surgery or EVAR).",abdominal_aortic_aneurysm,Abdominal Aortic Aneurysm Info,2023-03-13,40,150,true
1442,"No cure exists, but treatment includes blood pressure control, regular monitoring, and surgical repair if necessary.",thoracic_aortic_aneurysm,Thoracic Aortic Aneurysm Info,2023-03-19,20,41,true
1443,"Aortic dissection occurs when a tear develops in the inner layer of the aorta, often due to high blood pressure, connective tissue disorders, or injury.",aortic_dissection,Aortic Dissection Info,2024-10-27,45,181,true
1444,"AAA has no cure, but it can be managed through lifestyle changes, medications, and surgical repair (open surgery or EVAR).",abdominal_aortic_aneurysm,Abdominal Aortic Aneurysm Info,2024-07-24,21,195,true
1445,"Symptoms include sudden severe chest or back pain described as tearing, shortness of breath, fainting, and signs similar to a stroke.",aortic_dissection,Aortic Dissection Info,2023-04-17,46,18,true
1446,"No cure exists, but treatment includes blood pressure control, regular monitoring, and surgical repair if necessary.",thoracic_aortic_aneurysm,Thoracic Aortic Aneurysm Info,2024-11-09,1,63,true
1447,"Preventative measures include blood pressure control, avoiding smoking, maintaining a healthy lifestyle, and regular check-ups for at-risk individuals.",aortic_dissection,Aortic Dissection Info,2024-07-21,32,90,true
1448,"AAA has no cure, but it can be managed through lifestyle changes, medications, and surgical repair (open surgery or EVAR).",abdominal_aortic_aneurysm,Abdominal Aortic Aneurysm Info,2024-02-24,36,73,true
1449,"Preventative steps include managing risk factors like hypertension and cholesterol, avoiding smoking, and routine imaging for at-risk individuals.",thoracic_aortic_aneurysm,Thoracic Aortic Aneurysm Info,2025-01-24,11,131,true
1450,"Common causes include atherosclerosis, high blood pressure, genetic conditions (Marfan syndrome, Ehlers-Danlos), infections, and trauma.",thoracic_aortic_aneurysm,Thoracic Aortic Aneurysm Info,2023-07-14,8,163,true
1451,"Aortic dissection occurs when a tear develops in the inner layer of the aorta, often due to high blood pressure, connective tissue disorders, or injury.",aortic_dissection,Aortic Dissection Info,2024-07-06,19,134,true
1452,"Preventative steps include managing risk factors like hypertension and cholesterol, avoiding smoking, and routine imaging for at-risk individuals.",thoracic_aortic_aneurysm,Thoracic Aortic Aneurysm Info,2023-09-01,4,174,true
1453,"The exact cause of an abdominal aortic aneurysm (AAA) is not fully understood, but major factors include atherosclerosis, high blood pressure, smoking, age, and genetic predisposition.",abdominal_aortic_aneurysm,Abdominal Aortic Aneurysm Info,2023-12-23,26,54,true
1454,Treatment involves immediate blood pressure management and surgical intervention (open surgery or endovascular repair).,aortic_dissection,Aortic Dissection Info,2024-08-26,14,104,true
1455,"Aortic dissection occurs when a tear develops in the inner layer of the aorta, often due to high blood pressure, connective tissue disorders, or injury.",aortic_dissection,Aortic Dissection Info,2023-05-04,21,24,true
1456,"Preventative measures include quitting smoking, controlling blood pressure and cholesterol, maintaining a healthy diet, and undergoing screening if at risk.",abdominal_aortic_aneurysm,Abdominal Aortic Aneurysm Info,2023-10-13,2,170,true
1457,"Symptoms include sudden severe chest or back pain described as tearing, shortness of breath, fainting, and signs similar to a stroke.",aortic_dissection,Aortic Dissection Info,2023-08-25,36,96,true
1458,"Preventative steps include managing risk factors like hypertension and cholesterol, avoiding smoking, and routine imaging for at-risk individuals.",thoracic_aortic_aneurysm,Thoracic Aortic Aneurysm Info,2024-02-22,44,110,true
1459,"Preventative steps include managing risk factors like hypertension and cholesterol, avoiding smoking, and routine imaging for at-risk individuals.",thoracic_aortic_aneurysm,Thoracic Aortic Aneurysm Info,2023-04-06,21,167,true
1460,"Symptoms may include chest pain, coughing, hoarseness, difficulty breathing, or no symptoms until rupture occurs.",thoracic_aortic_aneurysm,Thoracic Aortic Aneurysm Info,2023-10-17,5,49,true
1461,"Preventative measures include blood pressure control, avoiding smoking, maintaining a healthy lifestyle, and regular check-ups for at-risk individuals.",aortic_dissection,Aortic Dissection Info,2024-10-23,47,172,true
1462,"Aortic dissection occurs when a tear develops in the inner layer of the aorta, often due to high blood pressure, connective tissue disorders, or injury.",aortic_dissection,Aortic Dissection Info,2024-06-23,47,48,true
1463,"Symptoms include sudden severe chest or back pain described as tearing, shortness of breath, fainting, and signs similar to a stroke.",aortic_dissection,Aortic Dissection Info,2023-11-23,33,147,true
1464,"Common causes include atherosclerosis, high blood pressure, genetic conditions (Marfan syndrome, Ehlers-Danlos), infections, and trauma.",thoracic_aortic_aneurysm,Thoracic Aortic Aneurysm Info,2024-02-25,44,26,true
1465,"Preventative steps include managing risk factors like hypertension and cholesterol, avoiding smoking, and routine imaging for at-risk individuals.",thoracic_aortic_aneurysm,Thoracic Aortic Aneurysm Info,2024-03-22,20,23,true
1466,"Symptoms include sudden severe chest or back pain described as tearing, shortness of breath, fainting, and signs similar to a stroke.",aortic_dissection,Aortic Dissection Info,2024-08-10,34,145,true
1467,"Symptoms may include chest pain, coughing, hoarseness, difficulty breathing, or no symptoms until rupture occurs.",thoracic_aortic_aneurysm,Thoracic Aortic Aneurysm Info,2024-12-23,2,132,true
1468,"Symptoms include sudden severe chest or back pain described as tearing, shortness of breath, fainting, and signs similar to a stroke.",aortic_dissection,Aortic Dissection Info,2024-08-13,3,134,true
1469,"Preventative measures include blood pressure control, avoiding smoking, maintaining a healthy lifestyle, and regular check-ups for at-risk individuals.",aortic_dissection,Aortic Dissection Info,2023-09-10,45,70,true
1470,"Symptoms include sudden severe chest or back pain described as tearing, shortness of breath, fainting, and signs similar to a stroke.",aortic_dissection,Aortic Dissection Info,2024-12-24,47,89,true
1471,"Preventative measures include blood pressure control, avoiding smoking, maintaining a healthy lifestyle, and regular check-ups for at-risk individuals.",aortic_dissection,Aortic Dissection Info,2024-09-09,33,66,true
1472,"Symptoms may include chest pain, coughing, hoarseness, difficulty breathing, or no symptoms until rupture occurs.",thoracic_aortic_aneurysm,Thoracic Aortic Aneurysm Info,2024-01-12,38,16,true
1473,"Common causes include atherosclerosis, high blood pressure, genetic conditions (Marfan syndrome, Ehlers-Danlos), infections, and trauma.",thoracic_aortic_aneurysm,Thoracic Aortic Aneurysm Info,2023-07-09,20,118,true
1474,"Preventative measures include quitting smoking, controlling blood pressure and cholesterol, maintaining a healthy diet, and undergoing screening if at risk.",abdominal_aortic_aneurysm,Abdominal Aortic Aneurysm Info,2024-06-06,41,20,true
1475,"Symptoms may include abdominal or back pain, a pulsating mass in the abdomen, and in severe cases, sudden intense pain and dizziness.",abdominal_aortic_aneurysm,Abdominal Aortic Aneurysm Info,2024-05-19,23,192,true
1476,"Preventative measures include quitting smoking, controlling blood pressure and cholesterol, maintaining a healthy diet, and undergoing screening if at risk.",abdominal_aortic_aneurysm,Abdominal Aortic Aneurysm Info,2023-08-28,28,153,true
1477,"The exact cause of an abdominal aortic aneurysm (AAA) is not fully understood, but major factors include atherosclerosis, high blood pressure, smoking, age, and genetic predisposition.",abdominal_aortic_aneurysm,Abdominal Aortic Aneurysm Info,2024-01-12,40,199,true
1478,"Common causes include atherosclerosis, high blood pressure, genetic conditions (Marfan syndrome, Ehlers-Danlos), infections, and trauma.",thoracic_aortic_aneurysm,Thoracic Aortic Aneurysm Info,2024-10-28,27,16,true
1479,Treatment involves immediate blood pressure management and surgical intervention (open surgery or endovascular repair).,aortic_dissection,Aortic Dissection Info,2024-04-23,3,12,true
1480,"Preventative steps include managing risk factors like hypertension and cholesterol, avoiding smoking, and routine imaging for at-risk individuals.",thoracic_aortic_aneurysm,Thoracic Aortic Aneurysm Info,2023-12-28,31,129,true
1481,"Aortic dissection occurs when a tear develops in the inner layer of the aorta, often due to high blood pressure, connective tissue disorders, or injury.",aortic_dissection,Aortic Dissection Info,2024-06-19,39,56,true
1482,Treatment involves immediate blood pressure management and surgical intervention (open surgery or endovascular repair).,aortic_dissection,Aortic Dissection Info,2023-03-06,42,42,true
1483,"Preventative measures include blood pressure control, avoiding smoking, maintaining a healthy lifestyle, and regular check-ups for at-risk individuals.",aortic_dissection,Aortic Dissection Info,2024-10-19,17,38,true
1484,"Preventative steps include managing risk factors like hypertension and cholesterol, avoiding smoking, and routine imaging for at-risk individuals.",thoracic_aortic_aneurysm,Thoracic Aortic Aneurysm Info,2024-04-03,33,63,true
1485,"Symptoms may include abdominal or back pain, a pulsating mass in the abdomen, and in severe cases, sudden intense pain and dizziness.",abdominal_aortic_aneurysm,Abdominal Aortic Aneurysm Info,2023-10-21,41,139,true
1486,Treatment involves immediate blood pressure management and surgical intervention (open surgery or endovascular repair).,aortic_dissection,Aortic Dissection Info,2023-06-30,6,137,true
1487,Treatment involves immediate blood pressure management and surgical intervention (open surgery or endovascular repair).,aortic_dissection,Aortic Dissection Info,2023-05-04,23,146,true
1488,"Preventative measures include blood pressure control, avoiding smoking, maintaining a healthy lifestyle, and regular check-ups for at-risk individuals.",aortic_dissection,Aortic Dissection Info,2023-08-22,50,40,true
1489,"The exact cause of an abdominal aortic aneurysm (AAA) is not fully understood, but major factors include atherosclerosis, high blood pressure, smoking, age, and genetic predisposition.",abdominal_aortic_aneurysm,Abdominal Aortic Aneurysm Info,2024-08-18,27,159,true
1490,"Symptoms include sudden severe chest or back pain described as tearing, shortness of breath, fainting, and signs similar to a stroke.",aortic_dissection,Aortic Dissection Info,2023-05-30,20,99,true
1491,"Symptoms may include abdominal or back pain, a pulsating mass in the abdomen, and in severe cases, sudden intense pain and dizziness.",abdominal_aortic_aneurysm,Abdominal Aortic Aneurysm Info,2023-07-11,29,110,true
1492,Treatment involves immediate blood pressure management and surgical intervention (open surgery or endovascular repair).,aortic_dissection,Aortic Dissection Info,2023-04-30,44,79,true
1493,"Symptoms may include abdominal or back pain, a pulsating mass in the abdomen, and in severe cases, sudden intense pain and dizziness.",abdominal_aortic_aneurysm,Abdominal Aortic Aneurysm Info,2023-07-31,13,141,true
1494,"Preventative measures include blood pressure control, avoiding smoking, maintaining a healthy lifestyle, and regular check-ups for at-risk individuals.",aortic_dissection,Aortic Dissection Info,2024-01-01,8,134,true
1495,"Symptoms may include abdominal or back pain, a pulsating mass in the abdomen, and in severe cases, sudden intense pain and dizziness.",abdominal_aortic_aneurysm,Abdominal Aortic Aneurysm Info,2023-05-08,6,163,true
1496,Treatment involves immediate blood pressure management and surgical intervention (open surgery or endovascular repair).,aortic_dissection,Aortic Dissection Info,2023-07-02,36,92,true
1497,Treatment involves immediate blood pressure management and surgical intervention (open surgery or endovascular repair).,aortic_dissection,Aortic Dissection Info,2024-10-04,1,87,true
1498,"Symptoms may include abdominal or back pain, a pulsating mass in the abdomen, and in severe cases, sudden intense pain and dizziness.",abdominal_aortic_aneurysm,Abdominal Aortic Aneurysm Info,2023-12-14,19,35,true
1499,"Symptoms may include abdominal or back pain, a pulsating mass in the abdomen, and in severe cases, sudden intense pain and dizziness.",abdominal_aortic_aneurysm,Abdominal Aortic Aneurysm Info,2024-06-07,37,109,true
1500,Treatment involves immediate blood pressure management and surgical intervention (open surgery or endovascular repair).,aortic_dissection,Aortic Dissection Info,2023-10-17,26,200,true
1501,"Common causes include atherosclerosis, high blood pressure, genetic conditions (Marfan syndrome, Ehlers-Danlos), infections, and trauma.",thoracic_aortic_aneurysm,Thoracic Aortic Aneurysm Info,2023-12-16,5,39,true
1502,"Symptoms may include chest pain, coughing, hoarseness, difficulty breathing, or no symptoms until rupture occurs.",thoracic_aortic_aneurysm,Thoracic Aortic Aneurysm Info,2023-10-31,11,183,true
1503,"Symptoms may include chest pain, coughing, hoarseness, difficulty breathing, or no symptoms until rupture occurs.",thoracic_aortic_aneurysm,Thoracic Aortic Aneurysm Info,2024-10-29,34,157,true
1504,"Preventative measures include quitting smoking, controlling blood pressure and cholesterol, maintaining a healthy diet, and undergoing screening if at risk.",abdominal_aortic_aneurysm,Abdominal Aortic Aneurysm Info,2023-12-18,12,127,true
1505,"AAA has no cure, but it can be managed through lifestyle changes, medications, and surgical repair (open surgery or EVAR).",abdominal_aortic_aneurysm,Abdominal Aortic Aneurysm Info,2024-07-28,46,48,true
1506,"Preventative measures include blood pressure control, avoiding smoking, maintaining a healthy lifestyle, and regular check-ups for at-risk individuals.",aortic_dissection,Aortic Dissection Info,2024-05-31,3,182,true
1507,"Symptoms may include abdominal or back pain, a pulsating mass in the abdomen, and in severe cases, sudden intense pain and dizziness.",abdominal_aortic_aneurysm,Abdominal Aortic Aneurysm Info,2024-01-22,39,14,true
1508,"Common causes include atherosclerosis, high blood pressure, genetic conditions (Marfan syndrome, Ehlers-Danlos), infections, and trauma.",thoracic_aortic_aneurysm,Thoracic Aortic Aneurysm Info,2024-10-13,31,30,true
1509,"The exact cause of an abdominal aortic aneurysm (AAA) is not fully understood, but major factors include atherosclerosis, high blood pressure, smoking, age, and genetic predisposition.",abdominal_aortic_aneurysm,Abdominal Aortic Aneurysm Info,2024-09-26,47,130,true
1510,"The exact cause of an abdominal aortic aneurysm (AAA) is not fully understood, but major factors include atherosclerosis, high blood pressure, smoking, age, and genetic predisposition.",abdominal_aortic_aneurysm,Abdominal Aortic Aneurysm Info,2024-01-28,10,90,true
1511,"Aortic dissection occurs when a tear develops in the inner layer of the aorta, often due to high blood pressure, connective tissue disorders, or injury.",aortic_dissection,Aortic Dissection Info,2024-05-25,3,122,true
1512,"Symptoms may include chest pain, coughing, hoarseness, difficulty breathing, or no symptoms until rupture occurs.",thoracic_aortic_aneurysm,Thoracic Aortic Aneurysm Info,2025-02-23,38,193,true
1513,"Aortic dissection occurs when a tear develops in the inner layer of the aorta, often due to high blood pressure, connective tissue disorders, or injury.",aortic_dissection,Aortic Dissection Info,2023-09-11,9,144,true
1514,"Symptoms include sudden severe chest or back pain described as tearing, shortness of breath, fainting, and signs similar to a stroke.",aortic_dissection,Aortic Dissection Info,2023-09-04,33,50,true
1515,"Preventative steps include managing risk factors like hypertension and cholesterol, avoiding smoking, and routine imaging for at-risk individuals.",thoracic_aortic_aneurysm,Thoracic Aortic Aneurysm Info,2024-01-15,44,108,true
1516,Treatment involves immediate blood pressure management and surgical intervention (open surgery or endovascular repair).,aortic_dissection,Aortic Dissection Info,2024-01-10,42,82,true
1517,"Preventative measures include blood pressure control, avoiding smoking, maintaining a healthy lifestyle, and regular check-ups for at-risk individuals.",aortic_dissection,Aortic Dissection Info,2023-08-31,16,43,true
1518,"No cure exists, but treatment includes blood pressure control, regular monitoring, and surgical repair if necessary.",thoracic_aortic_aneurysm,Thoracic Aortic Aneurysm Info,2024-04-26,24,23,true
1519,Treatment involves immediate blood pressure management and surgical intervention (open surgery or endovascular repair).,aortic_dissection,Aortic Dissection Info,2023-12-29,10,154,true
1520,"Symptoms include sudden severe chest or back pain described as tearing, shortness of breath, fainting, and signs similar to a stroke.",aortic_dissection,Aortic Dissection Info,2024-10-13,24,84,true
1521,"No cure exists, but treatment includes blood pressure control, regular monitoring, and surgical repair if necessary.",thoracic_aortic_aneurysm,Thoracic Aortic Aneurysm Info,2023-12-26,36,12,true
1522,"AAA has no cure, but it can be managed through lifestyle changes, medications, and surgical repair (open surgery or EVAR).",abdominal_aortic_aneurysm,Abdominal Aortic Aneurysm Info,2024-11-16,31,30,true
1523,"Common causes include atherosclerosis, high blood pressure, genetic conditions (Marfan syndrome, Ehlers-Danlos), infections, and trauma.",thoracic_aortic_aneurysm,Thoracic Aortic Aneurysm Info,2025-01-22,22,160,true
1524,"Preventative steps include managing risk factors like hypertension and cholesterol, avoiding smoking, and routine imaging for at-risk individuals.",thoracic_aortic_aneurysm,Thoracic Aortic Aneurysm Info,2024-05-02,25,156,true
1102,"Type 2 diabetes is often associated with lifestyle factors like obesity and lack of exercise.",diabetes_info,"Wellness Tips",2024-03-09,8,18,true
1103,"Insulin is a hormone that helps regulate blood sugar levels.",insulin_facts,"Diabetes Guide",2024-03-08,10,25,true
1104,"People with diabetes need to monitor their blood sugar levels regularly.",diabetes_management,"Health Tips",2024-03-07,12,30,true
1105,"A healthy diet and regular exercise are important for managing diabetes.",diabetes_lifestyle,"Healthy Living",2024-03-06,7,15,true
1106,"Diabetes can lead to complications like heart disease, kidney disease, and nerve damage.",diabetes_complications,"Health Info",2024-03-05,10,22,true
1107,"There is no cure for type 1 diabetes, but it can be managed with insulin therapy and lifestyle changes.",type1_diabetes,"Diabetes Facts",2024-03-04,12,28,true
1108,"Type 2 diabetes can sometimes be reversed with weight loss and lifestyle changes.",type2_diabetes,"Health Tips",2024-03-03,9,20,true
1109,"Gestational diabetes occurs during pregnancy and usually resolves after the baby is born.",gestational_diabetes,"Pregnancy Info",2024-03-02,6,15,true
1110,"Symptoms of diabetes can include frequent urination, excessive thirst, unexplained weight loss, and blurred vision.",diabetes_symptoms,"Health Guide",2024-03-01,11,25,true
1111,"People with diabetes should work closely with their healthcare team to manage their condition.",diabetes_care,"Diabetes Management",2024-02-28,8,18,true
1112,"Diabetes is a chronic condition that requires ongoing management.",diabetes_facts2,"Health Info",2024-02-27,10,22,true
1113,"A balanced diet for diabetes includes plenty of fruits, vegetables, and whole grains.",diabetes_diet,"Nutrition Tips",2024-02-26,12,28,true
1114,"Regular physical activity helps improve insulin sensitivity.",diabetes_exercise,"Fitness Tips",2024-02-25,7,16,true
1115,"Stress management is important for people with diabetes.",diabetes_stress,"Wellness Tips",2024-02-24,9,20,true
2000,"Cancer is a group of diseases involving abnormal cell growth with the potential to invade or spread to other parts of the body.",cancer_definition,"Cancer Facts",2024-03-07,15,35,true
2001,"Smoking is one of the leading causes of lung cancer.",lung_cancer,"Health Info",2024-03-06,18,40,true
2002,"Early detection of cancer can significantly increase the chances of successful treatment.",early_detection,"Health Tips",2024-03-05,20,45,true
2003,"Breast cancer is the most common cancer among women worldwide.",breast_cancer,"Health Facts",2024-03-04,22,50,true
2004,"Chemotherapy is a common treatment for cancer that uses drugs to kill cancer cells.",chemotherapy,"Cancer Treatment",2024-03-03,19,43,true
2005,"Radiation therapy uses high doses of radiation to kill cancer cells or shrink tumors.",radiation_therapy,"Cancer Treatment",2024-03-02,14,30,true
2006,"Skin cancer can often be prevented by using sunscreen and avoiding excessive sun exposure.",skin_cancer,"Prevention Tips",2024-03-01,16,35,true
2007,"A healthy lifestyle, including a balanced diet and regular exercise, can reduce the risk of cancer.",cancer_prevention,"Healthy Living",2024-02-29,21,48,true
2008,"Cancer can affect people of all ages, but the risk increases with age.",cancer_age,"Health Facts",2024-02-28,12,25,true
2009,"Tobacco use is responsible for about 22% of cancer deaths worldwide.",cancer_tobacco,"Health Info",2024-02-27,18,42,true
2010,"The most common types of cancer are breast, lung, colorectal, and prostate cancer.",common_cancers,"Cancer Facts",2024-02-26,17,38,true
2011,"Cancer screening tests can help detect cancer early when it is most treatable.",cancer_screening,"Health Tips",2024-02-25,20,50,true
2012,"Obesity increases the risk of developing several types of cancer, including breast and colon cancer.",cancer_obesity,"Health Info",2024-02-24,16,32,true
2013,"Exposure to radiation, including UV rays from the sun, increases the risk of skin cancer.",cancer_uv,"Health Tips",2024-02-23,14,28,true
2014,"A family history of cancer can increase a person's risk of developing cancer.",cancer_genetics,"Health Facts",2024-02-22,18,40,true
2015,"Vaccines like the HPV vaccine can help prevent certain types of cancer, such as cervical cancer.",cancer_vaccine,"Prevention Tips",2024-02-21,22,50,true
2016,"Some cancers have no symptoms in their early stages, making regular screenings crucial.",cancer_symptoms,"Health Guide",2024-02-20,19,42,true
2017,"Cancer is the second leading cause of death globally.",cancer_death,"Global Health",2024-02-19,15,30,true
2018,"Leukemia is a type of cancer that affects blood and bone marrow.",leukemia,"Cancer Types",2024-02-18,13,26,true
2019,"Palliative care focuses on improving the quality of life for cancer patients.",palliative_care,"Cancer Care",2024-02-17,18,40,true
2020,"Cancer treatments can cause side effects like fatigue, nausea, and hair loss.",cancer_treatment,"Health Info",2024-02-16,17,38,true
2021,"Early detection of breast cancer through mammograms can save lives.",breast_cancer_screening,"Health Tips",2024-02-15,20,50,true
2022,"Certain chemicals in the environment, like asbestos, can increase cancer risk.",cancer_chemicals,"Health Info",2024-02-14,14,28,true
2023,"Cancer cells can spread to other parts of the body through the bloodstream or lymph system.",cancer_spread,"Health Facts",2024-02-13,19,42,true
2024,"Regular physical activity can lower the risk of certain types of cancer.",cancer_exercise,"Healthy Living",2024-02-12,21,48,true
2025,"Quitting smoking can significantly reduce the risk of developing lung cancer.",quit_smoking,"Prevention Tips",2024-02-11,18,42,true
2026,"Prostate cancer is the most common cancer among men.",prostate_cancer,"Health Facts",2024-02-10,17,38,true
2027,"Cancer research is constantly evolving, leading to new treatments and therapies.",cancer_research,"Health Info",2024-02-09,20,50,true
2028,"A biopsy is often required to confirm a cancer diagnosis.",cancer_biopsy,"Cancer Diagnosis",2024-02-08,15,32,true
2029,"Pain management is an important part of cancer care.",cancer_pain,"Cancer Care",2024-02-07,16,35,true
2030,"Cancer survivors may experience long-term effects from their treatment.",cancer_survivor,"Cancer Care",2024-02-06,14,28,true
2031,"Cancer can result from genetic mutations in DNA.",cancer_mutation,"Health Info",2024-02-05,18,40,true
2032,"Immunotherapy is a treatment that uses the body's immune system to fight cancer.",immunotherapy,"Cancer Treatment",2024-02-04,22,50,true
2033,"Cancer can develop in almost any part of the body.",cancer_body,"Health Facts",2024-02-03,17,38,true
2034,"Support groups can help cancer patients and their families cope with the disease.",cancer_support,"Wellness Tips",2024-02-02,20,50,true
2035,"The cost of cancer treatment can be very high, causing financial burden.",cancer_cost,"Health Info",2024-02-01,16,32,true
2036,"Reducing alcohol consumption can lower the risk of certain types of cancer.",cancer_alcohol,"Prevention Tips",2024-01-31,14,28,true
2037,"Skin cancer is the most common type of cancer globally.",skin_cancer_common,"Health Facts",2024-01-30,18,40,true
2038,"Unexplained weight loss can be an early sign of cancer.",cancer_weight_loss,"Health Info",2024-01-29,19,42,true
2039,"Regular dental check-ups can help detect oral cancer early.",oral_cancer,"Health Tips",2024-01-28,15,30,true
2040,"The survival rate for cancer has improved significantly over the last few decades.",cancer_survival,"Health Facts",2024-01-27,21,48,true
2041,"Early treatment of cancer greatly increases the chances of survival.",cancer_early_treatment,"Health Tips",2024-01-26,20,50,true
2042,"Exposure to secondhand smoke also increases the risk of lung cancer.",secondhand_smoke,"Health Info",2024-01-25,18,42,true
2043,"Many cancer patients experience anxiety and depression.",cancer_mental_health,"Cancer Care",2024-01-24,17,38,true
2044,"Targeted therapy is a cancer treatment that targets specific genes or proteins.",targeted_therapy,"Cancer Treatment",2024-01-23,22,50,true
2045,"Consuming a high-fiber diet may reduce the risk of colorectal cancer.",cancer_diet,"Health Tips",2024-01-22,21,48,true
2046,"Screening for cervical cancer is recommended for women starting at age 21.",cervical_cancer,"Health Info",2024-01-21,19,42,true
2047,"Cancer can be emotionally and physically challenging for both patients and families.",cancer_challenge,"Wellness Tips",2024-01-20,20,50,true
2048,"Having a strong support system can help cancer patients cope better.",cancer_support_system,"Wellness Tips",2024-01-19,18,42,true
2049,"Cancer prevention is possible through lifestyle changes and regular screenings.",cancer_prevention,"Health Tips",2024-01-18,21,48,true
2050,"The risk of developing cancer increases with prolonged exposure to carcinogens.",cancer_carcinogens,"Health Info",2024-01-17,20,50,true
1,"Drinking bleach cures all cancers. Big Pharma doesn't want you to know this.",misinfo_user1,"Fake Health Info",2023-10-26,12,35,false
2,"Vaccines cause autism. It's a proven fact, do your research!",anti_vax_truth,"Truth Seeker",2023-10-27,45,120,false
3,"Chemotherapy is poison. Natural remedies are the only way to beat cancer.",natural_cures_only,"Holistic Health",2023-10-28,28,78,false
4,"5G towers spread COVID-19. They're using them to control our minds.",conspiracy_dude,"Conspiracy Theorist",2023-10-29,60,150,false
5,"Garlic and onions can cure any infection. Antibiotics are just a scam.",herbal_healer,"Herbal Remedies",2023-10-30,15,40,false
6,"The flu shot gives you the flu. It weakens your immune system.",flu_shot_lie,"Anti-Vaccine Mom",2023-10-31,30,90,false
7,"Lyme disease is a hoax created by doctors to sell more drugs.",lyme_hoax,"Lyme Truth",2023-11-01,20,55,false
8,"Essential oils can cure diabetes. Insulin is just a money-making scheme.",oil_cure_all,"Essential Oils Expert",2023-11-02,35,100,false
9,"Homeopathy is more effective than modern medicine. It's all natural.",homeo_power,"Homeopathy Advocate",2023-11-03,18,50,false
10,"Alzheimer's disease is caused by aluminum in vaccines. Avoid them at all costs.",alz_vaccine_lie,"Vaccine Skeptic",2023-11-04,40,110,false
11,"COVID-19 is just a common cold. The media is exaggerating everything.",covid_downplayer,"Real News",2023-11-05,50,130,false
12,"Autism is curable with a special diet. Doctors are hiding the truth.",autism_cure,"Autism Mom",2023-11-06,25,70,false
13,"Cancer is a fungus. Baking soda can cure it. Doctors are suppressing this information.",cancer_fungus,"Baking Soda Cure",2023-11-07,32,85,false
14,"Measles is a harmless childhood illness. Vaccines are more dangerous.",measles_lie,"Anti-Measles",2023-11-08,48,125,false
15,"Chemtrails are spreading diseases. They're part of a government conspiracy.",chemtrail_disease,"Chemtrail Watch",2023-11-09,65,160,false
16,"Coconut oil can cure heart disease. Statins are just a scam.",coconut_heart,"Coconut Oil Lover",2023-11-10,17,45,false
17,"The polio vaccine causes polio. It's a dangerous experiment.",polio_lie,"Polio Truth",2023-11-11,38,105,false
18,"Vitamin C can cure cancer. Chemotherapy is unnecessary and harmful.",vitc_cancer,"Vitamin C Advocate",2023-11-12,22,60,false
19,"HIV/AIDS is a hoax created by the pharmaceutical industry.",aids_hoax,"AIDS Truth",2023-11-13,55,140,false
20,"Fluoride in water causes cancer. It's a government plot to poison us.",fluoride_cancer,"Fluoride Free",2023-11-14,42,115,false
21,"Asthma is caused by vaccines. Inhalers are just a way to keep you sick.",asthma_vaccine,"Vaccine Truth",2023-11-15,29,80,false
22,"Arthritis is a fake disease created by doctors to sell painkillers.",arthritis_fake,"Arthritis Truth",2023-11-16,37,95,false
23,"Lupus is caused by chemtrails. They're poisoning our skies.",lupus_chemtrails,"Chemtrail Watch",2023-11-17,58,145,false
24,"Multiple sclerosis is cured by a gluten-free diet. Doctors are hiding this.",ms_gluten,"MS Cure",2023-11-18,24,65,false
25,"Parkinson's disease is caused by mercury in fillings. Dentists are lying to us.",parkinsons_mercury,"Mercury Truth",2023-11-19,41,112,false
26,"Crohn's disease is just a reaction to processed foods. Eat organic and you'll be fine.",crohns_organic,"Organic Health",2023-11-20,19,52,false
27,"Epilepsy is caused by demonic possession. Exorcisms are the only cure.",epilepsy_demons,"Exorcism Truth",2023-11-21,63,158,false
28,"Migraines are caused by Wi-Fi signals. Turn off your router and they'll disappear.",migraine_wifi,"Wi-Fi Truth",2023-11-22,34,88,false
29,"Kidney stones are caused by drinking tap water. Drink distilled water instead.",kidney_distilled,"Distilled Water",2023-11-23,26,72,false
30,"Gallstones are caused by eating fat. Stop eating fat and you'll be cured.",gallstones_fat,"Fat Truth",2023-11-24,47,123,false
31,"Pneumonia is caused by cold weather. Stay inside and you won't get sick.",pneumonia_cold,"Weather Truth",2023-11-25,23,68,false
32,"Bronchitis is caused by breathing polluted air. Move to the countryside and you'll be fine.",bronchitis_pollution,"Air Truth",2023-11-26,39,107,false
33,"Tuberculosis is caused by living in crowded cities. Move to a rural area and you'll be cured.",tb_city,"City Truth",2023-11-27,51,135,false
34,"Hepatitis is caused by eating processed sugar. Stop eating sugar and you'll be cured.",hepatitis_sugar,"Sugar Truth",2023-11-28,18,48,false
35,"Cirrhosis is caused by drinking tap water. Drink filtered water instead.",cirrhosis_filtered,"Water Truth",2023-11-29,36,98,false
36,"Pancreatitis is caused by eating spicy food. Avoid spicy food and you'll be fine.",pancreatitis_spice,"Spice Truth",2023-11-30,27,75,false
37,"Ulcers are caused by stress. Relax and you'll be cured.",ulcers_stress,"Stress Truth",2023-12-01,43,118,false
38,"Gastritis is caused by eating gluten. Stop eating gluten and you'll be cured.",gastritis_gluten,"Gluten Truth",2023-12-02,21,57,false
39,"Constipation is caused by eating dairy. Stop eating dairy and you'll be cured.",constipation_dairy,"Dairy Truth",2023-12-03,49,129,false
40,"Diarrhea is caused by drinking cold water. Drink warm water instead.",diarrhea_warm,"Water Truth",2023-12-04,32,83,false
41,"Hemorrhoids are caused by sitting too much. Stand up and you'll be cured.",hemorrhoids_stand,"Sitting Truth",2023-12-05,25,70,false
42,"Anal fissures are caused by eating spicy food. Avoid spicy food and you'll be cured.",fissures_spice,"Spice Truth",2023-12-06,32,60,false
43,"Fistulas are caused by eating processed food. Eat whole foods and you'll be cured.",fistulas_whole,"Food Truth",2023-12-07,45,120,false
44,"Abscesses are caused by toxins in your body. Detox and you'll be cured.",abscesses_detox,"Detox Truth",2023-12-08,28,78,false
45,"Boils are caused by eating sugar. Stop eating sugar and you'll be cured.",boils_sugar,"Sugar Truth",2023-12-09,60,150,false
46,"Carbuncles are caused by drinking tap water. Drink filtered water instead.",carbuncles_filtered,"Water Truth",2023-12-10,15,40,false
47,"Cellulitis is caused by wearing tight clothes. Wear loose clothes and you'll be cured.",cellulitis_loose,"Clothing Truth",2023-12-11,30,90,false
48,"Erysipelas is caused by walking barefoot. Wear shoes and you'll be cured.",erysipelas_shoes,"Shoe Truth",2023-12-12,20,55,false
49,"Folliculitis is caused by shaving. Stop shaving and you'll be cured.",folliculitis_shave,"Shaving Truth",2023-12-13,35,100,false
50,"Hidradenitis suppurativa is caused by sweating. Stop sweating and you'll be cured.",hs_sweat,"Sweat Truth",2023-12-14,18,50,false
51,"Impetigo is caused by touching dirty surfaces. Wash your hands and you'll be cured.",impetigo_wash,"Hygiene Truth",2023-12-15,40,110,false
52,"Lupus erythematosus is caused by exposure to sunlight. Stay out of the sun and you'll be cured.",lupus_sun,"Sun Truth",2023-12-16,50,130,false
53,"Psoriasis is caused by eating gluten. Stop eating gluten and you'll be cured.",psoriasis_gluten,"Gluten Truth",2023-12-17,25,70,false
54,"Rosacea is caused by drinking alcohol. Stop drinking alcohol and you'll be cured.",rosacea_alcohol,"Alcohol Truth",2023-12-18,32,85,false
55,"Seborrheic dermatitis is caused by using shampoo. Stop using shampoo and you'll be cured.",sd_shampoo,"Shampoo Truth",2023-12-19,48,125,false
56,"Urticaria is caused by eating processed food. Eat whole foods and you'll be cured.",urticaria_whole,"Food Truth",2023-12-20,65,160,false
57,"Vitiligo is caused by emotional stress. Relax and you'll be cured.",vitiligo_stress,"Stress Truth",2023-12-21,17,45,false
58,"Warts are caused by touching frogs. Don't touch frogs and you'll be cured.",warts_frogs,"Frog Truth",2023-12-22,38,105,false
59,"Xeroderma pigmentosum is caused by exposure to radiation. Avoid radiation and you'll be cured.",xp_radiation,"Radiation Truth",2023-12-23,22,60,false
60,"Yeast infections are caused by eating sugar. Stop eating sugar and you'll be cured.",yeast_sugar,"Sugar Truth",2023-12-24,55,140,false
61,"Anemia is caused by eating iron. Eat more iron and you'll be cured.",anemia_iron,"Iron Truth",2023-12-25,42,115,false
62,"Leukemia is caused by exposure to chemicals. Avoid chemicals and you'll be cured.",leukemia_chemicals,"Chemical Truth",2023-12-26,29,80,false
63,"Lymphoma is caused by eating processed food. Eat whole foods and you'll be cured.",lymphoma_whole,"Food Truth",2023-12-27,37,95,false
64,"Multiple myeloma is caused by emotional stress. Relax and you'll be cured.",myeloma_stress,"Stress Truth",2023-12-28,58,145,false
65,"Thalassemia is caused by eating gluten. Stop eating gluten and you'll be cured.",thalassemia_gluten,"Gluten Truth",2023-12-29,24,65,false
66,"Sickle cell anemia is caused by drinking cold water. Drink warm water and you'll be cured.",sickle_warm,"Water Truth",2023-12-30,41,112,false
67,"Hemophilia is caused by eating sugar. Stop eating sugar and you'll be cured.",hemophilia_sugar,"Sugar Truth",2023-12-31,19,52,false
68,"Thrombocytopenia is caused by emotional stress. Relax and you'll be cured.",thrombocytopenia_stress,"Stress Truth",2024-01-01,63,158,false
69,"Leukopenia is caused by exposure to radiation. Avoid radiation and you'll be cured.",leukopenia_radiation,"Radiation Truth",2024-01-02,34,88,false
70,"Neutropenia is caused by eating processed food. Eat whole foods and you'll be cured.",neutropenia_whole,"Food Truth",2024-01-03,26,72,false
71,"Eosinophilia is caused by drinking tap water. Drink filtered water and you'll be cured.",eosinophilia_filtered,"Water Truth",2024-01-04,47,123,false
72,"Basophilia is caused by emotional stress. Relax and you'll be cured.",basophilia_stress,"Stress Truth",2024-01-05,23,68,false
73,"Monocytosis is caused by eating gluten. Stop eating gluten and you'll be cured.",monocytosis_gluten,"Gluten Truth",2024-01-06,39,107,false
74,"Lymphocytosis is caused by drinking cold water. Drink warm water and you'll be cured.",lymphocytosis_warm,"Water Truth",2024-01-07,51,135,false
75,"Platelet disorders are caused by eating sugar. Stop eating sugar and you'll be cured.",platelet_sugar,"Sugar Truth",2024-01-08,18,48,false
76,"Coagulation disorders are caused by emotional stress. Relax and you'll be cured.",coagulation_stress,"Stress Truth",2024-01-09,36,98,false
77,"Hemorrhagic disorders are caused by exposure to radiation. Avoid radiation and you'll be cured.",hemorrhagic_radiation,"Radiation Truth",2024-01-10,27,75,false
78,"Thrombotic disorders are caused by eating processed food. Eat whole foods and you'll be cured.",thrombotic_whole,"Food Truth",2024-01-11,43,118,false
79,"Venous thromboembolism is caused by drinking tap water. Drink filtered water and you'll be cured.",vte_filtered,"Water Truth",2024-01-12,21,57,false
80,"Pulmonary embolism is caused by emotional stress. Relax and you'll be cured.",pe_stress,"Stress Truth",2024-01-13,49,129,false
81,"Deep vein thrombosis is caused by eating gluten. Stop eating gluten and you'll be cured.",dvt_gluten,"Gluten Truth",2024-01-14,32,83,false
82,"Arterial thrombosis is caused by drinking cold water. Drink warm water and you'll be cured.",at_warm,"Water Truth",2024-01-15,25,70,false
1015,"Regular dental checkups and cleanings are important for maintaining good oral health and preventing cavities and gum disease.",dental_health,"Healthy Smile",2024-02-24,15,42,true
1151,"Eating too much sugar directly causes type 1 diabetes.",diabetes_myths,"Misinformation",2024-03-10,2,5,false
1152,"Diabetes can be cured by drinking special herbal teas.",diabetes_cure,"Fake Remedies",2024-03-09,3,8,false
1153,"People with diabetes can't eat any carbohydrates.",diabetes_diet_myths,"Misinformation",2024-03-08,1,3,false
1154,"Insulin injections are always required for type 2 diabetes.",diabetes_treatment_myths,"Misinformation",2024-03-07,2,6,false
1155,"Diabetes is contagious.",diabetes_myths2,"Misinformation",2024-03-06,3,7,false
1156,"Only older adults get diabetes.",diabetes_myths3,"Misinformation",2024-03-05,1,4,false
1157,"People with diabetes can't eat fruit.",diabetes_diet_myths2,"Misinformation",2024-03-04,2,5,false
1158,"Exercise is bad for people with diabetes.",diabetes_exercise_myths,"Misinformation",2024-03-03,3,8,false
1159,"Diabetes is always caused by obesity.",diabetes_causes_myths,"Misinformation",2024-03-02,1,2,false
1160,"If you have diabetes, you can't have children.",diabetes_myths4,"Misinformation",2024-03-01,2,6,false
1161,"Diabetes is not a serious condition.",diabetes_myths5,"Misinformation",2024-02-28,3,7,false
1162,"People with diabetes should avoid all fats.",diabetes_diet_myths3,"Misinformation",2024-02-27,1,4,false
1163,"Artificial sweeteners are completely safe for people with diabetes.",diabetes_sweetener_myths,"Misinformation",2024-02-26,2,5,false
1164,"You can prevent diabetes by taking vitamin supplements.",diabetes_prevention_myths,"Misinformation",2024-02-25,3,8,false
1165,"Diabetes is caused by a virus.",diabetes_causes_myths2,"Misinformation",2024-02-24,1,3,false
1166,"Diabetes can be cured by special diets.",diabetes_cure_myths,"Misinformation",2024-02-23,2,5,false
1167,"Only thin people get type 1 diabetes.",diabetes_myths6,"Misinformation",2024-02-22,3,7,false
1168,"People with diabetes can't eat any sweets.",diabetes_diet_myths4,"Misinformation",2024-02-21,1,3,false
1169,"Insulin makes diabetes worse.",insulin_myths,"Misinformation",2024-02-20,2,6,false
1170,"Diabetes is caused by a weak immune system.",diabetes_causes_myths3,"Misinformation",2024-02-19,3,8,false
1171,"Diabetes is always inherited.",diabetes_myths7,"Misinformation",2024-02-18,1,4,false
1172,"People with diabetes should avoid all fruits and vegetables.",diabetes_diet_myths5,"Misinformation",2024-02-17,2,5,false
1173,"Stress has no effect on diabetes.",diabetes_stress_myths,"Misinformation",2024-02-16,3,7,false
1174,"Diabetes medications always cause weight gain.",diabetes_medication_myths,"Misinformation",2024-02-15,1,3,false
1175,"Diabetes is a punishment for unhealthy lifestyle choices.",diabetes_myths8,"Misinformation",2024-02-14,2,6,false
1176,"Diabetes can be cured by surgery.",diabetes_cure_myths2,"Misinformation",2024-02-13,3,8,false
1177,"Only people with a family history of diabetes can get it.",diabetes_myths9,"Misinformation",2024-02-12,1,2,false
1178,"People with diabetes should avoid all physical activity.",diabetes_exercise_myths2,"Misinformation",2024-02-11,2,5,false
1179,"Diabetes is caused by eating too much fruit.",diabetes_causes_myths4,"Misinformation",2024-02-10,3,7,false
1180,"If you have diabetes, you should never eat out.",diabetes_diet_myths6,"Misinformation",2024-02-09,1,4,false
1181,"Diabetes always leads to blindness.",diabetes_complications_myths,"Misinformation",2024-02-08,2,6,false
1182,"Diabetes is caused by a bacterial infection.",diabetes_causes_myths5,"Misinformation",2024-02-07,3,8,false
1183,"People with diabetes can't drink alcohol.",diabetes_alcohol_myths,"Misinformation",2024-02-06,1,2,false
1184,"Diabetes is caused by a lack of sleep.",diabetes_causes_myths6,"Misinformation",2024-02-05,2,5,false
1185,"Diabetes can be cured by fasting.",diabetes_cure_myths3,"Misinformation",2024-02-04,3,7,false
1186,"People with diabetes can't have any dairy products.",diabetes_diet_myths7,"Misinformation",2024-02-03,1,4,false
1187,"Diabetes is caused by drinking too much water.",diabetes_causes_myths7,"Misinformation",2024-02-02,2,6,false
1188,"Diabetes can be cured by acupuncture.",diabetes_cure_myths4,"Misinformation",2024-02-01,3,8,false
1189,"People with diabetes can't eat meat.",diabetes_diet_myths8,"Misinformation",2024-01-31,1,3,false
1190,"Diabetes is caused by a curse.",diabetes_myths10,"Misinformation",2024-01-30,2,5,false
1191,"Diabetes can be cured by meditation.",diabetes_cure_myths5,"Misinformation",2024-01-29,3,7,false
1101,"Type 1 diabetes is an autoimmune disease.",diabetes_facts,"Health Info",2024-03-10,5,12,true
1104,"Bladder cancer is often linked to smoking and exposure to certain chemicals.",bladder_cancer_info,"Cancer Awareness",2024-03-10,12,30,true
1105,"Breast cancer risk can be increased by genetic mutations like BRCA1 and BRCA2.",breast_cancer_facts,"Women's Health",2024-03-11,15,35,true
1106,"Regular mammograms are important for early detection of breast cancer.",breast_cancer_info,"Health Screening",2024-03-12,18,40,true
1107,"The National Breast and Cervical Cancer Early Detection Program helps detect breast and cervical cancers early.",nbccedp_info,"Public Health",2024-03-13,20,45,true
1108,"Cancer patients are more susceptible to flu complications due to weakened immune systems.",cancer_flu_info,"Immunology",2024-03-14,22,50,true
1109,"Annual flu vaccinations are crucial for cancer patients to reduce flu risk.",cancer_flu_info,"Vaccination",2024-03-15,25,55,true
1110,"Cancer clusters can be influenced by environmental factors and lifestyle choices.",cancer_cluster_info,"Environmental Health",2024-03-16,28,60,true
1111,"Cancer registries collect data to monitor cancer trends and improve treatment outcomes.",cancer_registry_info,"Data Science",2024-03-17,30,65,true
1112,"Cancer survivors often require long-term management and monitoring.",cancer_survivor_info,"Oncology",2024-03-18,32,70,true
1113,"Maintaining a healthy lifestyle can improve the quality of life for cancer survivors.",cancer_survivor_info,"Wellness",2024-03-19,35,75,true
1114,"Colorectal cancer risk is increased by a diet high in red and processed meats.",colorectal_cancer_info,"Nutrition",2024-03-20,38,80,true
1115,"Regular screening is essential for early detection of colorectal cancer.",colorectal_cancer_info,"Screening",2024-03-21,40,85,true
1116,"The Colorectal Cancer Control Program aims to increase colorectal cancer screening rates.",crccp_info,"Public Health Programs",2024-03-22,42,90,true
1117,"Comprehensive cancer control programs focus on reducing the burden of cancer through prevention and early detection.",nccp_info,"Cancer Prevention",2024-03-23,45,95,true
1118,"Cancer treatments can weaken the immune system, increasing flu risk.",flu_cancer_info,"Immune System",2024-03-24,48,100,true
4001,Regular screening is essential for early detection of colorectal cancer.,colorectal_cancer_info,Health Awareness,2024-02-12,46,113,true
4002,Colorectal cancer cannot be prevented.,colorectal_cancer_info,Health Awareness,2024-01-25,19,42,false
4003,Colorectal cancer cannot be prevented.,colorectal_cancer_info,Health Awareness,2024-01-06,54,67,false
4004,Regular screening is essential for early detection of colorectal cancer.,colorectal_cancer_info,Health Awareness,2024-01-08,53,126,true
4005,Regular screening is essential for early detection of colorectal cancer.,colorectal_cancer_info,Health Awareness,2024-01-19,69,27,true
4006,Regular screening is essential for early detection of colorectal cancer.,colorectal_cancer_info,Health Awareness,2024-03-26,57,29,true
4007,Colorectal cancer cannot be prevented.,colorectal_cancer_info,Health Awareness,2024-02-10,50,182,false
4008,Regular screening is essential for early detection of colorectal cancer.,colorectal_cancer_info,Health Awareness,2024-01-15,90,46,true
4009,Colorectal cancer cannot be prevented.,colorectal_cancer_info,Health Awareness,2024-02-12,72,30,false
4010,Regular screening is essential for early detection of colorectal cancer.,colorectal_cancer_info,Health Awareness,2024-01-25,29,38,true
4011,Regular screening is essential for early detection of colorectal cancer.,colorectal_cancer_info,Health Awareness,2024-01-18,40,97,true
4012,A diet high in fiber may reduce the risk of colorectal cancer.,colorectal_cancer_info,Health Awareness,2024-01-16,60,136,true
4013,Colorectal cancer cannot be prevented.,colorectal_cancer_info,Health Awareness,2024-02-21,71,152,false
4014,Colorectal cancer cannot be prevented.,colorectal_cancer_info,Health Awareness,2024-01-25,11,188,false
4015,A diet high in fiber may reduce the risk of colorectal cancer.,colorectal_cancer_info,Health Awareness,2024-03-16,88,185,true
4016,A diet high in fiber may reduce the risk of colorectal cancer.,colorectal_cancer_info,Health Awareness,2024-03-03,86,194,true
4017,Colorectal cancer is only a concern for people over 60.,colorectal_cancer_info,Health Awareness,2024-01-02,27,110,false
4018,Colorectal cancer is only a concern for people over 60.,colorectal_cancer_info,Health Awareness,2024-02-05,20,198,false
4019,Colorectal cancer is only a concern for people over 60.,colorectal_cancer_info,Health Awareness,2024-03-14,77,49,false
4020,A diet high in fiber may reduce the risk of colorectal cancer.,colorectal_cancer_info,Health Awareness,2024-01-11,31,119,true
4021,A diet high in fiber may reduce the risk of colorectal cancer.,colorectal_cancer_info,Health Awareness,2024-03-11,71,115,true
4022,Colorectal cancer cannot be prevented.,colorectal_cancer_info,Health Awareness,2024-01-25,87,31,false
4023,Colorectal cancer cannot be prevented.,colorectal_cancer_info,Health Awareness,2024-03-05,72,74,false
4024,A diet high in fiber may reduce the risk of colorectal cancer.,colorectal_cancer_info,Health Awareness,2024-01-18,58,53,true
4025,Colorectal cancer cannot be prevented.,colorectal_cancer_info,Health Awareness,2024-03-16,50,177,false
4026,Regular screening is essential for early detection of colorectal cancer.,colorectal_cancer_info,Health Awareness,2024-01-10,83,195,true
4027,Colorectal cancer is only a concern for people over 60.,colorectal_cancer_info,Health Awareness,2024-03-09,21,134,false
4028,A diet high in fiber may reduce the risk of colorectal cancer.,colorectal_cancer_info,Health Awareness,2024-01-08,11,167,true
4029,Regular screening is essential for early detection of colorectal cancer.,colorectal_cancer_info,Health Awareness,2024-03-22,15,23,true
4030,A diet high in fiber may reduce the risk of colorectal cancer.,colorectal_cancer_info,Health Awareness,2024-03-10,38,43,true
4031,Colorectal cancer is only a concern for people over 60.,colorectal_cancer_info,Health Awareness,2024-03-25,51,117,false
4032,Colorectal cancer is only a concern for people over 60.,colorectal_cancer_info,Health Awareness,2024-03-20,79,94,false
4033,Regular screening is essential for early detection of colorectal cancer.,colorectal_cancer_info,Health Awareness,2024-03-03,23,122,true
4034,Colorectal cancer is only a concern for people over 60.,colorectal_cancer_info,Health Awareness,2024-03-10,58,183,false
4035,Regular screening is essential for early detection of colorectal cancer.,colorectal_cancer_info,Health Awareness,2024-03-15,84,95,true
4036,Colorectal cancer is only a concern for people over 60.,colorectal_cancer_info,Health Awareness,2024-01-30,98,139,false
4037,Regular screening is essential for early detection of colorectal cancer.,colorectal_cancer_info,Health Awareness,2024-03-18,49,45,true
4038,A diet high in fiber may reduce the risk of colorectal cancer.,colorectal_cancer_info,Health Awareness,2024-02-03,85,140,true
4039,A diet high in fiber may reduce the risk of colorectal cancer.,colorectal_cancer_info,Health Awareness,2024-02-10,63,86,true
4040,A diet high in fiber may reduce the risk of colorectal cancer.,colorectal_cancer_info,Health Awareness,2024-02-18,38,29,true
4041,Colorectal cancer is only a concern for people over 60.,colorectal_cancer_info,Health Awareness,2024-01-12,75,120,false
4042,Colorectal cancer is only a concern for people over 60.,colorectal_cancer_info,Health Awareness,2024-03-10,40,106,false
4043,Regular screening is essential for early detection of colorectal cancer.,colorectal_cancer_info,Health Awareness,2024-02-02,63,22,true
4044,Colorectal cancer is only a concern for people over 60.,colorectal_cancer_info,Health Awareness,2024-01-21,69,172,false
4045,Colorectal cancer is only a concern for people over 60.,colorectal_cancer_info,Health Awareness,2024-03-06,92,190,false
4046,A diet high in fiber may reduce the risk of colorectal cancer.,colorectal_cancer_info,Health Awareness,2024-02-18,54,138,true
4047,Colorectal cancer is only a concern for people over 60.,colorectal_cancer_info,Health Awareness,2024-03-28,71,142,false
4048,Colorectal cancer is only a concern for people over 60.,colorectal_cancer_info,Health Awareness,2024-01-25,30,94,false
4049,Regular screening is essential for early detection of colorectal cancer.,colorectal_cancer_info,Health Awareness,2024-01-15,35,171,true
4050,Colorectal cancer cannot be prevented.,colorectal_cancer_info,Health Awareness,2024-03-17,29,47,false
4051,The Colorectal Cancer Control Program aims to increase colorectal cancer screening rates.,crccp_info,Health Awareness,2024-03-15,30,90,true
4052,Screening for colorectal cancer is unnecessary if you have no symptoms.,crccp_info,Health Awareness,2024-01-23,30,29,false
4053,The Colorectal Cancer Control Program aims to increase colorectal cancer screening rates.,crccp_info,Health Awareness,2024-02-08,55,136,true
4054,The Colorectal Cancer Control Program aims to increase colorectal cancer screening rates.,crccp_info,Health Awareness,2024-02-21,95,22,true
4055,The Colorectal Cancer Control Program aims to increase colorectal cancer screening rates.,crccp_info,Health Awareness,2024-02-20,10,104,true
4056,The Colorectal Cancer Control Program aims to increase colorectal cancer screening rates.,crccp_info,Health Awareness,2024-03-04,74,148,true
4057,The Colorectal Cancer Control Program aims to increase colorectal cancer screening rates.,crccp_info,Health Awareness,2024-02-07,99,33,true
4058,The Colorectal Cancer Control Program aims to increase colorectal cancer screening rates.,crccp_info,Health Awareness,2024-02-25,88,106,true
4059,The Colorectal Cancer Control Program aims to increase colorectal cancer screening rates.,crccp_info,Health Awareness,2024-01-19,60,30,true
4060,Screening for colorectal cancer is unnecessary if you have no symptoms.,crccp_info,Health Awareness,2024-02-23,32,72,false
4061,Screening for colorectal cancer is unnecessary if you have no symptoms.,crccp_info,Health Awareness,2024-02-26,50,82,false
4062,Screening for colorectal cancer is unnecessary if you have no symptoms.,crccp_info,Health Awareness,2024-02-05,57,60,false
4063,The Colorectal Cancer Control Program aims to increase colorectal cancer screening rates.,crccp_info,Health Awareness,2024-03-01,47,24,true
4064,Screening for colorectal cancer is unnecessary if you have no symptoms.,crccp_info,Health Awareness,2024-03-13,29,195,false
4065,The Colorectal Cancer Control Program aims to increase colorectal cancer screening rates.,crccp_info,Health Awareness,2024-03-11,29,152,true
4066,The Colorectal Cancer Control Program aims to increase colorectal cancer screening rates.,crccp_info,Health Awareness,2024-02-20,61,91,true
4067,Screening for colorectal cancer is unnecessary if you have no symptoms.,crccp_info,Health Awareness,2024-03-12,69,33,false
4068,Screening for colorectal cancer is unnecessary if you have no symptoms.,crccp_info,Health Awareness,2024-01-05,92,62,false
4069,Screening for colorectal cancer is unnecessary if you have no symptoms.,crccp_info,Health Awareness,2024-02-20,63,24,false
4070,The Colorectal Cancer Control Program aims to increase colorectal cancer screening rates.,crccp_info,Health Awareness,2024-02-21,99,77,true
4071,The Colorectal Cancer Control Program aims to increase colorectal cancer screening rates.,crccp_info,Health Awareness,2024-01-09,79,21,true
4072,The Colorectal Cancer Control Program aims to increase colorectal cancer screening rates.,crccp_info,Health Awareness,2024-01-25,58,127,true
4073,The Colorectal Cancer Control Program aims to increase colorectal cancer screening rates.,crccp_info,Health Awareness,2024-02-28,36,63,true
4074,The Colorectal Cancer Control Program aims to increase colorectal cancer screening rates.,crccp_info,Health Awareness,2024-03-24,82,69,true
4075,The Colorectal Cancer Control Program aims to increase colorectal cancer screening rates.,crccp_info,Health Awareness,2024-01-08,86,179,true
4076,The Colorectal Cancer Control Program aims to increase colorectal cancer screening rates.,crccp_info,Health Awareness,2024-02-26,70,168,true
4077,The Colorectal Cancer Control Program aims to increase colorectal cancer screening rates.,crccp_info,Health Awareness,2024-03-03,83,54,true
4078,Screening for colorectal cancer is unnecessary if you have no symptoms.,crccp_info,Health Awareness,2024-02-07,59,98,false
4079,The Colorectal Cancer Control Program aims to increase colorectal cancer screening rates.,crccp_info,Health Awareness,2024-01-17,19,116,true
4080,Screening for colorectal cancer is unnecessary if you have no symptoms.,crccp_info,Health Awareness,2024-02-11,18,39,false
4081,The Colorectal Cancer Control Program aims to increase colorectal cancer screening rates.,crccp_info,Health Awareness,2024-01-11,21,154,true
4082,The Colorectal Cancer Control Program aims to increase colorectal cancer screening rates.,crccp_info,Health Awareness,2024-02-17,35,33,true
4083,Screening for colorectal cancer is unnecessary if you have no symptoms.,crccp_info,Health Awareness,2024-01-20,19,77,false
4084,Screening for colorectal cancer is unnecessary if you have no symptoms.,crccp_info,Health Awareness,2024-01-27,21,87,false
4085,The Colorectal Cancer Control Program aims to increase colorectal cancer screening rates.,crccp_info,Health Awareness,2024-01-19,19,133,true
4086,The Colorectal Cancer Control Program aims to increase colorectal cancer screening rates.,crccp_info,Health Awareness,2024-03-26,39,196,true
4087,The Colorectal Cancer Control Program aims to increase colorectal cancer screening rates.,crccp_info,Health Awareness,2024-03-14,45,91,true
4088,The Colorectal Cancer Control Program aims to increase colorectal cancer screening rates.,crccp_info,Health Awareness,2024-01-30,12,198,true
4089,The Colorectal Cancer Control Program aims to increase colorectal cancer screening rates.,crccp_info,Health Awareness,2024-01-03,85,82,true
4090,Screening for colorectal cancer is unnecessary if you have no symptoms.,crccp_info,Health Awareness,2024-01-01,80,177,false
4091,Screening for colorectal cancer is unnecessary if you have no symptoms.,crccp_info,Health Awareness,2024-01-06,37,112,false
4092,The Colorectal Cancer Control Program aims to increase colorectal cancer screening rates.,crccp_info,Health Awareness,2024-02-24,35,87,true
4093,The Colorectal Cancer Control Program aims to increase colorectal cancer screening rates.,crccp_info,Health Awareness,2024-02-15,82,183,true
4094,The Colorectal Cancer Control Program aims to increase colorectal cancer screening rates.,crccp_info,Health Awareness,2024-03-08,70,123,true