Title,Score,Author,URL,Created,Comments,Hashtag,polarity,subjectivity,sentiment_label
What massively improved your mental health?,10578,oigoabuya,https://www.reddit.com/r/AskReddit/comments/1740wjy/what_massively_improved_your_mental_health/,1696880387,10962,health,-0.05,0.6,Negative
What are your best health tips?,108,mrtdhx,https://www.reddit.com/r/AskOldPeople/comments/1b9biln/what_are_your_best_health_tips/,1709861900,263,health,1,0.3,Positive
Trump Withdraws U.S. from World Health Organization,33871,Astraeus323,https://www.nytimes.com/2025/01/20/us/politics/trump-world-health-organization.html,1737423395,3251,health,0,0,Neutral
"People with health anxiety, read this!",1853,Negglur,https://www.reddit.com/r/Anxiety/comments/159noco/people_with_health_anxiety_read_this/,1690324999,98,health,0,0,Neutral
Trump withdraws the U.S. from the World Health Organization,1453,Wesdawg1241,https://justthenews.com/politics-policy/energy/trump-withdraws-us-world-health-organization?utm_source=breaking&utm_medium=email&utm_campaign=newsletter,1737433310,322,health,0,0,Neutral
"Health professionals of Reddit, what are your best health tips?",62,scottiesng,https://www.reddit.com/r/AskReddit/comments/hui5a/health_professionals_of_reddit_what_are_your_best/,1307526379,270,health,1,0.3,Positive
The Ultimate Health Anxiety Guide,584,GuardOfTheDawn,https://www.reddit.com/r/HealthAnxiety/comments/yzkd0l/the_ultimate_health_anxiety_guide/,1668887262,126,health,0,1,Neutral
"Canada Lawmaker Suggests Letting 3 US States Join, Get Free Health Care",60054,SyntheticSweetener,https://www.newsweek.com/canada-lawmaker-suggests-letting-three-us-states-join-get-free-healthcare-2011658,1736352954,7566,health,0.4,0.8,Positive
The suspect of being UnitedHealthCare CEO’s shooter ,75966,canadarich,https://i.redd.it/l9pbg9l4kv5e1.jpeg,1733772614,6538,health,0,0,Neutral
UnitedHealth CEO says U.S. health system 'needs to function better',23703,lilmxfi,https://www.nbcnews.com/business/business-news/unitedhealth-ceo-says-us-health-system-needs-function-better-rcna187980,1737070312,2336,health,0.5,0.5,Positive
Trump says Canada would have ‘much better’ health coverage as a state,12129,jk_arundel,https://www.ctvnews.ca/world/article/trump-says-canada-would-have-much-better-health-coverage-as-a-state/,1737739361,4568,health,0.5,0.5,Positive
Trump signs executive order withdrawing from the World Health Organization,20907,tonyking318,https://www.reuters.com/world/us/trump-signs-executive-withdrawing-world-health-organization-2025-01-21/,1737427696,1593,health,0,0,Neutral
Shareholders urge UnitedHealth to analyze impact of healthcare denials | Reuters,28876,AnnabananaIL,https://www.reuters.com/business/healthcare-pharmaceuticals/shareholders-urge-unitedhealth-analyze-impact-healthcare-denials-2025-01-08/,1736425782,1108,health,0,0,Neutral
Somewhat of a health nut I suppose…,80770,Parking_War_4100,https://i.redd.it/yz2g6s3xltbe1.jpeg,1736364094,867,health,0,0,Neutral
Americans Hate Their Private Health Insurance,32283,orangelover95003,https://jacobin.com/2024/12/unitedhealthcare-murder-private-insurance-democrats?mc_cid=e40fd138f3,1733793712,1868,health,-0.4,0.6375,Negative
Trump administration directs federal health agencies to pause communications,13483,dracopr,https://edition.cnn.com/2025/01/21/health/hhs-cdc-fda-trump-pause-communication/index.html,1737554344,1344,health,0,0,Neutral
"United Health CEO Decries ""Aggressive"" Media Coverage in Leaked Recording",25030,indig0sixalpha,https://www.kenklippenstein.com/p/video-united-health-ceo-laments-offensive,1733512563,2157,health,0,0,Neutral
what one MAGA backlash did to Elon’s mental health lmao ,25000,tf-is-wrong-with-you,https://i.redd.it/pbkwb4mydu9e1.jpeg,1735501825,1251,health,0.25,0.6,Positive
"BREAKING: Donald Trump has ordered a communications blackout at America's federal health agencies. The CDC, FDA, HHS and NIH have all been told to pause external communications, including publishing scientific reports, updating websites or issuing health advisories.",14605,NoLube69,https://www.reddit.com/r/FluentInFinance/comments/1i7eiwm/breaking_donald_trump_has_ordered_a/,1737561896,1153,health,0,0.1,Neutral
U.S. Withdraws from the World Health Organization,15823,freshlysaltedwound,https://www.whitehouse.gov/presidential-actions/2025/01/withdrawing-the-united-states-from-the-worldhealth-organization/,1737436635,1083,health,0,0,Neutral
Robert Kennedy chosen as head of Health and Human Services. ,20197,CommanderMandalore,https://amp.cnn.com/cnn/2024/11/14/politics/robert-f-kennedy-donald-trump-hhs,1731619624,4812,health,0,0.1,Neutral
What was the worst health advice you received? [OC],29892,kiwiagg,https://www.reddit.com/gallery/1hmyb1a,1735247914,971,health,-1,1,Negative
UnitedHealth confirms 190 million Americans affected by Change Healthcare data breach,27920,lurker_bee,https://techcrunch.com/2025/01/24/unitedhealth-confirms-190-million-americans-affected-by-change-healthcare-data-breach/,1737763992,664,health,0,0,Neutral
This man documented his health journey from January to December.,50180,mindyour,https://v.redd.it/jtas2virjf7e1,1734450482,874,health,0,0,Neutral
China Vows To Support World Health Organization After US Withdrawal,11615,loggiews,https://www.barrons.com/news/china-vows-to-support-world-health-organization-after-us-withdrawal-5e5de9e4,1737525324,883,health,0,0,Neutral
This is what true health care is all about,47995,brother_p,https://i.imgflip.com/96gvpp.jpg,1728737873,2098,health,0.35,0.65,Positive
(22) to (27) - yoga completely changed my mental and physical health 🤍,19082,Negative_Draft_7823,https://www.reddit.com/gallery/1hw9csi,1736303957,743,health,0,0.247619048,Neutral
More than 5 million children lose Medicaid health coverage,17131,NormanPlantagenet,https://www.nbcnews.com/nightly-news/video/more-than-5-million-children-lose-medicaid-health-coverage-227048517941,1734171289,1096,health,0.5,0.5,Positive
UnitedHealthCare ordered to pay $165 million for misleading Massachusetts consumers,32723,LeucotomyPlease,https://www.reuters.com/legal/government/unitedhealth-units-ordered-collectively-pay-165-million-misleading-massachusetts-2025-01-06/,1736445140,587,health,0,0,Neutral
Suddenly all the health experts are quiet,12000,imjustheretodomyjob,https://i.redd.it/yi6t1juufk4e1.jpeg,1733202167,1753,health,0,0.416666667,Neutral
US Health Insurance(The Truth) Denied for Profit ,21572,MUGA_Cat,https://v.redd.it/tyi8nl2jn09e1,1735141878,751,health,0,0,Neutral
Health And Taxes,12143,AlphaMassDeBeta,https://i.redd.it/ypqrthof9ube1.png,1736372012,765,health,0,0,Neutral
RFK Jr. is now an extinction-level threat to federal public health programs and science-based health policy,11837,workerbotsuperhero,https://sciencebasedmedicine.org/rfk-jr-is-now-an-extinction-level-threat-to-federal-public-health-programs-and-science-based-health-policy/,1731723392,1789,health,0,0.066666667,Neutral
Apparently daily showers are 'performative' and have no health benefits....,21127,UnintentionalWipe,https://i.redd.it/v6eejnw636pd1.png,1726490677,4160,health,0,0,Neutral
Common Plastic Additives May Have Affected The Health of Millions,12216,the_noise_we_made,https://www.sciencealert.com/common-plastic-additives-may-have-affected-the-health-of-millions,1735693391,774,health,-0.3,0.5,Negative
"After a shocking shooting, Americans vent feelings about health insurance",10221,Hashirama4AP,https://www.npr.org/sections/shots-health-news/2024/12/06/nx-s1-5217736/brian-thompson-unitedhealthcare-ceo-social-media,1733502106,1280,health,-1,1,Negative
What has greatly boosted your mental health?,3787,travelsmoker,https://www.reddit.com/r/AskReddit/comments/1i4b7vp/what_has_greatly_boosted_your_mental_health/,1737217770,5763,health,0.35,0.475,Positive
In sickness and in health- seems to only apply to women?,5279,staranise2,https://www.reddit.com/r/AskWomenOver40/comments/1hqjbr4/in_sickness_and_in_health_seems_to_only_apply_to/,1735665519,1987,health,0,1,Neutral
"Texas school bans all-black clothing, cites mental health concerns",25856,andyr072,https://ktul.com/news/nation-world/texas-school-bans-all-black-clothing-cites-mental-health-concerns-depression-stress-emotion-dress-code-colors,1723127557,4337,health,-0.1,0.2,Negative
Free health care.,4538,SnooWords4066,https://i.redd.it/lk1govu3yefe1.jpeg,1737929980,1364,health,0.4,0.8,Positive
"In sickness and in health, the dedication of this husband ",81768,VastCoconut2609,https://v.redd.it/fpkmt7onymmd1,1725387430,1224,health,0,0,Neutral
UnitedHealth CEO attacked,6821,Lonely-Trash007,https://www.reddit.com/r/nursing/comments/1h6hm17/unitedhealth_ceo_attacked/,1733323320,1619,health,0,0,Neutral
Historical profits for UnitedHealth Inc,17250,AyebruhamLincoln,https://i.redd.it/dl9zmki0bv4e1.png,1733333712,560,health,0,0,Neutral
This is why Universal Health Care is so important,11702,The-Lucky-Investor,https://i.redd.it/qfykcdxg9wrd1.png,1727679343,1663,health,0.2,0.5,Positive
"American adults aged 33 to 46 have significantly worse health compared to their British peers, especially in markers of cardiovascular health and higher levels of obesity, along with greater disparities in health by socioeconomic factors",14357,giuliomagnifico,https://www.ox.ac.uk/news/2024-10-03-us-adults-worse-health-british-counterparts-midlife,1727968267,1126,health,0.035714286,0.428571429,Positive
Me after Thor loses 100 health when the season ends,7650,Kilzi,https://i.redd.it/asloxq9flb8e1.jpeg,1734838456,698,health,-0.3,0.1,Negative
What's good for our mental health?,61020,John_1992_funny,https://i.redd.it/2cvc08fevwud1.jpeg,1728994817,531,health,0.3,0.4,Positive
What health tip forever changed your life?,4253,Bald-Lawyer,https://www.reddit.com/r/AskReddit/comments/1hmjj54/what_health_tip_forever_changed_your_life/,1735198504,1407,health,0,0,Neutral
Through sickness and in health,58299,Bihema,https://v.redd.it/3xt4q4i82icd1,1720969624,1226,health,0,0,Neutral
"How to poop, from a pelvic health physical therapist assistant",40404,copitamenstrual,https://v.redd.it/bmzyk7wws5gd1,1722564589,1068,health,0,0.142857143,Neutral
UnitedHealth CEO Andrew Witty is scolded by Congress after the largest ever health care cyberattack,25361,Real-Work-1953,https://i.redd.it/mft4b0vir56e1.jpeg,1733896170,382,health,0.5,1,Positive
How to Improve Mental Health?,67322,snowpie92,https://i.redd.it/6fdbv87ucaad1.png,1720006514,1248,health,-0.1,0.2,Negative
New UnitedHealth CEO finally addresses outrage,6825,Sufficient-Bid1279,https://www.thestreet.com/investing/stocks/unitedhealth-ceo-finally-addresses-outrage,1737245820,486,health,0.068181818,0.727272727,Positive
Government Monitoring Those With Negative Views of Health Insurance Companies,4080,Cowicidal,https://www.kenklippenstein.com/p/government-monitoring-those-with,1737309376,834,health,-0.3,0.4,Negative
Insurance is what makes U.S. health-care prices so high,7782,WarmingNow,https://www.washingtonpost.com/opinions/2024/12/26/health-care-insurance-prices-patients/,1735605633,500,health,0.16,0.54,Positive
BREAKING: Trump signs executive order to withdraw from the World Health Organization,3891,soccerorfootie,https://www.reddit.com/r/unusual_whales/comments/1i677sj/breaking_trump_signs_executive_order_to_withdraw/,1737423390,831,health,0,0,Neutral
Her Mental Health Treatment Was Helping. That’s Why Insurance Cut Off Her Coverage.,12457,catnymeria,https://www.propublica.org/article/mental-health-insurance-denials-patient-progress,1735926856,329,health,-0.1,0.2,Negative
What massively improved your mental health?,3239,Ubersicka,https://www.reddit.com/r/AskReddit/comments/1gwh6lr/what_massively_improved_your_mental_health/,1732198305,4905,health,-0.05,0.6,Negative
 342% Increase in Average US Family Health Insurance since 1999,6653,Perfect_Alarm_2141,https://i.redd.it/umgtp4z30evd1.png,1729201855,1037,health,-0.15,0.4,Negative
Deepika’s Insta Story on Mental Health,6472,Rast987,https://i.redd.it/nrjlcbfj6zbe1.jpeg,1736431561,429,health,-0.1,0.2,Negative
"Mike Pence Defies Trump, Comes Out Against RFK Jr. for Health Secretary",17680,PostHeraldTimes,https://www.ibtimes.com/mike-pence-defies-trump-comes-out-against-rfk-jr-health-secretary-3759423,1736976867,257,health,0,0,Neutral
McDonald's Donald Trump worked at failed last health inspection,16093,BuckRowdy,https://www.newsweek.com/mcdonalds-donald-trump-worked-failed-last-health-inspection-1971998,1729512962,460,health,-0.25,0.183333333,Negative
AITAH for leaving my boyfriend after a health crisis?,12293,NotMyRealName8292,https://www.reddit.com/r/AITAH/comments/1daeexo/aitah_for_leaving_my_boyfriend_after_a_health/,1717776213,2245,health,0,0,Neutral
(23) Struggling with my mental health and excoriation disorder to (25) after treatment. ,16222,Forest_Froggie,https://www.reddit.com/gallery/1i0sbfb,1736811915,250,health,-0.1,0.2,Negative
What massively improved your mental health?,7740,Dependent_Bit_8333,https://www.reddit.com/r/AskReddit/comments/1dg80jv/what_massively_improved_your_mental_health/,1718419314,7563,health,-0.05,0.6,Negative
Bernie Sanders: A Mass Movement Can Beat Health CEO Greed,7691,_May26_,https://jacobin.com/2024/12/sanders-movement-health-care-mangione,1734180636,403,health,0,0,Neutral
"Baby boomers living longer but are in worse health than previous generations. Obesity, type 2 diabetes, cancer, heart disease and other diseases all affecting people at younger ages, a “generational health drift”, with younger generations with worse health than previous generations at the same age.",13458,mvea,https://www.theguardian.com/society/2024/oct/07/baby-boomers-living-longer-but-are-in-worse-health-than-previous-generations,1728287546,501,health,-0.157291667,0.254166667,Negative
Donald Trump's health is of increasing concern to voters,8893,newsweek,https://www.newsweek.com/donald-trump-health-concern-voters-poll-1935310,1722956889,1130,health,0,0,Neutral
Americans Hate Their Private Health Insurance,6532,cyanocittaetprocyon,https://jacobin.com/2024/12/unitedhealthcare-murder-private-insurance-democrats?mc_cid=e40fd138f3,1733804097,446,health,-0.4,0.6375,Negative
Stephen Fry is knighted for his services to mental health awareness,9898,nickkrewson,https://uk.news.yahoo.com/stephen-fry-knighted-years-honours-070000937.html?guccounter=1&guce_referrer=aHR0cHM6Ly93d3cuZ29vZ2xlLmNvbS8&guce_referrer_sig=AQAAABijWz_Hv_nFoebBt0hC_MTf3JgK2sVyoyzGHZLJjvzdcAPd8KQvqlUbN3dYLBSNXUmEgPtz371ADtK8Jo-Pa0jEMQkgLRjo4Irp8MBigkUGtZvovKM84kpkJswbNeMT0RsifQlJ9fdYSgti-_8H94OJXMMbClGCnTaBQEmTH1b-,1735852454,286,health,-0.1,0.2,Negative
What was the most ridiculous health advice you got? [OC],16990,kiwiagg,https://www.reddit.com/gallery/1e7ea0f,1721422658,649,health,0.083333333,0.75,Positive
One of the worst developments for mental health ,9793,pokeherfaceXD,https://i.redd.it/kq686y6lps2e1.jpeg,1732430585,345,health,-0.55,0.6,Negative
"GOP Senator Blames Americans For Most Of Their Health Problems: “Look, about 70% of your health outcomes are determined by you,"" said Sen. Roger Marshall as his party looks to roll back health care coverage and protections",3613,LavenderBabble,https://www.rollingstone.com/politics/politics-news/roger-marshall-make-america-healthy-again-1235232716/,1736702076,509,health,0.25,0.25,Positive
Why don't they just take a health potion? Bunch of petty attention seekers...,9568,frycandlebreadje,https://i.redd.it/9yko8tiaj8be1.jpeg,1736108962,255,health,0,0,Neutral
State health officials report first avian flu death,4511,apple_kicks,https://www.katc.com/news/covering-louisiana/state-health-officials-report-first-avian-flu-death,1736196207,410,health,0.25,0.333333333,Positive
This is what we traded health care for ,7352,cartch,https://i.redd.it/j7e9d2gbp3nd1.jpeg,1725590102,701,health,0,0,Neutral
Someone called the health department on people feeding the first responders during the fires. ,4693,Rude_Lifeguard,https://v.redd.it/49lujx54khce1,1736654535,372,health,0.25,0.333333333,Positive
ALL of those things relate to health!,12647,Lord_Answer_me_Why,https://www.reddit.com/gallery/1hmodji,1735219822,239,health,0,0,Neutral
UnitedHealth CEOs killing unleashes social media rage against insurers,6732,Kyleforshort,https://www.axios.com/2024/12/05/unitedhealth-brian-thompson-killing-health-insurers-social-media,1733415818,357,health,0.033333333,0.066666667,Positive
It's nice to have health insurance,44436,-NewYork-,https://i.redd.it/ypuuruyudo8e1.jpeg,1734993320,187,health,0.6,1,Positive
Pelosi: Some health experts think Trump has dementia,6408,ewzetf,https://www.cnn.com/videos/politics/2024/06/30/sotu-pelosi-on-trump.cnn,1719789850,1610,health,0,0,Neutral
Shearing contributes to the overall health of the sheeps,8033,Lil-Jihoz,https://v.redd.it/imojaiq4axfd1,1722461464,805,health,0,0,Neutral
Ocasio-Cortez: State of US health care is ‘barbarism’,13656,joshtalife,https://thehill.com/policy/healthcare/4659499-ocasio-cortez-state-of-us-health-care-is-barbarism/,1715558026,994,health,0,0,Neutral
Dutch Woman Chooses Euthanasia Due To Untreatable Mental Health Struggles,11370,BloatedBeyondBelief,https://www.ndtv.com/feature/zoraya-ter-beek-dutch-woman-chooses-euthanasia-due-to-untreatable-mental-health-struggles-5363964,1712163422,1773,health,-0.1125,0.2875,Negative
Spookston Health Update,7713,Nazacrow,https://i.redd.it/i2n3mf409o9e1.jpeg,1735427516,272,health,0,0,Neutral
+10 health,42007,the_orange_alligator,https://i.redd.it/cluhmew5qoed1.jpeg,1721921999,404,health,0,0,Neutral
"UnitedHealth Group shares keep falling, other health insurance stocks follow, as criticism of the industry heats up",5297,wizardofthefuture,https://www.fastcompany.com/91245106/unitedhealth-group-ciga-stock-price-falling-insurance-companies-criticism,1733975446,388,health,-0.125,0.375,Negative
[OC] Life expectancy vs. health expenditure,10977,jcceagle,https://i.redd.it/syq1012cdy0d1.jpeg,1715936908,1088,health,0,0,Neutral
You get health care! You get health care! Everyone gets health care!!! (except MAGAs),3027,PairRevolutionary669,https://i.redd.it/9s57ny2es7ae1.jpeg,1735664221,609,health,0,0,Neutral
Please pray for his Health,4724,Hbnick4,https://i.redd.it/r7a4obpdmhod1.jpeg,1726194457,961,health,0,0,Neutral
PoӀӀ: Nearly 2 in 3 Americans Say Government Should Ensure Health Care Coverage. The US is the Only Wealthy Country in the World Without Universal Health Care.,6083,OkayButFoRealz,https://truthout.org/articles/poll-support-for-government-ensured-health-coverage-at-nearly-2-decade-high/,1734022483,333,health,0.15,0.6,Positive
"‘It’s a death sentence’: US health insurance system is failing, say doctors",7807,LongDukDongle,https://www.theguardian.com/us-news/2025/jan/26/us-health-insurance-system-doctors,1737898346,208,health,0,0,Neutral
Men’s Mental Health Awareness Month…,11249,CreatedByWeems,https://www.reddit.com/gallery/1dej5b9,1718230479,709,health,-0.1,0.2,Negative
Why U.S. Health Care Is Such A Terrible System,18473,leftycartoons,https://i.redd.it/s6xs63rbynxc1.png,1714503237,693,health,-0.5,0.75,Negative
A powerful message about mental health and suicide,31646,Jjokes11,https://v.redd.it/rxq9n300xprc1,1711911982,705,health,0.1,0.6,Positive
Health Teachers Banned Word List ,5191,AvidMistborn,https://i.redd.it/h7h72nicatud1.jpeg,1728950805,523,health,0,0,Neutral
Her tests will revolutionize public health!,21202,TurtleWitch_,https://www.reddit.com/gallery/1c1morn,1712860925,743,health,0,0.066666667,Neutral
Itemised employee health insurance on my bill in the US,17576,Tumamaenpelota,https://i.redd.it/63yrjqxdk48c1.jpeg,1703372299,1966,health,0,0,Neutral
health insurance rule,7636,AtomicZoZo,https://i.redd.it/4q748zpahv4e1.jpeg,1733335814,269,health,0,0,Neutral
For your mental health what is something you avoid and have better mental health because of it?,1616,Moist_Apartment5474,https://www.reddit.com/r/selfimprovement/comments/1i5stot/for_your_mental_health_what_is_something_you/,1737387232,1412,health,0.1,0.3,Positive
"Less than half of Amsterdam youth accept homosexuality (according to the Amsterdam Municipal Health Service's recently released ""Youth Health Monitor 2023"")",5627,Hootrb,https://www.out.tv/nieuws/minder-dan-helft-amsterdamse-jongeren-accepteert-homoseksualiteit,1716995990,1554,health,-0.111111111,0.161111111,Negative
What massively improved your mental health? ,3037,Medical_Method7877,https://www.reddit.com/r/AskReddit/comments/1emzn8e/what_massively_improved_your_mental_health/,1723101523,4010,health,-0.05,0.6,Negative
Donald Trump's Health Is of Increasing Concern to Voters,6618,plz-let-me-in,https://www.newsweek.com/donald-trump-health-concern-voters-poll-1935310,1722973765,610,health,0,0,Neutral
"GOP Senator Blames Americans For Most Of Their Health Problems: “Look, about 70% of your health outcomes are determined by you,"" said Sen. Roger Marshall as his party looks to roll back health care coverage and protections",2179,MoochoMaas,https://www.rollingstone.com/politics/politics-news/roger-marshall-make-america-healthy-again-1235232716/,1736703089,636,health,0.25,0.25,Positive
No level of alcohol consumption is safe for our health,8229,Doener23,https://www.who.int/europe/news/item/04-01-2023-no-level-of-alcohol-consumption-is-safe-for-our-health,1713864466,1016,health,0.5,0.5,Positive
Republicans move to repeal law that saves older Americans billions in health care costs,4690,leoyvr,https://pennsylvaniaindependent.com/politics/republicans-health-care-costs-inflation-reduction-act-repeal-scott-perry/,1737043158,250,health,0.166666667,0.333333333,Positive
TIL Americans have worse dental health than the British.,10166,HairyFur,https://www.bmj.com/content/351/bmj.h6543,1710606010,1030,health,-0.2,0.3,Negative
36M struggling with longstanding health and mental health issues. Could use honest and nice words.,1786,Pristine-Mammoth-17,https://i.redd.it/jprvhgjuj93e1.jpeg,1732634484,2204,health,0.366666667,0.7,Positive
"Government Monitoring ""Negative"" Views of Health Insurance Companies",4046,illegalmonkey,https://www.kenklippenstein.com/p/government-monitoring-those-with,1737639442,262,health,-0.3,0.4,Negative
"Health insurers limit coverage of prosthetic limbs, questioning their medical necessity",6102,Datzookman,https://abcnews.com/Health/health-insurers-limit-coverage-prosthetic-limbs-questioning-medical/story?id=117393625,1736312669,218,health,0,0,Neutral
National Institutes of Health cancels scientific meetings after Trump directives,3823,sanslumiere,https://www.npr.org/sections/shots-health-news/2025/01/23/nx-s1-5272398/nih-trump-hhs-cancer-research,1737659716,269,health,0,0,Neutral
Robert Kennedy Jr is the new health secretary ,2970,shrededd101,https://v.redd.it/9j451dhzm31e1,1731691192,582,health,0.136363636,0.454545455,Positive
How harmful cigarettes are to health visually,7928,MrBombastic006,https://v.redd.it/h0n9p6fj8fpc1,1710922202,1170,health,0,0,Neutral
God forbid everyone gets health care,6498,MoreMotivation,https://i.redd.it/wqgjozo56wid1.png,1723755539,472,health,0,0,Neutral
This won’t pass a health inspection,9307,musicjohnny,https://v.redd.it/wemhv95cwllc1,1709248160,1058,health,0,0,Neutral
Two years of taking my health more seriously. ,7015,kellensoriano,https://www.reddit.com/gallery/1i6b68n,1737435941,174,health,0.083333333,0.583333333,Positive
GOP Senator Blames Americans for Most of Their Health Problems,2044,rollingstone,https://www.rollingstone.com/politics/politics-news/roger-marshall-make-america-healthy-again-1235232716/,1736701295,556,health,0.5,0.5,Positive
Woah. Toxic people in a mental health app suck!,2251,MoonstoneSlytherin,https://i.redd.it/ookcfzlsne9e1.jpeg,1735311422,556,health,-0.125,0.2,Negative
Having a solid community is very important to mental health,16270,wetouchingbuttsornah,https://i.redd.it/mepbv2jitgfc1.jpeg,1706571588,784,health,0.14,0.433333333,Positive
What are some most accepted health myths?,5315,imadepyramids,https://www.reddit.com/r/AskReddit/comments/19f7507/what_are_some_most_accepted_health_myths/,1706181736,6239,health,0.5,0.5,Positive
Trump orders US withdrawal from the World Health Organization,3396,starbetrayer,https://arstechnica.com/tech-policy/2025/01/trump-orders-us-withdrawal-from-the-world-health-organization/,1737431613,266,health,0,0,Neutral
"Disposable vapes to be banned for children's health, government says",10051,thebelsnickle1991,https://www.bbc.co.uk/news/uk-68123202,1706537686,970,health,0,0,Neutral
"Whoops, lost all my health care providers",18875,Tactless2U,https://www.reddit.com/gallery/15g7oko,1690979435,2312,health,0,0,Neutral
UnitedHealth Group CEO: America’s health system is poorly designed,2481,Scary-Ratio3874,https://www.cnn.com/2024/12/13/business/unitedhealthcare-insurance-denials-change/index.html,1734115226,465,health,-0.4,0.6,Negative
"Holding your pee can have dangerous health risks, experts say",3563,GetOffMyGrassBrats,https://www.cnn.com/2024/12/15/health/health-risks-of-holding-your-pee-wellness/index.html,1734375997,297,health,-0.6,0.9,Negative
Which boss deserves a second health bar?,7139,Dense-Exit8046,https://i.redd.it/g4u759o3comc1.jpeg,1709713524,919,health,0,0,Neutral
Trump initiates U.S. withdrawal from World Health Organization,1877,dyzo-blue,https://www.axios.com/2025/01/21/trump-world-health-organization-executive-order,1737430945,481,health,0,0,Neutral
"Israel has killed many more people in Gaza than reported, top health study says",2176,tallzmeister,https://www.politico.eu/article/israel-killed-many-more-people-gaza-people-reported-the-lancet-found/,1736534530,414,health,0.325,0.375,Positive
A puppy in bad shape nursed back to great health,44403,baconroll2022,https://v.redd.it/xd9q0i09qs1c1,1700613915,602,health,0.033333333,0.472222222,Positive
WHO declares mpox outbreak a global health emergency,3691,ontrack,https://www.msn.com/en-us/health/other/who-declares-mpox-outbreak-a-global-health-emergency/ar-AA1oNMyK,1723657096,622,health,0,0,Neutral
Your daily reminder that health insurance executives belong in prison,8343,coffeequeen0523,https://i.redd.it/r5tb8vczhfae1.jpeg,1735775453,151,health,0,0,Neutral
Americans Are Angry About Their Health Insurance—With Good Reason,4118,Quirkie,https://www.commondreams.org/opinion/americans-angry-health-insurance,1735760539,219,health,0.1,0.8,Positive
Americans protesting for health care reform in 2017,12842,SprocketTheWetToad,https://i.redd.it/qx7qkrs46z4e1.jpeg,1733380486,149,health,0,0,Neutral
"Wow, a complete disregard of mental health.",5314,ghostadventuresready,https://i.redd.it/bi460vnpr5jd1.jpeg,1723871728,392,health,0.033333333,0.533333333,Positive
Remember to look after your health. ,3446,DiscEva,https://www.reddit.com/r/Warhammer40k/comments/1f6cjl4/remember_to_look_after_your_health/,1725191282,562,health,0,0,Neutral
Mental health supporter ,28202,Grimm1The,https://v.redd.it/g0romz1lpu9e1,1735505749,111,health,-0.1,0.2,Negative
"This person will be in control of your health. Well done, America!",2943,GodButcherAura,https://i.redd.it/pew5irxqu9ce1.jpeg,1736560772,267,health,0,0,Neutral
American health insurance is just a legalized scam. There's no other word for it.,6431,kevinmrr,https://i.redd.it/qlyl6mqop5ee1.jpeg,1737382336,147,health,0.03125,0.1875,Positive
WHO declares Mpox global health emergency,3696,hopefulsingleguy,https://bbc.com/news/articles/cvg35w27gzno,1723668943,545,health,0,0,Neutral
Trump signs executive order withdrawing from the World Health Organization,1858,jelliesu,https://www.reuters.com/world/us/trump-signs-executive-withdrawing-world-health-organization-2025-01-21/,1737426481,413,health,0,0,Neutral
Government Monitoring Those With Negative Views of Health Insurance Companies,3552,Cowicidal,https://www.kenklippenstein.com/p/government-monitoring-those-with,1737309324,209,health,-0.3,0.4,Negative
"checkmate, health freaks",10227,hotmailist,https://i.redd.it/es50s2brztbc1.png,1704987687,696,health,0,0,Neutral
Government website offering reproductive health information goes offline,4690,johnnybiggles,https://www.cbsnews.com/news/government-website-offering-reproductive-health-information-goes-offline/,1737498359,166,health,0,0,Neutral
Trump Is Coming for Your Health Care—Again,9908,OtmShanks55,https://newrepublic.com/post/177420/trump-repeal-replace-obamacare-2024,1702124007,810,health,0,0,Neutral
Defense Over Health...,7960,Hajicardoso,https://i.redd.it/eiz59ynw68ae1.jpeg,1735668951,139,health,0,0,Neutral
(22) to (28) mental health glow up,5615,Careless-Carrot-5184,https://www.reddit.com/gallery/1g0wmli,1728604033,250,health,-0.1,0.2,Negative
Mental Health Tier List,9733,Player1aei,https://i.redd.it/fk0g7xndexbc1.jpeg,1705028923,659,health,-0.1,0.2,Negative
Money buys health and happiness. ,16828,Dante__fTw,https://i.redd.it/yx1v2yuku5rd1.jpeg,1727399962,172,health,0.7,0.2,Positive
Executive Order the US just withdrew from the World Health Organization (WHO),2003,littlemoon-03,https://www.reddit.com/r/publichealth/comments/1i67c6q/executive_order_the_us_just_withdrew_from_the/,1737423752,344,health,0,0,Neutral
Hamilton child under 5 dies of measles: public health agency,5939,zuuzuu,https://www.cbc.ca/news/canada/toronto/measles-death-child-ontario-1.7207293,1716086741,487,health,0,0.066666667,Neutral
WHO says COVID-19 is still a global health emergency,40249,pstbo,https://www.reuters.com/business/healthcare-pharmaceuticals/who-says-covid-19-is-still-global-health-emergency-2022-10-19/,1666192783,5390,health,0,0,Neutral
Health care worker dancing on top of patient’s head,2318,Successful_Hornet_89,https://v.redd.it/rpv3xsybrlee1,1737576600,276,health,0.5,0.5,Positive
18 simple steps to health,1239,Some_Big_Donkus,https://i.redd.it/delaf2odvx7e1.jpeg,1734672310,1167,health,0,0.357142857,Neutral
"US spends most on health care but has worst health outcomes among high-income countries, new report finds ",5400,Iamstilljobless,https://www.cnn.com/2023/01/31/health/us-health-care-spending-global-perspective/index.html,1715531065,528,health,-0.121212121,0.651515152,Negative
The health changes has brought much strife.. (fanart by me),10161,birk_ow,https://www.reddit.com/gallery/1femoyu,1726092737,202,health,0.2,0.2,Positive
Mental health self diagnose chart,2653,Tredicidodici,https://i.redd.it/lxbp8fmutmhd1.jpeg,1723206570,760,health,-0.1,0.2,Negative
"Israel has killed many more people in Gaza than reported, top health study says",2456,turbokinetic,https://www.politico.eu/article/israel-killed-many-more-people-gaza-people-reported-the-lancet-found/,1736535646,275,health,0.325,0.375,Positive
"I can't take the ""self diagnosed"" mental health issues anymore. ",1789,BananaHuszar,https://www.reddit.com/r/confession/comments/1gmfxw8/i_cant_take_the_self_diagnosed_mental_health/,1731063546,714,health,-0.1,0.2,Negative
'Work is good for mental health' - UK prime minister,6048,TailungFu,https://i.redd.it/tip2npv3bhvc1.png,1713551101,524,health,0.3,0.4,Positive
A cool guide to your stool health ,7278,lickpipps,https://i.redd.it/czbyruss72vc1.jpeg,1713368357,453,health,0.35,0.65,Positive
"Dr. Amy Acton, former Ohio Department of Health director, is running for governor",2409,matthew91298,https://www.reddit.com/r/Columbus/comments/1hw2erz/dr_amy_acton_former_ohio_department_of_health/,1736284939,282,health,0,0,Neutral
Just feeling proud of my hair growth and health journey.,8810,shambonobo,https://www.reddit.com/gallery/1fjtd3m,1726667592,204,health,0.8,1,Positive
Queen under medical supervision as doctors concerned for health,34271,progress18,https://www.bbc.com/news/uk-62836057,1662638008,7304,health,0,0,Neutral
Literally millions of health professionals,2671,beerbellybegone,https://i.redd.it/hcbou1d1sh3e1.jpeg,1732734114,305,health,0,0,Neutral
If Americans lose their job do they immediately lose health insurance?,1512,unclear_warfare,https://www.reddit.com/r/NoStupidQuestions/comments/1i3dbo4/if_americans_lose_their_job_do_they_immediately/,1737109189,480,health,0,0,Neutral
Why do i constantly have this health down symbol,4192,Repulsive_Ad_3133,https://i.redd.it/adbkbdp6m2sc1.png,1712065700,864,health,-0.077777778,0.311111111,Negative
You guys can drink it without health issues?,6697,RainNightFlower,https://i.redd.it/qann5s10w6sb1.jpg,1696426854,1459,health,0,0,Neutral
Chief Justing Boying Remulla 4 months after his health leave,3345,wndrlst07,https://i.redd.it/23nmzuunpsbd1.jpeg,1720662715,586,health,0,0,Neutral
Private Health Insurance Boss Assassinated in Midtown,1254,RedemoniousSpider,https://www.nytimes.com/live/2024/12/04/nyregion/brian-thompson-uhc-ceo-shot,1733325650,1144,health,0,0.375,Neutral
"Honestly, WFH ruined my mental health too. 😭",1654,curiouskiarra,https://i.redd.it/ptnptchshr4e1.jpeg,1733287553,577,health,0.25,0.55,Positive
Mental health day 🎮,8764,Mom102020,https://i.redd.it/1nc0v7slb6ud1.jpeg,1728672746,175,health,-0.1,0.2,Negative
Monkeypox declared a global health emergency by the World Health Organization following a surge in cases,49754,Sir_Wayne_Giggsy,https://www.bbc.co.uk/news/health-62279436,1658585800,4776,health,0,0.05,Neutral
What's up with Conservative's hating on World Health Organization ? ,1402,code_investigator,https://www.reddit.com/r/OutOfTheLoop/comments/1guonbi/whats_up_with_conservatives_hating_on_world/,1731989483,978,health,0,0,Neutral
Mental health check yall,6464,Direct_Row1628,https://i.redd.it/8nfp0v731rbb1.jpg,1689261293,3134,health,-0.1,0.2,Negative
Boomer doctor said my health issues aren't real,3597,Fabulous_Fortune1762,https://www.reddit.com/r/BoomersBeingFools/comments/1dpt647/boomer_doctor_said_my_health_issues_arent_real/,1719499919,540,health,0.2,0.3,Positive
UnitedHealth CEO Touts Company’s Record Year After Colleague’s Assassination,8129,sheisthebeesknees,https://i.redd.it/2lwglh3hx4ae1.jpeg,1735629456,119,health,0,0,Neutral
"LGBTQ+ individuals continue to experience high rates of general- and mental ill-health, and report greater rates of adverse health-related behaviours.",30937,thebelsnickle1991,https://www.kcl.ac.uk/news/research-highlights-experiences-of-general-and-mental-ill-health-in-sexual-and-ethnic-minority-individuals,1662233176,3264,health,0.1525,0.435,Positive
American health care is wild,13513,captainangus,https://i.redd.it/bxy3s7ih7rgb1.jpg,1691442679,783,health,0.05,0.2,Positive
Trump Orders US to Withdraw From World Health Organization,1572,qalpi,https://www.bloomberg.com/news/articles/2025-01-21/trump-orders-us-to-withdraw-from-world-health-organization?srnd=homepage-asia,1737423665,381,health,0,0,Neutral
Louisiana Department of Health reports first U.S. H5N1-related human death,2208,Upstairs_Winter9094,https://ldh.la.gov/news/H5N1-death,1736197015,274,health,0.125,0.216666667,Positive
What is the worst health advice you've been given?,3884,Ohyo_Ohyo_Ohyo_Ohyo,https://www.reddit.com/r/AskReddit/comments/17o0h8b/what_is_the_worst_health_advice_youve_been_given/,1699145938,3645,health,-1,1,Negative
[OC] How UnitedHealth Group makes money ,1289,sankeyart,https://i.redd.it/xh96e9cuvdde1.png,1737045506,520,health,0,0,Neutral
Transgender health care is now protected in Minnesota,40678,Sariel007,https://abcnews.go.com/US/transgender-health-care-now-protected-minnesota/story?id=97739240,1678392128,823,health,0,0,Neutral
Exercise more important than weight loss for heart health,39334,ExaltFibs24,https://www.nature.com/articles/s41366-022-01209-w,1661910695,1995,health,0.45,0.75,Positive
Executive Order the US just withdrew from the World Health Organization (WHO),1440,demwoodz,/r/publichealth/comments/1i67c6q/executive_order_the_us_just_withdrew_from_the/,1737424126,408,health,0,0,Neutral
I didn't want free health care anyway.,10545,KinsleyDelilah,https://i.redd.it/35z7d3bfjnjb1.png,1692705824,766,health,0.4,0.8,Positive
UnitedHealth made over $22 billion in profit in 2023,5156,Sunny_side5,https://i.redd.it/elojvgbruy5e1.jpeg,1733812511,154,health,0,0,Neutral
Health and Taxes,1854,AlphaMassDeBeta,https://i.redd.it/q1c9lq3i9ube1.png,1736372025,311,health,0,0,Neutral
The Health consequences of having a drinking problem,37533,Shadow474747,https://v.redd.it/wiw6se3s1gh91,1660362371,2107,health,0,0,Neutral
"UnitedHealth charged cancer patients 5000%, bombshell FTC report claims",7783,JeffCook78,https://www.newsweek.com/unitedhealth-ftc-report-drug-prices-cancer-2016085,1737098892,103,health,0,0,Neutral
"VA exempts 300,000 health care positions from governmentwide hiring freeze",1831,btv_25,https://www.reddit.com/r/fednews/comments/1i8d9s3/va_exempts_300000_health_care_positions_from/,1737664479,281,health,0,0,Neutral
New AI tool counters health insurance denials decided by automated algorithms | US healthcare,4092,No-Conclusion-6172,https://www.theguardian.com/us-news/2025/jan/25/health-insurers-ai,1737918562,136,health,0.136363636,0.454545455,Positive
"Checkmate, health gurus!",17078,IrattaChankan,https://i.redd.it/v0amr23n5vdc1.jpeg,1705873467,329,health,0,0,Neutral
Trump administration directs federal health agencies to pause communications,3849,AlexJRod,https://www.cnn.com/2025/01/21/health/hhs-cdc-fda-trump-pause-communication/index.html,1737570999,143,health,0,0,Neutral
"Canada lawmaker suggests letting 3 US states join, get free health care",1509,BBBWare,https://www.newsweek.com/canada-lawmaker-suggests-letting-three-us-states-join-get-free-healthcare-2011658,1736403959,390,health,0.4,0.8,Positive
Decades-old cans of salmon reveal changes in ocean health,5775,scientificamerican,https://www.scientificamerican.com/article/decades-old-cans-of-salmon-reveal-changes-in-ocean-health/?utm_campaign=socialflow&utm_medium=social&utm_source=reddit,1712252055,418,health,0,0,Neutral
irreversible damage to mental health,5264,Thatone_swimpro1,https://v.redd.it/wahzmd2m48jd1,1723900315,247,health,-0.1,0.2,Negative
reminder for those struggling with mental health,41320,bleak-0utlook,https://i.redd.it/yzge56x4uh3b1.jpg,1685663254,518,health,-0.1,0.2,Negative
Republicans move to repeal law that saves older Americans billions in health care costs,2148,steve-eldridge,https://pennsylvaniaindependent.com/politics/republicans-health-care-costs-inflation-reduction-act-repeal-scott-perry/,1737044716,229,health,0.166666667,0.333333333,Positive
stop smoking for your health...lol,16923,Current_Classroom364,https://i.redd.it/s9n465dovv2d1.jpeg,1716778794,201,health,0,0,Neutral
My husband is really messing with my mental health. ,1455,unhindged_girlie,https://www.reddit.com/r/TwoHotTakes/comments/1g5kce4/my_husband_is_really_messing_with_my_mental_health/,1729145522,795,health,0.05,0.2,Positive
"Mental health check, yall",18022,TheHiddenToad,https://i.redd.it/dtos85rb49t81.jpg,1649836124,9797,health,-0.1,0.2,Negative
Ticketmaster is the UnitedHealthCare of Artists ,2072,MrBungleBungle,https://www.reddit.com/r/Music/comments/1h80s9l/ticketmaster_is_the_unitedhealthcare_of_artists/,1733489942,298,health,0,0,Neutral
Secretary of Health: RFKjr or Rachel Levine?,1307,RevelationSr,https://i.redd.it/e4yw4f628mkd1.jpeg,1724506793,2756,health,0,0,Neutral
Health care is in stack,101567,Comfortablejack,https://i.redd.it/rhn1vo9z7lx71.png,1636035552,5000,health,0,0,Neutral
Moms For Liberty forgot denying health care is child abuse,16161,saveyourtissues,https://i.redd.it/69vldaoxv8eb1.jpg,1690349169,525,health,0,0,Neutral
Health insurance is a scam,2617,Mighty_L_LORT,https://i.redd.it/l2dcbn3k53gd1.jpeg,1722532550,469,health,0,0,Neutral
ewww!! women's health!!,2252,tamamanestjolie,https://i.redd.it/tsnnuozolpee1.jpeg,1737623132,199,health,0,0,Neutral
Winter water for better health,42887,ennagraoui,https://v.redd.it/8ij0apcxhpd81,1643060954,3494,health,0.5,0.5,Positive
WHO declares end to Covid global public health emergency,7446,SevenKiller,https://www.cnbc.com/2023/05/05/who-declares-end-to-covid-global-public-health-emergency.html,1683293149,1333,health,0,0.033333333,Neutral
Our health care system,14299,DunningFreddieKruger,https://i.redd.it/o724qg4ulnca1.jpg,1673965150,1098,health,0,0,Neutral
it ain't health poop,3768,Megazard02,https://i.redd.it/80n3ofzn0y3c1.jpg,1701549636,1198,health,0,0,Neutral
Mental health care is canon in Genshin Impact.,5059,AdPsychological476,https://i.redd.it/czurp28dtgbe1.png,1736209265,118,health,-0.1,0.2,Negative
I'm really concerned about men's mental health,38504,xrayagogo,https://www.reddit.com/r/TrueOffMyChest/comments/quks07/im_really_concerned_about_mens_mental_health/,1636995114,7109,health,0.05,0.2,Positive
What the pressure of being famous does to one's health.,9893,R-emiru,https://i.redd.it/8gwe180n2ucc1.jpeg,1705424597,347,health,0.5,1,Positive
Trump Withdraws U.S. from World Health Organization,1166,postpartum-blues,https://www.nytimes.com/2025/01/20/us/politics/trump-world-health-organization.html,1737423477,444,health,0,0,Neutral
"France suspends 3,000 unvaccinated health workers without pay",61837,DoremusJessup,https://www.france24.com/en/france/20210916-france-suspends-3-000-unvaccinated-health-workers-without-pay,1631813497,6716,health,0,0,Neutral
kris aquino: reto > my health,7218,skrrrt85,https://i.redd.it/zcko931jw3ec1.jpeg,1705979364,402,health,0,0,Neutral
No unemployment checks for health workers who refuse vaccine,48037,whenitpours3,https://apnews.com/article/coronavirus-pandemic-maine-health-298d56e23d36dae964e0039df669bdda,1634232311,5622,health,0,0,Neutral
[Self] Rig health bar animation Dead Space (Cosplay) ,6317,Peep_cosplay,https://i.redd.it/4d9ldvmkuatc1.gif,1712601244,321,health,-0.2,0.4,Negative
"More Americans believe health care is the government’s responsibility. MAGA is looking to end federal programs | 
Newfound belief in government health care comes as some Republicans are getting ready to push for cutting government spending on health care programs such as Obamacare and Medicaid",4051,Murky-Site7468,https://www.the-independent.com/news/world/americas/us-politics/health-care-government-americans-donald-trump-b2666060.html,1735755621,134,health,0.025,0.6,Positive
They burn taxpayers money and their health for war profits,23042,Active-Ad-233,https://i.redd.it/v95m6vpsocx91.jpg,1667313258,972,health,0,0,Neutral
Best thing you've seen reported to health and safety?,3790,CofionCynnes,https://www.reddit.com/r/CasualUK/comments/18179g9/best_thing_youve_seen_reported_to_health_and/,1700653403,1094,health,1,0.3,Positive
What massively improved your mental health?,969,Wonderful-Economy762,https://www.reddit.com/r/Productivitycafe/comments/1g06lxl/what_massively_improved_your_mental_health/,1728520392,3830,health,-0.05,0.6,Negative
They are slashing only the Health Bars?,15792,velatieren,https://i.redd.it/8pm9xjl38exc1.png,1714385438,201,health,0,1,Neutral
No health care just damn assholes,77672,Empty-Option2291,https://i.redd.it/l7ar5q7r7s081.jpg,1637427720,2514,health,0,0,Neutral
"I work in healthcare, currently in a women's health clinic...",1933,ThrowRA9696969,https://www.reddit.com/r/queensland/comments/1gcqfkh/i_work_in_healthcare_currently_in_a_womens_health/,1729964241,375,health,0,0.4,Neutral
"""It's a mental health crisis, not a gun crisis.""",13666,Sonic_the_hedgedog,https://i.redd.it/oybaj9kpqqcb1.jpg,1689693644,507,health,-0.1,0.2,Negative
let's talk about health,5776,mclov69,https://v.redd.it/eke09zvvi8id1,1723469234,201,health,0,0,Neutral
Average metal health advice,7265,Spiritual_Country_62,https://v.redd.it/1c8o858b3mad1,1720146713,207,health,-0.15,0.4,Negative
AITAH for divorcing during my husbands mental health crisis,4887,Thought_Willing,https://www.reddit.com/r/AITAH/comments/15tiwmy/aitah_for_divorcing_during_my_husbands_mental/,1692266275,1167,health,-0.1,0.2,Negative
Cursed health system,66894,SyrianSlayer963,https://i.redd.it/cbtkp3teph481.jpg,1639043868,2156,health,0,0,Neutral
to get someone to talk about another person's mental health,9348,babbagack,https://v.redd.it/hz57sjct9byd1,1730476544,114,health,-0.1,0.2,Negative
Health care system again,81252,TiffaneySelf,https://i.redd.it/hyvoed9sjek71.jpg,1630288748,3264,health,0,0,Neutral
These one shots are ridiculous. Full shield and full health. ,2558,Levelbasegaming,https://v.redd.it/e5f00sv8m5jc1,1708179361,1315,health,0.122222222,0.7,Positive
Pay increase consumed by health insurance increase,1160,Inevitable_Rise_8669,https://www.reddit.com/r/fednews/comments/1hnhcgu/pay_increase_consumed_by_health_insurance_increase/,1735313531,493,health,0,0,Neutral
"""Low Health"" is QUITE an understatement.",6381,fin_zoor,https://v.redd.it/r4s203rh2hfd1,1722265137,195,health,0,0.3,Neutral
Men's mental health matters😄,1904,ik6z,https://i.redd.it/zn8xobylco9e1.jpeg,1735428730,245,health,-0.1,0.2,Negative
Gov. Abbott attributes mass shootings to mental health issues a month after cutting $211 million from mental health commission,42354,CapitalCourse,https://www.ksat.com/news/local/2022/05/30/gov-abbott-attributes-mass-shootings-to-mental-health-issues-a-month-after-cutting-211-million-from-mental-health-commission/,1653966086,1126,health,-0.266666667,0.433333333,Negative
"Study: School days should begin later in morning. School closures had a negative effect on the health and well-being of many young people, but homeschooling also had a positive flipside: Thanks to sleeping longer in the morning, teenagers reported improved health and health-related quality of life.",42292,rustoo,https://www.media.uzh.ch/en/Press-Releases/2022/Adolescent-Sleep.html,1641621940,1945,health,0.121212121,0.340909091,Positive
Mmm... health bar...,16234,Miguelinileugim,https://i.redd.it/ibcvzz7wqfsc1.png,1712224664,205,health,0,0,Neutral
Behold! The Autism meal for those who are health conscious ,1999,Olympia445,https://i.redd.it/hoezunqinrvd1.jpeg,1729366852,349,health,0.1,0.5,Positive
Visible health bar was a big nerf for mirage ,3389,RaymoP99,https://v.redd.it/fttv73ly3hhd1,1723137348,287,health,0,0.1,Neutral
New report proposes redefining obesity by adding body fat and health status to BMI,1190,YesterShill,https://abcnews.go.com/Health/new-report-proposes-redefining-obesity-adding-body-fat/story?id=117678332,1736904443,396,health,0.136363636,0.454545455,Positive
The German health minister is legendary on philosophy,37501,PanEuropeanism,https://www.reddit.com/gallery/sein5z,1643345919,1759,health,0.5,0.5,Positive
‘Massive destruction’: Israeli strikes drain Gaza’s limited health services,50693,WombatusMighty,https://www.theguardian.com/world/2021/may/17/israeli-strikes-gaza-health-system-doctors-hospitals,1621332453,9517,health,-0.035714286,0.571428571,Negative
Health guru starterpack,6733,Desperate_Guava4526,https://i.redd.it/kn7gyvfhksub1.jpg,1697561026,527,health,0,0,Neutral
Millions at risk of losing health insurance following Trump's victory,1804,redeyeblink,https://www.nbcphiladelphia.com/news/national-international/millions-risk-losing-health-insurance-following-trumps-victory/4022602/,1731080365,349,health,0,0.1,Neutral
Social media flocks to mock UnitedHealthcare CEO’s murder,1264,plitspidter,https://www.foxnews.com/media/culture-life-unitedhealthcare-ceos-murder-mocked-celebrated-far-left?intcmp=tw_fnc,1733483005,959,healthcare,0.033333333,0.066666667,Positive
"Why don't people admit that healthcare is where the jobs are?
",1215,Low-Competition9029,https://www.reddit.com/r/careerguidance/comments/1gfvemk/why_dont_people_admit_that_healthcare_is_where/,1730317502,1366,healthcare,0,0,Neutral
The American Healthcare System ,78509,reddot_comic,https://www.reddit.com/gallery/1h71az5,1733374449,1838,healthcare,0,0,Neutral
Accurate healthcare chart,994,biscuitraider,https://i.redd.it/4nvs8vwjt19e1.jpeg,1735155969,281,healthcare,0.4,0.633333333,Positive
Mr beast complains about us healthcare,76238,mangothefoxxo,https://i.redd.it/wr29c3o9qece1.jpeg,1736619798,3980,healthcare,0,0,Neutral
What healthcare careers are actually enjoyable? ,196,infamous_magpie,https://www.reddit.com/r/careerguidance/comments/1eln4w3/what_healthcare_careers_are_actually_enjoyable/,1722963808,282,healthcare,0.5,0.6,Positive
Is our healthcare system really that bad?,526,Visual-Educator8354,https://i.redd.it/pj7c62uety1d1.jpeg,1716378139,327,healthcare,-0.25,0.433333333,Negative
Accused healthcare CEO shooter Luigi Mangione arrives in New York following extradition,134812,nbcnews,https://i.redd.it/2wfbv7eimu7e1.jpeg,1734633045,10718,healthcare,0.068181818,0.277272727,Positive
United Healthcare denies claim of woman in coma,67027,GoodSamaritan_,https://www.newsweek.com/united-healtchare-claim-deny-brian-thompson-luigi-mangione-insurance-2008307,1735819915,2946,healthcare,-0.1,0,Negative
Wanted posters of healthcare CEOs are starting to pop up in NYC,209392,I_ONLY_BOLD_COMMENTS,https://www.reddit.com/gallery/1hbtcy9,1733923406,5832,healthcare,0,0.1,Neutral
A United Healthcare CEO shooter lookalike competition takes place at Washington Square Park,172282,ExactlySorta,https://v.redd.it/46044h6ych5e1,1733600703,6789,healthcare,0,0,Neutral
The healthcare system in this country is an illusion,75303,emily-is-happy,https://i.redd.it/bfx629wywt9e1.jpeg,1735496112,2414,healthcare,0,0,Neutral
Moderators Delete Reddit Thread as Doctors Torch Dead UnitedHealthcare CEO,70451,OkayButFoRealz,https://www.thedailybeast.com/leading-medical-subreddit-deletes-thread-on-unitedhealthcare-ceos-murder-after-users-slam-his-record/,1733423986,10016,healthcare,-0.2,0.4,Negative
Luigi Mangione indicted on murder charges for shooting of UnitedHealthcare CEO Brian Thompson,38516,superfluousapostroph,https://www.cnbc.com/2024/12/17/luigi-mangione-brian-thompson-murder-new-york-extradition.html?__source=iosappshare%7Ccom.google.GoogleMobile.SearchOnGoogleShareExtension,1734466971,5643,healthcare,0,0,Neutral
"UnitedHealthcare CEO fatally shot, NY Post reports -",44304,Hello-Avrammm,https://www.reuters.com/world/us/unitedhealthcare-ceo-fatally-shot-ny-post-reports-2024-12-04/,1733321773,13075,healthcare,0,0,Neutral
"The UnitedHealthcare CEO shooter's meticulous planning has helped him evade police so far, experts say",46347,PlayShelf,https://www.nbcnews.com/news/us-news/unitedhealthcare-ceo-shooters-meticulous-planning-helped-evade-police-rcna183184,1733539875,7619,healthcare,0.1,1,Positive
Luigi Mangione Pleads Not Guilty to Murdering Healthcare CEO,82316,ConfessionsPartII,https://www.bbc.com/news/articles/cwypvd9kdewo,1734966135,2231,healthcare,0.25,1,Positive
"UnitedHealthcare CEO shooting latest: Man being held for questioning in Pennsylvania, sources say",30642,boskee,https://abcnews.go.com/US/unitedhealthcare-ceo-shooting-latest-net-closing-suspect-new/story?utm_source=facebook&utm_medium=social&utm_campaign=dhfacebook&utm_content=null&id=116591169,1733761417,10813,healthcare,0.5,0.9,Positive
Major Health Insurance Companies Take Down Leadership Pages Following Murder of United Healthcare CEO,56670,Trollnutzer,https://www.404media.co/multiple-major-health-insurance-companies-take-down-leadership-pages-following-murder-of-united-healthcare-ceo/,1733483442,4318,healthcare,-0.031018519,0.296296296,Negative
Florida Accidentally Paid Healthcare Company $5 Million Instead of $50K; CEO Used Extra Funds to Run for Congress,59108,ControlCAD,https://www.latintimes.com/florida-accidentally-paid-healthcare-company-5-million-instead-50k-ceo-used-extra-funds-run-571623,1736470642,1412,healthcare,0,0.1,Neutral
"Words found on shell casings where UnitedHealthcare CEO shot dead, senior law enforcement official says",39292,mriamyam,https://www.cnbc.com/2024/12/05/words-found-on-shell-casings-where-unitedhealthcare-ceo-shot-dead-senior-law-enforcement-official-says.html,1733405407,6952,healthcare,-0.2,0.4,Negative
USA vs other developed countries: healthcare expenditure vs. life expectancy,61029,guerilla_post,https://en.m.wikipedia.org/wiki/File:Life_expectancy_vs_healthcare_spending.jpg,1733445446,4060,healthcare,-0.0125,0.3375,Negative
Universal healthcare now ,57123,Detroitish24,https://i.redd.it/m7n49g1wq05e1.jpeg,1733399575,4116,healthcare,0,0,Neutral
A United Healthcare CEO shooter lookalike competition takes place at Washington Square Park,109280,ExactlySorta,https://v.redd.it/bzw7etq1eh5e1,1733601073,2736,healthcare,0,0,Neutral
New York police warn US healthcare executives about online ‘hitlist’,43632,HighburyAndIslington,https://www.theguardian.com/us-news/2024/dec/11/new-york-police-us-healthcare-hit-list,1733931958,3550,healthcare,0.136363636,0.454545455,Positive
'United Healthcare' Using DMCA Against Luigi Mangione Images Which Is Bizarre & Wildly Inappropriate ,59322,HellYeahDamnWrite,https://abovethelaw.com/2024/12/united-healthcare-using-dmca-against-luigi-mangione-images-which-is-bizarre-wildly-inappropriate/,1734908202,1835,healthcare,0.25,0.5,Positive
"UnitedHealthcare CEO shooting latest: Police appear to be closing in on shooter's identity, sources say",22772,JamesCt1,https://abcnews.go.com/US/police-piece-unitedhealthcare-ceo-shooting-suspects-escape-route/story?id=116475329,1733411977,8232,healthcare,0.5,0.9,Positive
The UnitedHealthcare Gunman Understands the Surveillance State,25882,indig0sixalpha,https://www.theatlantic.com/ideas/archive/2024/12/unitedhealthcare-ceo-assassination-investigation/680903/,1733521056,5212,healthcare,0,0,Neutral
The amount of paper United Healthcare FedEx overnighted me - a denied appeal over sterilization,68150,quite-indubitably,https://i.redd.it/5h1h3vqpn67e1.jpeg,1734342844,1758,healthcare,0,0,Neutral
"Would Canadians trade their healthcare system with whatever pros and cons it has, for America’s healthcare system?",9673,valliewayne,https://i.redd.it/1hdv100aj6fe1.jpeg,1737828137,3701,healthcare,0,0,Neutral
They stole billions profiting of denying their people's healthcare,64426,blllrrrrr,https://i.redd.it/v2tklvwxfa6e1.png,1733952809,1889,healthcare,0,0,Neutral
"“Deny, Depose, Defend” was spray painted on the UnitedHealthcare office building in Las Vegas",141285,cmaia1503,https://i.redd.it/qxa7ssd5rt6e1.jpeg,1734186610,1505,healthcare,0,0,Neutral
Yeah that United Healthcare assassin is never going to be heard from again lol ,49416,Angelhappy43,https://i.redd.it/ep90okwuly4e1.jpeg,1733373668,2295,healthcare,0.8,0.7,Positive
Why top internet sleuths say they won't help find the UnitedHealthcare CEO killer,31092,rustyseapants,https://www.nbcnews.com/tech/internet/internet-sleuths-say-wont-help-find-unitedhealthcare-ceo-suspect-rcna183228,1733532035,2861,healthcare,0.5,0.5,Positive
UnitedHealthcare CEO May Have Hired His Own Killer—Former Police Commander,26074,ClubZealousideal9784,https://www.newsweek.com/unitedhealthcare-ceo-may-have-hired-his-own-killerformer-police-commander-1996930,1733556584,2891,healthcare,0.6,1,Positive
United healthcare denial reasons ,32616,Dark-Knight-Rises,https://i.redd.it/j5y1tvtva17e1.jpeg,1734277995,1763,healthcare,0,0,Neutral
"UnitedHealthcare CEO killing latest: Luigi Mangione expected to waive extradition, sources say",26766,RebelliousDragon21,https://abcnews.go.com/US/unitedhealthcare-ceo-killing-latest-luigi-mangione-expected-waive/story?id=116822291,1734359721,1944,healthcare,0.2,0.65,Positive
Shareholders urge UnitedHealth to analyze impact of healthcare denials | Reuters,28885,AnnabananaIL,https://www.reuters.com/business/healthcare-pharmaceuticals/shareholders-urge-unitedhealth-analyze-impact-healthcare-denials-2025-01-08/,1736425782,1108,healthcare,0,0,Neutral
"Luigi Mangione, the suspect in UnitedHealthcare CEO shooting, charged with murder",21517,Ca2Alaska,https://www.cnn.com/us/live-news/brian-thompson-unitedhealthcare-death-investigation-12-9-24/index.html,1733802729,2808,healthcare,0,0,Neutral
"""Don't politicize the shooting of a healthcare CEO...""",51080,devperez,https://v.redd.it/6rtfm6yn525e1,1733416667,1680,healthcare,0,0,Neutral
A United Healthcare CEO shooter lookalike competition takes place at Washington Square Park,84112,ContributionAny3368,https://i.redd.it/6okl6nipeh5e1.jpeg,1733601295,1373,healthcare,0,0,Neutral
AOC on UnitedHealthcare CEO killing: People see denied claims as ‘act of violence’,34486,Murky-Site7468,https://www.nj.com/politics/2024/12/aoc-on-ceo-killing-people-see-denied-claims-as-act-of-violence.html,1734184688,1462,healthcare,0,0,Neutral
Universal healthcare is more efficient & cheaper!,12242,Miserable-Lizard,https://i.redd.it/in28h6kec9fe1.jpeg,1737862145,1258,healthcare,0.3125,0.25,Positive
NYPD releases 2 new photos of man sought in killing of UnitedHealthcare CEO,13526,Emblazin,https://www.nbcnews.com/news/us-news/nypd-releases-new-photos-man-sought-killing-unitedhealthcare-ceo-rcna183343,1733641419,5201,healthcare,0.136363636,0.454545455,Positive
UnitedHealthcare CEO murder suspect Luigi Mangione’s looks captivate TikTok users after perp walk,27315,Real-Work-1953,https://www.foxnews.com/us/tiktok-swoons-unitedhealthcare-ceo-murder-suspect-luigi-mangione-perp-walk-new-york,1734929132,1319,healthcare,0,0,Neutral
"United Healthcare CEO killed in targeted shooting, r/nursing reacts",16074,loimprevisto,https://www.reddit.com/r/SubredditDrama/comments/1h6lian/united_healthcare_ceo_killed_in_targeted_shooting/,1733332775,3812,healthcare,-0.2,0,Negative
Attorney for man accused of killing UnitedHealthcare CEO speaks,16134,Bezbozny,https://www.youtube.com/watch?v=50XOwyUCg7g,1733905497,2779,healthcare,0,0,Neutral
"CEO, United Healthcare",30010,UnemployedFatass,https://i.imgur.com/meJgy42.png,1733334958,1786,healthcare,0,0,Neutral
Lawyer of suspect in healthcare exec killing explains client’s outburst at jail,17854,FLTA,https://www.theguardian.com/us-news/2024/dec/12/unitedhealthcare-suspect-lawyer-explains-outburst,1734021658,2162,healthcare,-0.1,0,Negative
Is this the 'unnecessary care' that UnitedHealthcare CEO Andrew Witty keeps talking about? 🤔,39093,GrandpaChainz,https://i.redd.it/wvusi8zp188e1.png,1734795635,1044,healthcare,0.05,0.95,Positive
"Fingerprints match between Luigi Mangione and prints found at scene of UnitedHealthcare CEO killing, sources say",13209,SadBoy02,https://www.cnn.com/2024/12/11/us/unitedhealthcare-ceo-brian-thompson-shooter-wednesday/index.html,1733930629,3216,healthcare,0,0,Neutral
Reactions to the killing of insurance CEO reveal a deep anger over US healthcare,24238,digital-didgeridoo,https://www.independent.co.uk/news/world/americas/brian-thompson-ceo-killed-manhattan-b2659700.html,1733505756,1616,healthcare,-0.35,0.3,Negative
United Healthcare,43346,Achilles_TroySlayer,https://www.reddit.com/gallery/1howi0l,1735480630,821,healthcare,0,0,Neutral
UnitedHealth confirms 190 million Americans affected by Change Healthcare data breach,27923,lurker_bee,https://techcrunch.com/2025/01/24/unitedhealth-confirms-190-million-americans-affected-by-change-healthcare-data-breach/,1737763992,664,healthcare,0,0,Neutral
American healthcare-- the math ain't mathing.,33675,cas47,https://i.redd.it/pql4o6uyl4ee1.jpeg,1737368995,618,healthcare,0,0,Neutral
"Accused healthcare CEO shooter Luigi Mangione arrives in New York following extradition, 2018 + 6",80163,Whamburgwr,https://i.redd.it/90errkzrnv7e1.jpeg,1734645541,736,healthcare,0.068181818,0.277272727,Positive
"Killer of UnitedHealthcare $UNH CEO Brian Thompson wrote ""deny"", ""defend"" and ""depose"" on bullet casings",13509,RiskItForTheBiscuts,https://www.reddit.com/r/FluentInFinance/comments/1h78cuy/killer_of_unitedhealthcare_unh_ceo_brian_thompson/,1733402726,2015,healthcare,0,0,Neutral
MrBeast’s response to his post criticizing U.S. healthcare getting taken down,19607,RestiveP,https://i.redd.it/gpr5bcrv2lce1.jpeg,1736696682,770,healthcare,-0.155555556,0.288888889,Negative
"Suspect in the killing of UnitedHealthcare’s CEO struggles, shouts while entering courthouse",10872,Lockiophobia,https://apnews.com/article/unitedhealthcare-ceo-shooting-suspect-c68d0328f278d85fcf201ae89f634098,1733862416,2489,healthcare,0,0,Neutral
What is the United Healthcare assassin doing right now?,8584,1952Mary,https://www.reddit.com/r/AskMenAdvice/comments/1h85gwd/what_is_the_united_healthcare_assassin_doing/,1733503011,6884,healthcare,0.285714286,0.535714286,Positive
This is a crime against humanity for which UnitedHealthcare's execs should be put on trial.,55884,GrandpaChainz,https://i.redd.it/7uhyve4szm8e1.png,1734976612,697,healthcare,0,0,Neutral
For profit healthcare in a nutshell folks.,47765,neil_billiam,https://i.redd.it/ycicxd18ga6e1.png,1733952926,807,healthcare,0,0,Neutral
United healthcare CEO shot and killed outside of his hotel in targeted attack,15031,HauteAssMess,https://www.nytimes.com/2024/12/04/nyregion/shooting-midtown-nyc-united-healthcare-brian-thompson.html?smid=nytcore-ios-share&referringSource=articleShare,1733322557,1564,healthcare,-0.1,0.025,Negative
"NYPD divers search for UnitedHealthcare CEO shooting weapon in Central Park lake, sources say",12102,rbevans,https://www.cbsnews.com/news/unitedhealthcare-ceo-shooting-central-park-lake/,1733620736,1853,healthcare,0,0.25,Neutral
"Suspect in CEO's killing wasn't insured by UnitedHealthcare, company says",10317,Real-Work-1953,https://www.nbcnews.com/news/us-news/suspect-ceos-killing-was-not-insured-unitedhealthcare-company-says-rcna184069,1734057475,1472,healthcare,0,0,Neutral
Former United Healthcare Employee Describes Being Forced to Deny Claims,12709,Sufficient_Muscle670,https://www.youtube.com/watch?v=BhfCEqEn6z0,1734450130,1000,healthcare,-0.15,0.1,Negative
United Healthcare denies claim of woman in coma. Mofos are still at it!,19597,kaychyakay,https://www.newsweek.com/united-healtchare-claim-deny-brian-thompson-luigi-mangione-insurance-2008307,1735839693,604,healthcare,-0.125,0,Negative
The U.S. healthcare will kill us all,53397,emily-is-happy,https://i.redd.it/km8jdkqbmvvd1.jpeg,1729414878,1009,healthcare,0,0,Neutral
What do you mean my healthcare costs more?,9378,shoofinsmertz,https://i.redd.it/wzzpwrm1rree1.jpeg,1737649145,650,healthcare,0.09375,0.59375,Positive
A United Healthcare CEO shooter lookalike competition  happened at Washington Square Park in NYC.,29926,FlyGloomy,https://i.redd.it/nvtadisydh5e1.jpeg,1733601052,616,healthcare,0,0,Neutral
Marjorie: Ahhhh!! Better healthcare for everyone! ,41834,Tobias-Tawanda,https://i.redd.it/k4ev2t01986e1.png,1733926272,544,healthcare,0.625,0.5,Positive
Vivek Ramaswamy wants to start DOGE cuts by eliminating funding for unauthorized programs - including veteran healthcare,9917,theindependentonline,https://www.independent.co.uk/news/world/americas/us-politics/vivek-ramaswamy-doge-veteran-healthcare-funding-b2647484.html,1731624150,1609,healthcare,0.1,0.05,Positive
"Politicians out there eulogizing a CEO when their healthcare system murders 45,000+ a year",33280,GrandpaChainz,https://i.redd.it/poyprnr6b25e1.png,1733418608,573,healthcare,0,0,Neutral
A UnitedHealthcare CEO murderer lookalike competition was held today in New York.,63989,TEEZ3RS,https://i.redd.it/lcw1b0gp7o5e1.png,1733683688,484,healthcare,0.136363636,0.454545455,Positive
"'This Is A Warning': Warren, Sanders Address Sympathy For UnitedHealthcare CEO Killing",9625,indig0sixalpha,https://www.huffpost.com/entry/warren-sanders-brian-thompson-health-care_n_6758bc0fe4b063b52a9a524b,1733950357,855,healthcare,0,0,Neutral
Luigi Mangione Pleads Not Guilty to Murdering Healthcare CEO,12990,SilentSolstice_82,https://i.redd.it/h33eianpqm8e1.png,1734973488,604,healthcare,0.25,1,Positive
A cool guide showing which countries provide Universal Healthcare,9849,VaBeachBum86,https://i.redd.it/ycu0zsh76n6e1.jpeg,1734106925,757,healthcare,0.175,0.325,Positive
How Did We Let Insurance Companies Block Access to Healthcare?,6984,Present-Party4402,https://i.redd.it/i89lkcuqccae1.jpeg,1735719365,834,healthcare,0,0,Neutral
Free healthcare for everyone!,22263,EducationalAd3064,https://i.redd.it/42jmaj7unh5e1.jpeg,1733604365,525,healthcare,0.5,0.8,Positive
Minnesota Leading the Healthcare Charge,14420,maybethis-one_,https://i.redd.it/ldpsi36gd2be1.jpeg,1736049589,474,healthcare,0,0,Neutral
Two new signs placed at the exact spot UnitedHealthcare CEO Brian Thompson was assassinated,10128,Lehmanite,https://www.reddit.com/gallery/1h9s4cr,1733690083,741,healthcare,0.193181818,0.352272727,Positive
The Guy who shot the UnitedHealthcare CEO was a g*mer?!?!?!?,22726,Ok-Tennis330,https://i.redd.it/zhzg3oqfmv5e1.jpeg,1733773390,484,healthcare,0,0,Neutral
U.S. Athletes Are Taking Full Advantage of Free Healthcare in Olympic Village,35346,Majorpain2006,https://www.si.com/olympics/american-athletes-taking-full-advantage-of-free-healthcare-olympic-village-france,1723181406,1527,healthcare,0.375,0.675,Positive
Elizabeth Warren Issues Dramatic 'Warning' After UnitedHealthcare CEO Assassination: 'People Can Be Pushed Only So Far',11845,PostHeraldTimes,https://www.ibtimes.com/elizabeth-warren-issues-dramatic-warning-after-unitedhealthcare-ceo-assassination-people-can-3755067,1733946814,607,healthcare,-0.111111111,0.866666667,Negative
UnitedHealthcare CEO 'assassinated' outside Hilton Hotel in midtown Manhattan,6142,TheExpressUS,https://www.the-express.com/news/us-news/156578/united-healthcare-ceo-shot-in-midtown,1733324247,1312,healthcare,0,0.05,Neutral
"Shouldn't we be mourning all the people who die from the decisions of ""healthcare"" companies instead",21011,Thereisonlyzero,https://i.redd.it/iadp1jddgs6e1.jpeg,1734170878,458,healthcare,0,0,Neutral
60 Minutes Reporter Leslie Stahl Looks at President Trump’s Healthcare Plan…Which Was Blank.  ,34451,noneroy,https://i.redd.it/96ovio66o5zd1.jpeg,1730844106,557,healthcare,0,0,Neutral
Denying healthcare is violence ,23728,Miserable-Lizard,https://i.redd.it/lxn4kme69h6e1.jpeg,1734035283,408,healthcare,0,0,Neutral
Protest at the San Francisco J.P. Morgan Healthcare Conference,16765,Diligent_Bag4597,https://www.reddit.com/gallery/1i1rztx,1736924880,343,healthcare,0,0,Neutral
The American healthcare system 😎🇺🇸💥,28640,Coffin_Builder,https://i.redd.it/vnn1zuuyiwld1.jpeg,1725067369,921,healthcare,0,0,Neutral
Your private insurance is a scam. Universal healthcare is basic human right. ,21608,CaptainFlint9203,https://www.reddit.com/r/antiwork/comments/1fduy4n/your_private_insurance_is_a_scam_universal/,1726007713,914,healthcare,0.057142857,0.227142857,Positive
This motherfucker was the tie-breaking vote that denied universal healthcare to the American people. Burn in hell son of a bitch.,14047,Unusual_Strength668,https://en.wikipedia.org/wiki/Joe_Lieberman#:~:text=During%20debate%20on%20the%20Affordable%20Care%20Act%20(ACA)%2C%20as%20the%20crucial%2060th%20vote%20needed%20to%20pass%20the%20legislation%2C%20his%20opposition%20to%20the%20public%20health%20insurance%20option%20was%20critical%20to%20its%20removal%20from%20the%20resulting%20bill%20signed%20by%20President%20Barack%20Obama,1736356572,370,healthcare,0,0,Neutral
US judge blocks Biden administration rule against gender identity discrimination in healthcare,22576,Hrekires,https://www.reuters.com/legal/us-judge-blocks-biden-admin-rule-against-gender-identity-discrimination-2024-07-03/,1720029465,2256,healthcare,0,0,Neutral
someone local posted about their United Healthcare denial,5651,scrubsnbeer,https://i.redd.it/4pf2c213bw6e1.jpeg,1734217528,811,healthcare,0,0,Neutral
Canadian healthcare,33574,Green____cat,https://i.redd.it/9kt68lbzcb9d1.png,1719580957,1419,healthcare,0,0,Neutral
Bill Burr Goes There With Jokes About ‘Gangster’ Healthcare CEOs,10616,wizardofthefuture,https://www.thedailybeast.com/bill-burr-goes-there-with-jokes-about-gangster-healthcare-ceos/,1733724916,487,healthcare,0,0,Neutral
"‘Defend, deny, depose' merchandise hits internet after killing of UnitedHealthcare CEO",6972,SprocketTheWetToad,https://ny1.com/nyc/all-boroughs/business/2024/12/06/defend--deny--depose--merchandise-floods-the-internet,1733594818,652,healthcare,0,0,Neutral
Annual ‘winners’ for most egregious US healthcare profiteering announced,13130,dazzlehasselhoff,https://www.theguardian.com/us-news/2025/jan/07/annual-awards-healthcare-profiteering,1736391568,336,healthcare,0.5,0.5,Positive
MrBeast’s response to his post criticizing U.S. healthcare getting taken down,6932,The_biker0,https://i.redd.it/9zmrd3e59lce1.png,1736698789,453,healthcare,-0.155555556,0.288888889,Negative
I fucking hate the American healthcare system ,4046,Herr-Hunter1122,https://www.reddit.com/r/rant/comments/1hubt0d/i_fucking_hate_the_american_healthcare_system/,1736097253,900,healthcare,-0.4,0.45,Negative
Medicare for All: $32 Trillion Price Tag vs. $49 Trillion Current Healthcare Costs Debate,16123,Present-Party4402,https://i.redd.it/wtxfr5d763rd1.jpeg,1727327068,678,healthcare,0,0.4,Neutral
Young Voters Say Killing UnitedHealthcare CEO Was 'Acceptable' in Bombshell New Poll,7676,PostHeraldTimes,https://www.ibtimes.com/young-voters-say-killing-unitedhealthcare-ceo-was-acceptable-bombshell-new-poll-3756017,1734542581,509,healthcare,0.118181818,0.427272727,Positive
UnitedHealthcare CEO shot dead outside Manhattan Hilton hotel in ‘targeted attack’,5905,theindependentonline,https://www.independent.co.uk/news/world/americas/unitedhealthcare-ceo-brian-thompson-shot-dead-b2658728.html,1733321789,706,healthcare,-0.1,0.225,Negative
"Oh no, how can we exploit the peasants with a universal single payer healthcare system...",13954,bbrk9845,https://i.redd.it/m0c71kv7zf6e1.png,1734019827,365,healthcare,-0.035714286,0.107142857,Negative
To denounce Universal Healthcare,22943,jarena009,https://i.redd.it/3k791hu81xid1.jpeg,1723765972,755,healthcare,0,0,Neutral
"UnitedHealthcare executive fatally shot in Manhattan, reports say",4957,kevinmrr,https://i.redd.it/e3jxf65nqu4e1.png,1733326874,835,healthcare,0,0,Neutral
It's about women's healthcare.,6429,cheezeyballz,https://www.reddit.com/r/texas/comments/1g3ejba/its_about_womens_healthcare/,1728908940,1092,healthcare,0,0,Neutral
Healthcare for All...,7640,Hajicardoso,https://i.redd.it/33cfn1d2a8ae1.jpeg,1735670013,398,healthcare,0,0,Neutral
Women fighting for healthcare and abortion rights in the 1960s.,10053,Hooverpaul,https://i.redd.it/vezhq1pzuzqd1.jpeg,1727286974,742,healthcare,0,0,Neutral
"Words found on shell casings where UnitedHealthcare CEO was shot dead, senior law enforcement official says",4590,IHATEsg7,https://www.cnbc.com/2024/12/05/words-found-on-shell-casings-where-unitedhealthcare-ceo-shot-dead-senior-law-enforcement-official-says.html,1733410194,829,healthcare,-0.2,0.4,Negative
MrBeast Doesn't Care About Better Healthcare (He's Hired Republican Lobbyists who rep Big Health Insurance),7724,Downtown_Station5859,https://www.reddit.com/gallery/1hz8jc6,1736636794,354,healthcare,0.25,0.3,Positive
"USA: ""Why top internet sleuths refuse to solve UnitedHealthcare CEO’s murder""",5109,TheBodyPolitic1,https://www.reddit.com/r/RedditForGrownups/comments/1h9joba/usa_why_top_internet_sleuths_refuse_to_solve/,1733667181,675,healthcare,0.5,0.5,Positive
Healthcare (pt 2),37978,Pizzacakecomic,https://www.reddit.com/gallery/1bnbeub,1711366448,2038,healthcare,0,0,Neutral
UnitedHealthcare CEO fatally shot in midtown Manhattan,6729,bikerbiker01000101,https://www.reddit.com/r/minnesota/comments/1h6hhcq/unitedhealthcare_ceo_fatally_shot_in_midtown/,1733322978,483,healthcare,0,0,Neutral
"Social media flocks to mock UnitedHealthcare CEO’s murder | Its' wild that folks at Conservatives suddenly dislike their privatized Healthcare, what gives.",6500,rustyseapants,https://old.reddit.com/r/Conservative/comments/1h7yxim/social_media_flocks_to_mock_unitedhealthcare_ceos/Social%20media%20flocks%20to%20mock%20UnitedHealthcare%20CEO%E2%80%99s%20murder,1733537124,477,healthcare,0.044444444,0.322222222,Positive
Annual ‘winners’ for most egregious US healthcare profiteering announced,12550,emitremmus27,https://www.theguardian.com/us-news/2025/jan/07/annual-awards-healthcare-profiteering,1736286532,266,healthcare,0.5,0.5,Positive
Accused healthcare CEO shooter Luigi Mangione arriving in New York following extradition,17365,Smartbomb_exe,https://i.redd.it/lczhkgc8qu7e1.png,1734634256,271,healthcare,0.068181818,0.277272727,Positive
Healthcare Pls,5061,Dangime,https://i.redd.it/w79dh3u4e28e1.jpeg,1734727045,514,healthcare,0,0,Neutral
For profit healthcare is evil,6339,FreehealthcareNOWw,https://v.redd.it/gyxdtjc7ndbe1,1736170813,368,healthcare,-1,1,Negative
Death by US Healthcare System,13860,EvidenceOfDespair,https://i.redd.it/82yx4uokkbhd1.jpeg,1723070273,662,healthcare,0,0,Neutral
Luigi what are you doing? you already have Universal Healthcare!,4525,NICNE0,https://i.redd.it/zyom50pjpv5e1.png,1733774449,585,healthcare,0,0,Neutral
"ELi5: Why can't blue states form a coalition to provide ""healthcare for all""? ",5773,YahYah2424,https://www.reddit.com/r/explainlikeimfive/comments/1hnghdv/eli5_why_cant_blue_states_form_a_coalition_to/,1735311092,364,healthcare,0,0.1,Neutral
Healthcare,11479,Green____cat,https://i.redd.it/e6wy34zpqqrd1.png,1727612439,444,healthcare,0,0,Neutral
Here's Who Was Buying Up Millions in UnitedHealthcare Stock Before CEO Brian Thompson Was Killed,4415,esporx,https://www.ibtimes.com/heres-who-was-buying-millions-unitedhealthcare-stock-before-ceo-brian-thompson-was-killed-3753954,1733333006,543,healthcare,-0.2,0,Negative
We Have To Have A JOB To Get This Healthcare.....,17382,Bertiers_Moma,https://i.redd.it/2vw4t02iwvde1.jpeg,1737263600,189,healthcare,0,0,Neutral
Healthcare!,11882,Pizzacakecomic,https://www.reddit.com/gallery/1bmk3u3,1711284965,2284,healthcare,0,0,Neutral
The system is so evil. Universal healthcare now please. ,10569,FreehealthcareNOWw,https://v.redd.it/jzketn1u1d7e1,1734420234,258,healthcare,-0.5,0.5,Negative
Healthcare for All...,26325,Hajicardoso,https://i.redd.it/qcy4n7n898ae1.jpeg,1735669736,187,healthcare,0,0,Neutral
Bill Burr’s opinion on United healthcare CEO (actual video),4306,slodman,https://youtu.be/BBodTFQJMZs,1734370893,461,healthcare,0,0.1,Neutral
Canadians not so thrilled to have a concept of a healthcare plan,6177,Eienkei,https://i.redd.it/ks5bbngfg6fe1.jpeg,1737827178,258,healthcare,0.6,0.7,Positive
A cool guide to single payer healthcare,14766,GetDownAndBoogieNow,https://i.redd.it/ebph4n1sqjnc1.jpeg,1710093773,1544,healthcare,0.139285714,0.432142857,Positive
Wouldn't our economy function better if workers had the healthcare they need?,5624,olyfrijole,https://i.redd.it/9nxwjnq0p54e1.png,1733023748,373,healthcare,0.5,0.5,Positive
Marjorie: Ahhhh!! Better healthcare for everyone! ,12873,Minimum-Ad-8019,https://i.redd.it/k4ev2t01986e1.png,1733936806,228,healthcare,0.625,0.5,Positive
United Healthcare CEO killed in targeted shooting ,2639,EternalSophism,https://www.cnn.com/2024/12/04/us/brian-thompson-united-healthcare-death/index.html,1733324439,963,healthcare,-0.2,0,Negative
Why is the media coverage of the United HealthCare CEO so weird?,2692,marks31,https://www.reddit.com/r/NoStupidQuestions/comments/1h8bhci/why_is_the_media_coverage_of_the_united/,1733518466,888,healthcare,-0.5,1,Negative
"UnitedHealthcare CEO’s wife: “Basically, I don’t know, a lack of health care coverage?” ",3693,nursechronicles,https://i.redd.it/c8abw02cnx4e1.jpeg,1733362057,525,healthcare,0,0,Neutral
Luigi Mangione indicted on murder charges for shooting of UnitedHealthcare CEO Brian Thompson,2936,cmaia1503,https://www.cnbc.com/2024/12/17/luigi-mangione-brian-thompson-murder-new-york-extradition.html?taid=6761de2928e48e000138df83&utm_campaign=trueanthem&utm_medium=social&utm_source=twitter%7Cmain,1734467568,639,healthcare,0,0,Neutral
15 years more than any Healthcare CEO,13576,millifish,https://i.redd.it/pzn242bfk27e1.png,1734293335,211,healthcare,0.5,0.5,Positive
Healthcare Being Tied To Your Job Is A Formula For Worker Exploitation. Universal Healthcare Would This Problem.,12357,zzill6,https://i.redd.it/wcvla2jhzg4e1.png,1733160508,230,healthcare,0,0,Neutral
"CMV: The American healthcare system is not only obviously worse than universal healthcare, but ridiculously so. I don't get how anybody can support it.",2367,4K05H4784,https://www.reddit.com/r/changemyview/comments/1gqky67/cmv_the_american_healthcare_system_is_not_only/,1731525372,1439,healthcare,-0.146666667,0.52,Negative
Mugshot of CEO of United Healthcare Brian Thompson from a 2017 DUI arrest. ,6144,bjack20,https://i.redd.it/eg9bkxbvgm8e1.jpeg,1734970100,271,healthcare,-0.05,0,Negative
Universal healthcare in the Outback. This costs the patient nothing - no matter who they are. ,11353,Rd28T,https://i.redd.it/ydbvc8gwjyzd1.jpeg,1731193771,257,healthcare,0,0,Neutral
Americans be like: Universal Healthcare?,40439,hateful_brianna,https://i.redd.it/ru0ks6jao8ob1.jpg,1694705103,3163,healthcare,0,0,Neutral
Healthcare professionals: what is a telltale sign a patient has used drugs heavily in their life?,18911,littlefatbewwy,https://www.reddit.com/r/AskReddit/comments/16v6en7/healthcare_professionals_what_is_a_telltale_sign/,1695977776,7302,healthcare,-0.2,0.5,Negative
The suspect arrested in Pennsylvania in the United Healthcare CEO Assassination was class valedictorian,5486,GeniusEE,https://www.reddit.com/gallery/1hahjoo,1733771262,308,healthcare,0,0,Neutral
UNITED HEALTHCARE Merchants of DEATH ,24144,GlooomySundays,https://i.redd.it/5okexfheqcbe1.png,1736159800,151,healthcare,0,0,Neutral
to mislead people by saying that Canadian citizens would have a better healthcare If Canada became the 51st state of the USA,2459,Ultimintree,https://v.redd.it/vfyxvhd2g4fe1,1737803155,467,healthcare,0.5,0.5,Positive
I don’t want me none of that dern socialist healthcare.,9991,ThrowawaySeattleAcct,https://i.redd.it/8hdz4xiik01e1.jpeg,1731654038,248,healthcare,0,0,Neutral
"Firefighters voted for Republicans, Republicans thank them by stripping healthcare",6989,EpicPartyGuy,https://i.redd.it/4f3k7hz8t79e1.jpeg,1735228554,231,healthcare,0,0,Neutral
The healthcare system in America is awful.,182319,Comfortablejack,https://i.redd.it/6mvpynwq0e1b1.png,1684763303,8678,healthcare,-1,1,Negative
Wayne on the United Healthcare Shooting,5957,Risque_Glow,https://i.redd.it/amezwkjsi56e1.jpeg,1733893240,272,healthcare,0,0,Neutral
Idk how much clearer we can get: the US healthcare system is a fucking and cruel joke.,61250,1Hate17Here,https://www.reddit.com/gallery/15ctrs7,1690641174,3000,healthcare,-0.466666667,0.666666667,Negative
Republicans in Nebraska celebrate after banning healthcare for trans kids and abortion,59515,viovetf,https://i.redd.it/ql7firug6w0b1.jpg,1684547323,10428,healthcare,0,0,Neutral
"Americans subsidize free healthcare for dozens of other countries, but don't have it themselves",24549,kevinmrr,https://i.redd.it/dq0ikoitfbmc1.jpeg,1709557384,642,healthcare,0.1375,0.5875,Positive
My reaction to news that the CEO of United HealthCare was assassinated this morning,3372,jgilbs,https://i.redd.it/uje0pr8f9w4e1.png,1733345289,433,healthcare,0,0,Neutral
UnitedHealthcare names new boss after former CEO killed,13688,0pportunistic,https://www.bbc.com/news/articles/cre8n8rjp5yo,1737686756,143,healthcare,-0.021212121,0.151515152,Negative
Luigi Mangione Judge Married to Former Healthcare Executive,9310,EzAwnDown,https://www.kenklippenstein.com/p/luigi-mangione-judge-married-to-former,1734984997,192,healthcare,0.125,0.125,Positive
"Anyone else think we need a broad-based, non-partisan movement to save public healthcare?",5626,henryiswatching,https://i.redd.it/p3bk9h92quld1.png,1725045647,495,healthcare,0,0.066666667,Neutral
Slain Healthcare CEO’s Life Airbrushed by Media,5256,Shalmanese,https://www.kenklippenstein.com/p/slain-healthcare-ceos-life-airbrushed,1733727656,275,healthcare,0,0,Neutral
MrBeast healthcare rule,5206,GradyGambrell1,https://i.redd.it/fkc4tgtbofce1.jpeg,1736631252,225,healthcare,0,0,Neutral
Unfortunately really disappointed with my experience with Dutch healthcare,1873,weezerstan,https://www.reddit.com/r/Netherlands/comments/1i008w2/unfortunately_really_disappointed_with_my/,1736724617,716,healthcare,-0.75,0.75,Negative
Trolley problem: do you let millions of Americans go without the healthcare that they need and are paying for and remain innocent or do you assassinate the CEO of a healthcare company but become guilty of murder?,2360,averagepenisman,https://i.redd.it/sdbf6mllr06e1.png,1733835663,653,healthcare,0,0.85,Neutral
Bill Burr exposes slain United healthcare CEO ,9425,Dark-Knight-Rises,https://v.redd.it/3r0tmws81b6e1,1733959978,197,healthcare,0,0,Neutral
Comedian Tim Dillon plays “ghost” of murdered UnitedHealthcare CEO in Netflix special,4519,cmaia1503,https://www.nme.com/news/tv/comedian-tim-dillon-plays-ghost-of-murdered-unitedhealthcare-ceo-in-netflix-special-3825182,1735500832,260,healthcare,0.357142857,0.571428571,Positive
Healthcare vs Caffeine...,12823,Hajicardoso,https://i.redd.it/gkzpbgy0gebe1.jpeg,1736180508,152,healthcare,0,0,Neutral
"Correction:  Suddenly there isn’t enough house, healthcare, income, and food is expensive. ",4990,heyvictimstopcryin,https://i.redd.it/grdqgtp1q80d1.jpeg,1715626376,1306,healthcare,-0.166666667,0.566666667,Negative
What plans do conservatives support to fix healthcare (2/3rds of all bankruptcies)?,1534,DataWhiskers,https://www.reddit.com/r/Askpolitics/comments/1hezcnr/what_plans_do_conservatives_support_to_fix/,1734288616,1918,healthcare,0,0,Neutral
"TIL that the healthcare industry may have gatekeeped thousands of brilliant students from becoming doctors by enforcing artificial limits. 
",10963,1nfini7e,https://www.advisory.com/daily-briefing/2022/02/16/physician-shortage,1736521216,155,healthcare,0.25,0.95,Positive
How did UnitedHealthcare (UHC & UHG) become the #1 healthcare if they deny so frequently (highest) and have complex claims process,2923,Fabulous-Breath-6665,https://www.reddit.com/r/NoStupidQuestions/comments/1h7cd0j/how_did_unitedhealthcare_uhc_uhg_become_the_1/,1733414156,462,healthcare,-0.1,0.35,Negative
Public healthcare is in serious trouble in Ontario,6086,Aighd,https://i.redd.it/748j3711twoc1.jpeg,1710687768,1442,healthcare,-0.177777778,0.311111111,Negative
A friend’s friend died because of our healthcare system,1870,aSliceOfHam2,https://www.reddit.com/r/montreal/comments/1hd23ib/a_friends_friend_died_because_of_our_healthcare/,1734056732,902,healthcare,0,0,Neutral
American authors really said even fiction can't save US healthcare,7541,Aphrodite-descendant,https://i.redd.it/426lei4ehede1.jpeg,1737052661,167,healthcare,0.1,0.1,Positive
Healthcare must be free for all,11143,GlooomySundays,https://i.redd.it/7v6hmgzx6wvd1.jpeg,1729421809,226,healthcare,0.4,0.8,Positive
"Great case for nationalized healthcare Elmo.  Medicare for All, now. ",2541,ZonkXD,https://i.redd.it/ydfvhjil225e1.jpeg,1733415618,523,healthcare,0.8,0.75,Positive
Apparently healthcare workers don’t serve our country.,20325,shixiaohu172,https://i.redd.it/rs8pokvo0v9b1.jpg,1688437881,3574,healthcare,0.05,0.35,Positive
“I can’t get pregnant and shouldn’t have a say in women’s healthcare”. Vic shares a story of how he almost lost his wife if it wasn’t for life saving women’s healthcare ,6526,Knightbear49,https://v.redd.it/5szvh1sqyhod1,1726198633,348,healthcare,0.333333333,0.5,Positive
My boomer father doesn’t understand how universal healthcare works. ,5657,bryvolbm7q,https://www.reddit.com/r/BoomersBeingFools/comments/1bjjlwr/my_boomer_father_doesnt_understand_how_universal/,1710956938,1384,healthcare,0,0,Neutral
Do you have a healthcare plan?,5163,jesterlind,https://i.redd.it/g4qdx8wqd3od1.png,1726022073,408,healthcare,0,0,Neutral
"“Deny, Depose, Defend” was spray painted on the UnitedHealthcare office building in Las Vegas",2974,Pristine_Context_429,https://i.redd.it/qxa7ssd5rt6e1.jpeg,1734189043,379,healthcare,0,0,Neutral
Do you want America to switch to single-payer healthcare?,1481,Specialist-Tomato210,https://www.reddit.com/r/Askpolitics/comments/1h7qav0/do_you_want_america_to_switch_to_singlepayer/,1733450387,2015,healthcare,0,0,Neutral
A collection of posts in relation to the United healthcare CEO shooting,7858,Tasty_Wave_9911,https://www.reddit.com/gallery/1h9i14a,1733661666,193,healthcare,0,0,Neutral
Landmark Law Prohibits Health Insurance Companies from Using AI to Deny Healthcare Coverage,9971,OkayButFoRealz,https://sd13.senate.ca.gov/news/press-release/december-9-2024/landmark-law-prohibits-health-insurance-companies-using-ai-to,1734125314,169,healthcare,0,0,Neutral
"The United States is the only major country on Earth without universal healthcare, that's an absolute disgrace...",67067,return2ozma,https://i.imgur.com/f8CfRpo.jpg,1684743121,1866,healthcare,0.065625,0.6,Positive
CMV: Luigi's killing of the UHC healthcare CEO will change nothing about the US healthcare system. ,1856,MelonDoodle,https://www.reddit.com/r/changemyview/comments/1hu9kqs/cmv_luigis_killing_of_the_uhc_healthcare_ceo_will/,1736091344,601,healthcare,0,0,Neutral
"We can fund wars, but free healthcare costs too much",8346,imjustheretodomyjob,https://i.redd.it/sahwxuu0c7zc1.jpeg,1715173763,554,healthcare,0.3,0.5,Positive
How is this alarming with the rising costs of housing and healthcare? ,3837,UusiSisu,https://i.redd.it/fcwsoim3k70d1.jpeg,1715612269,1568,healthcare,-0.1,0.6,Negative
Person of interest in UnitedHealthcare CEO Brian Thompson killing is an anti-capitalist,2897,Shamoorti,https://nypost.com/2024/12/09/us-news/person-of-interest-in-fatal-shooting-of-unitedhealthcare-boss-brian-thompson-idd-as-luigi-mangione-an-ex-ivy-league-student/,1733768926,379,healthcare,0,0,Neutral
USA Healthcare is so crappy  that its Olympic athletes are flooding the free healthcare service centers available to them in Paris,8722,kevinmrr,https://i.redd.it/i4vw80s8b3id1.jpeg,1723406128,319,healthcare,0.4,0.6,Positive
Thinking Like This Is Why Universal Healthcare Is Such A Hard Sell In America,20953,zzill6,https://i.redd.it/lt2k16w1t43c1.jpg,1701196093,743,healthcare,-0.097222222,0.347222222,Negative
Why Do We Accept Insurance Companies Blocking Healthcare Just to Make Money?,12012,Henry-Teachersss8819,https://i.redd.it/hgtwh8iyecae1.jpeg,1735720093,135,healthcare,0,0,Neutral
Tell me you’ve never worked in healthcare without telling me you’ve never worked in healthcare.,1705,Realistic-Noise-5389,https://www.reddit.com/r/nursing/comments/1hzckqg/tell_me_youve_never_worked_in_healthcare_without/,1736648821,579,healthcare,0,0,Neutral
When you talk with Auth-right about free healthcare ,3009,JorgitoEstrella,https://i.redd.it/hoasnuajjvjd1.jpeg,1724183759,781,healthcare,0.4,0.8,Positive
Why Do A Lot Of Americans Pushback On Universal Healthcare When It Would Be Cheaper And Better?,6415,zzill6,https://i.redd.it/kv11umc0e5wd1.jpeg,1729533345,243,healthcare,0.25,0.25,Positive
Is It Better Healthcare or More Manchildren?,9968,SimpleButFun,https://i.redd.it/4nn5nlv2s0sc1.png,1712043462,510,healthcare,0.5,0.5,Positive
The USA spends more money per captia on healthcare and has lower life expectancy than other developed countries,4015,Icc0ld,https://i.redd.it/pjlly4bh5efe1.jpeg,1737920429,191,healthcare,0.158333333,0.391666667,Positive
I guess the American Dream is to become a healthcare exec now.,1726,roguerunner1,https://i.redd.it/w2tfhw186b6e1.jpeg,1733961649,743,healthcare,0,0,Neutral
"Journalist Who Talked w/ Mangione Blames ""obese, violent, drug addicted Americans"" for Healthcare Issues.",3738,illegalmonkey,https://www.thefp.com/p/conversations-with-luigi-mangione-alleged-killer-brian-thompson,1735567144,233,healthcare,-0.6,0.8,Negative
Is this the 'unnecessary care' that UnitedHealthcare CEO Andrew Witty keeps talking about?,8012,GlooomySundays,https://i.redd.it/s7cm4fp1md8e1.png,1734862925,156,healthcare,0.05,0.95,Positive
UnitedHealthcare under fire for using AI to deny Medicare claims,6681,wizardofthefuture,https://www.fox5ny.com/news/unitedhealthcare-ai-algorithms-deny-claims,1733645676,182,healthcare,0,0,Neutral
Luigi Mangione Judge Married to Former Healthcare Executive,10678,mcgillhufflepuff,https://www.kenklippenstein.com/p/luigi-mangione-judge-married-to-former,1734982234,138,healthcare,0.125,0.125,Positive
"FBI: Bourbon Street attack that killed 10 and IEDs that were found is not terrorism, but killing 1 healthcare CEO is.",2883,AndyJack86,https://www.youtube.com/watch?v=biR1uQDi-Ec,1735743216,287,healthcare,-0.2,0,Negative
"Votes Conservative, wonders why his healthcare is trash.",11464,Devolution1x,https://www.reddit.com/gallery/176nml2,1697162020,1128,healthcare,0,0,Neutral
Our healthcare system isn’t sustainable ,2296,Desertpoet,https://www.reddit.com/r/ontario/comments/1fj276k/our_healthcare_system_isnt_sustainable/,1726586960,913,healthcare,0,0,Neutral
This is what “depose” looks like in the U.S. healthcare system,5985,Vegetable-Key3600,https://v.redd.it/e925bzopgt7e1,1734650802,177,healthcare,0,0,Neutral
This suspect was just arrested for the fatal shooting of United Healthcare CEO Brian LeFevre,14615,That_Hole_Guy,https://i.redd.it/qc70j1l6zv5e1.jpeg,1733777713,131,healthcare,0,0,Neutral
"Arkansas is also #40 in economy, #47 in healthcare and #49 in crime but go off",2474,Detroitish24,https://i.redd.it/cu94z44p4g8e1.jpeg,1734893366,345,healthcare,0,0,Neutral
Why Many Americans Are Celebrating the UnitedHealthcare CEO’s Murder,2550,ec1710,https://newrepublic.com/article/189121/unitedhealthcare-brian-thompson-shooting-social-media-reaction,1733630071,370,healthcare,0.5,0.5,Positive
Healthcare companies are making their employees sign solidarity pledges and promise not to give executives info out,2813,Kummerdenfreude,https://www.reddit.com/gallery/1h8zdij,1733597703,331,healthcare,0,0,Neutral
Derek Peth weighs in on the UnitedHealthcare CEO shooting,1791,glassyrat,https://i.redd.it/hh4up0k1a35e1.jpeg,1733430229,640,healthcare,0,0,Neutral
US Healthcare System.,31582,Monsur_Ausuhnom,https://i.redd.it/x4by2w2h5i2c1.jpg,1700921727,515,healthcare,0,0,Neutral
American Healthcare,104393,WarmBicycle8961,https://i.redd.it/7lqw3vezoa5a1.jpg,1670775900,2476,healthcare,0,0,Neutral
Comedian Gets Backlash for Playing Ghost of Healthcare CEO,2210,Slow-Locksmith-5971,https://youtu.be/6LKHvzq_qMo?si=hT4Ci-3rNxj7Klxj,1735442988,371,healthcare,0,0,Neutral
Healthcare?,24742,Only-Reels,https://i.redd.it/hofb7r5mg9sd1.jpeg,1727839056,159,healthcare,0,0,Neutral
Canadian Healthcare,31666,pietradolce,https://i.redd.it/1ecotv5fol0b1.jpg,1684420159,1215,healthcare,0,0,Neutral
Best healthcare in the world though right? 🇺🇸,11297,GrandpaChainz,https://i.redd.it/seo89i4io4dd1.jpeg,1721243479,265,healthcare,0.642857143,0.417857143,Positive
MrBeast Doesn't Care About Better Healthcare (He's Hired Republican Lobbyists who rep Big Health Insurance),1986,Downtown_Station5859,https://www.reddit.com/gallery/1hz8k59,1736636856,380,healthcare,0.25,0.3,Positive
Oregon's transition to Universal Healthcare: the first state?,1523,healthcare4alloregon,https://www.reddit.com/r/oregon/comments/1hstcnp/oregons_transition_to_universal_healthcare_the/,1735929089,628,healthcare,0.125,0.166666667,Positive
‘He is no hero’: Pennsylvania governor rips people praising UnitedHealthcare CEO’s suspect killer,1281,redditor01020,https://www.independent.co.uk/news/world/americas/crime/luigi-mangione-arrest-pennsylvania-reaction-health-insuranc-b2661599.html,1733791363,1387,healthcare,0,0,Neutral
Why Is The Benefit Of Universal Healthcare Such A Hard Sell?,17728,zzill6,https://i.redd.it/6scorrbeu3hb1.jpg,1691595792,972,healthcare,-0.097222222,0.347222222,Negative
"Kaiser Permanente: Over 75,000 US healthcare workers go on strike",15499,Davis_Birdsong,https://www.bbc.com/news/world-us-canada-67011381,1696447348,773,healthcare,0,0,Neutral
Majority of debtors to US hospitals now people with health insurance | US healthcare,7006,OSS4Me,https://www.theguardian.com/us-news/2024/jan/11/hospital-debt-increase-people-with-insurance,1704978828,860,healthcare,0,0,Neutral
How good is free/cheap healthcare in your country?,3569,abdulj07,https://i.redd.it/p616s0tsax6d1.jpeg,1718539011,753,healthcare,0.7,0.6,Positive
"Best healthcare system in the world, right?",7733,GrandpaChainz,https://i.redd.it/z8orcd4gmn6e1.png,1734112400,151,healthcare,0.642857143,0.417857143,Positive
"Healthcare, free college, affordable housing, please...",5962,BaldHourGlass667,https://i.redd.it/xt1d7j63nmwc1.jpeg,1714051484,548,healthcare,0.4,0.8,Positive
Sweden army is actually stating facts. (Sadly Sweden needs better healthcare for trans people :c),4510,Ashleyytgirl,https://i.redd.it/ino5anungd6e1.png,1733989487,198,healthcare,0.1875,0.65,Positive
Young Voters Say Killing UnitedHealthcare CEO Was 'Acceptable' in Bombshell New Poll,3746,Cowicidal,https://www.ibtimes.com/young-voters-say-killing-unitedhealthcare-ceo-was-acceptable-bombshell-new-poll-3756017,1734575424,216,healthcare,0.118181818,0.427272727,Positive
Ramaswamy wants to defund unauthorized government programs - like veteran healthcare,3166,Extra-Internal991,https://www.the-independent.com/news/world/americas/us-politics/vivek-ramaswamy-doge-veteran-healthcare-funding-b2647484.html,1731635382,304,healthcare,0.1,0.05,Positive
Killing of UnitedHealthcare CEO prompts flurry of stories on social media over denied insurance claims,2802,Nastyfaction,https://www.cnn.com/2024/12/06/business/insurance-claim-denials-unitedhealthcare-ceo/index.html,1733551140,300,healthcare,0.033333333,0.066666667,Positive
Casings inscribed with “delay” and “deny” in UnitedHealthcare CEO shooting,1729,NullDelta,https://www.reddit.com/r/medicine/comments/1h7dgiq/casings_inscribed_with_delay_and_deny_in/,1733416953,586,healthcare,0,0,Neutral
I HATE THE HEALTHCARE SYSTEM,3410,Narwhal-Feeling,https://i.redd.it/6pas2poedo6e1.jpeg,1734121453,237,healthcare,-0.8,0.9,Negative
"Tim Dillon receives ""backlash"" for playing dead United Healthcare CEO",1825,1leeranaldo,https://v.redd.it/aom880i8rp9e1,1735445755,431,healthcare,-0.2,0.4,Negative
United Healthcare's Giant Scam Exposed,4064,Sufficient_Muscle670,https://www.youtube.com/watch?v=sGMgkO1XFIw&pp=ygULc3RhdHVzIGNvdXA%3D,1733617154,213,healthcare,0,1,Neutral
"Denver, Portland, Chicago, Las Vegas, Riverside: Coast to coast people are questioning the American healthcare system. ",9922,zzill6,https://www.reddit.com/gallery/1hfo0on,1734369250,128,healthcare,0,0,Neutral
Great American Healthcare…,3786,what_eve_r,https://www.huffpost.com/entry/cigna-employee-flips-off_n_314189/amp,1733692035,220,healthcare,0.4,0.375,Positive
We Need To Stop Tying Healthcare To Employment. It's Past Time For Universal Healthcare!,20898,zzill6,https://i.redd.it/mdpks1injv7c1.jpeg,1703263240,431,healthcare,-0.125,0.125,Negative
CG superintendent vs. LE healthcare system,23149,RarelyBawdy,https://i.redd.it/4bt80xnirw5c1.jpeg,1702406158,431,healthcare,0,0,Neutral
"The UnitedHealthcare CEO shooter's meticulous planning has helped him evade police so far, experts say",2281,Scary-Ratio3874,https://www.nbcnews.com/news/us-news/unitedhealthcare-ceo-shooters-meticulous-planning-helped-evade-police-rcna183184,1733595125,356,healthcare,0.1,1,Positive
Mugshot of CEO of United Healthcare Brian Thompson for his DUI arrest in 2017,6423,Classic-Carpet7609,https://i.redd.it/pujw6gnnph8e1.jpeg,1734912520,145,healthcare,-0.05,0,Negative
Robotics Over Healthcare,20240,Hajicardoso,https://i.redd.it/u24t8ekntrnd1.jpeg,1725882138,161,healthcare,0,0,Neutral
The American Healthcare System.,16069,Monsur_Ausuhnom,https://i.redd.it/ubmyw9s3oqib1.jpg,1692307854,768,healthcare,0,0,Neutral
A painful spinal surgery upended suspect Luigi Mangione’s life prior to arrest for UnitedHealthcare shooting,1983,SnoozeDoggyDog,https://www.aol.com/painful-spinal-surgery-upended-suspect-114008626.html,1733850885,412,healthcare,-0.25,0.3,Negative
"Billionaires Speak Out Against US Healthcare Giants: ""You Idiots Are Going To Get Us All Killed""",6216,JustBath291,https://www.reddit.com/r/onionheadlines/comments/1h8a9ww/billionaires_speak_out_against_us_healthcare/,1733515250,158,healthcare,-0.5,0.4,Negative
The healthcare thing is always good to murder with,10755,Eastern-Dig-4555,https://i.redd.it/jjqoo5rifauc1.jpeg,1713031961,341,healthcare,0.7,0.6,Positive
Its a fitness class,1562,dapink29,https://v.redd.it/i9dnhhcr966d1,1718211793,84,fitness,0,0,Neutral
1956. Fitness in the 1950s was wild.,14208,Honest-Internal-187,https://v.redd.it/7mnpysqw2mhc1,1707506985,1176,fitness,0.1,0.4,Positive
What fitness hack have you personally discovered that is an absolute game changer?,4637,neurobonkers,https://www.reddit.com/r/AskReddit/comments/1bbr96n/what_fitness_hack_have_you_personally_discovered/,1710120943,1890,fitness,-0.066666667,0.533333333,Negative
Incredible underwater fitness,26754,Gainsborough-Smythe,https://v.redd.it/9f2db518rvzc1,1715469401,569,fitness,0.9,0.9,Positive
Why does Planet Fitness allow this?!,416,notregular,https://v.redd.it/nj277g5lf3sc1,1712075585,349,fitness,0,0,Neutral
Fitness progress,10981,DurozeauWui,https://v.redd.it/k4x5vm1qgn6e1,1734110499,479,fitness,0,0,Neutral
Fitness “influencer” exposed for faking her videos,17901,gravityVT,https://v.redd.it/zqc59cx1easb1,1696469251,769,fitness,0,0,Neutral
Trump is 78 and barely coherent. Where's everyone who questioned Biden's age and fitness?,27843,P_a_s_g_i_t_24,https://eu.usatoday.com/story/opinion/columnist/2024/09/09/trump-old-incoherent-biden-age-mental-fitness/75138026007/?09102024,1728406811,1910,fitness,0.5,0.7,Positive
Trump is 78 and barely coherent. Where's everyone who questioned Biden's age and fitness?,51151,plz-let-me-in,https://www.usatoday.com/story/opinion/columnist/2024/09/09/trump-old-incoherent-biden-age-mental-fitness/75138026007/,1725902861,2476,fitness,0.5,0.7,Positive
Severe Incoherence in Trump’s Latest Speech Triggers Doubts About His Mental Fitness,21937,Turd_Burglerson,https://dailyboulder.com/severe-incoherence-in-trumps-latest-speech-triggers-doubts-about-his-mental-fitness/,1725560189,1202,fitness,0.2,0.55,Positive
Time to take Planet Fitness down for good,53674,mymatt1,https://i.redd.it/pyzd487ks6vd1.jpeg,1729114297,582,fitness,0.272222222,0.444444444,Positive
(37)-(39) After 1.5yrs of sobriety and fitness.,8548,yougotyolks,https://www.reddit.com/gallery/1ha2ped,1733722183,646,fitness,0,0,Neutral
Trump is 78 and barely coherent. Where's everyone who questioned Biden's age and fitness?,30675,Repulsive-Finger-954,https://www.usatoday.com/story/opinion/columnist/2024/09/09/trump-old-incoherent-biden-age-mental-fitness/75138026007/,1725904131,711,fitness,0.5,0.7,Positive
'Could Republicans dump Trump?' Conservative says it's time to ask about mental fitness,15986,Quirkie,https://www.rawstory.com/trump-mental-decline-2668977519/,1723829078,1216,fitness,-0.1,0.2,Negative
Another fitness enthusiast,8942,No_Tackle_5439,https://v.redd.it/41e8e0v90mee1,1737884582,342,fitness,0,0,Neutral
The FTC has finalized the “Click-to-Cancel” rule; Goodbye Planet Fitness. ,32618,TheLiminalSpace,https://www.ftc.gov/news-events/news/press-releases/2024/10/federal-trade-commission-announces-final-click-cancel-rule-making-it-easier-consumers-end-recurring,1729273692,435,fitness,0,0,Neutral
I’m clinically obese and starting my fitness journey. This was from me attempting to speed walk ,6796,slayingcatdog,https://i.redd.it/mmbmk85f41ce1.jpeg,1736455067,433,fitness,0,0.1,Neutral
You earn $1 for every calorie you burn on fitness machines.,7320,v4v4v4v4,https://www.reddit.com/r/hypotheticalsituation/comments/1e8jepi/you_earn_1_for_every_calorie_you_burn_on_fitness/,1721558195,2352,fitness,0,0,Neutral
Anytime Fitness in Church,8864,Tijmen17,https://www.reddit.com/gallery/1fy65vy,1728303356,486,fitness,0,0,Neutral
LA Fitness bar code,7677,Western-Propaganda,https://v.redd.it/yfzhelol2t3e1,1732870812,311,fitness,0,0,Neutral
Trump is 78 and barely coherent. Where's everyone who questioned Biden's age and fitness?,16478,Zandra_the_Great,https://www.usatoday.com/story/opinion/columnist/2024/09/09/trump-old-incoherent-biden-age-mental-fitness/75138026007/,1725978589,329,fitness,0.5,0.7,Positive
Blursed fit ,11094,Jackabing,https://i.redd.it/by9smpt8vqbe1.jpeg,1736330907,186,fitness,0.4,0.4,Positive
Planet Fitness Shower Incident,2207,Dear-Classroom-3182,https://www.reddit.com/r/AITH/comments/1gp52t7/planet_fitness_shower_incident/,1731363841,1269,fitness,0,0,Neutral
Fitness guru Richard Simmons dead at 76,8132,GarthRanzz,https://abcnews.go.com/US/fitness-guru-richard-simmons-dead-76/story?id=111912398,1720904160,498,fitness,-0.2,0.4,Negative
What’s the most common inaccurate health or fitness view most people hold?,5066,MaxEhrlich,https://www.reddit.com/r/AskReddit/comments/1bjrft8/whats_the_most_common_inaccurate_health_or/,1710976154,3825,fitness,0.233333333,0.5,Positive
"Federal Judge, 96, Is Suspended Amid Concerns About Her Mental Fitness",16811,TaxOwlbear,https://www.nytimes.com/2023/09/20/us/judge-pauline-newman-suspended.html,1695290024,1466,fitness,-0.1,0.2,Negative
20 months into fitness. Best decision of my life,3466,donpabloemiliooo,https://i.redd.it/1jcliipdgs9e1.jpeg,1735478426,259,fitness,1,0.3,Positive
Critics Question 'Mental Fitness' After Trump Makes Key Mistake Twice At Pennsylvania Rally,5308,plz-let-me-in,https://www.huffpost.com/entry/trump-rally-mistake_n_66ab24d4e4b050952a6f7354,1722533741,429,fitness,-0.05,0.6,Negative
Severe Incoherence in Trump's Latest Speech Triggers Doubts About His Mental Fitness,3957,inewser,https://dailyboulder.com/severe-incoherence-in-trumps-latest-speech-triggers-doubts-about-his-mental-fitness/,1725375594,449,fitness,0.2,0.55,Positive
YouTube will begin limiting access to fitness videos for European teens. Here's why,3325,mahaanus,"https://www.euronews.com/health/2024/09/07/youtube-will-begin-limiting-access-to-fitness-videos-for-european-teens-heres-why#:~:text=YouTube%20said%20it%20will%20now,they%20show%20intimidation%20or%20fighting.",1725882775,528,fitness,0,0,Neutral
"Fitness progress, this dude is awesome!",5314,Scorpiogre_rawrr,https://v.redd.it/k4x5vm1qgn6e1,1734119155,198,fitness,1,1,Positive
Wednesday fitting,13426,cobrakai--neverdies,https://v.redd.it/rwimg1356kde1,1737121542,103,fitness,0.5,0.5,Positive
New fitness program,124022,jocewin,https://v.redd.it/1s0dnqy4haca1,1673806191,1249,fitness,0.136363636,0.454545455,Positive
Fitness level: infinity,10757,crazyscolding99,https://v.redd.it/moo5s1dy5ezb1,1699565960,703,fitness,0,0,Neutral
Europoor doesn’t understand American Fitness culture,6046,Braydenrocks,https://www.reddit.com/gallery/1d3u5o8,1717038206,392,fitness,0,0,Neutral
Roles where the actor's absurd physical fitness is a positive?,2605,JeffRyan1,https://www.reddit.com/r/movies/comments/1dybwai/roles_where_the_actors_absurd_physical_fitness_is/,1720452892,881,fitness,-0.090909091,0.562770563,Negative
"Trump again refuses to release current health records, as Harris questions his fitness",5880,PositiveFun8654,https://www.cnbc.com/amp/2024/10/18/trump-health-records-harris-exhausted.html,1729342534,197,fitness,0,0.4,Neutral
Fitness update,87799,lilmcfuggin,https://v.redd.it/p5d5df5vgf291,1653835645,4361,fitness,0,0,Neutral
My husband brought homemade food to his beautiful young fitness instructor ,2799,Typical-Stand7087,https://www.reddit.com/r/AmIOverreacting/comments/1c7cav8/my_husband_brought_homemade_food_to_his_beautiful/,1713468867,1180,fitness,0.475,0.7,Positive
Trump is 78 and barely coherent. Where's everyone who questioned Biden's age and fitness?,6711,P_a_s_g_i_t_24,https://eu.usatoday.com/story/opinion/columnist/2024/09/09/trump-old-incoherent-biden-age-mental-fitness/75138026007/,1725933724,191,fitness,0.5,0.7,Positive
Fitness level: infinity,107657,3askaryyy,https://v.redd.it/1qvbgl18sge81,1643391190,3989,fitness,0,0,Neutral
Fitness Influencer ‘Liver King’ Admits to Steroid Use: ‘I Lied’,12258,CoralBalloon,https://www.youtube.com/watch?v=q_Vd7i4ZpgA&feature=emb_logo,1670036457,2284,fitness,0,0,Neutral
"A ""24h"" Fitness closed without checking and locked a man inside",79713,pietradolce,https://i.redd.it/th4ixkm8umz81.jpg,1652617316,1763,fitness,-0.1,0.1,Negative
Diets/Fitness in 2023-2024 Starter Pack ,2928,Taxomifen19,https://i.redd.it/k0erg97zn7id1.png,1723458838,388,fitness,0,0,Neutral
"Zac Efron Says ‘Baywatch’ Fitness Routine Forced Him Into Depression, Insomnia",13534,Sanlear,https://www.indiewire.com/2022/09/zac-efron-baywatch-workout-diet-depression-1234759575/,1662636418,1522,fitness,-0.3,0.2,Negative
Chinese elders in fitness parks,73890,SAM041287,https://v.redd.it/8bw8j2pjulu71,1634736886,1892,fitness,0,0,Neutral
"JFK expresses his concerns about the physical fitness of the America youth, 1962.",3216,zadraaa,https://v.redd.it/07mjffzejl9d1,1719704168,341,fitness,0,0.142857143,Neutral
David Beckham Sues Mark Wahlberg's F45 Fitness Company For 10 Million,4906,Free_Hat_McCullough,https://www.tmz.com/2024/04/21/david-beckham-sues-mark-wahlberg-f45-fitness-deal/,1713707235,310,fitness,0,0,Neutral
The President's Fitness Test,6037,Veeboy,https://i.redd.it/e96tz0tgbyvb1.png,1698066503,515,fitness,0,0,Neutral
The Media Is Finally Waking Up to the Story of Trump’s Mental Fitness,4480,JediEon,https://newrepublic.com/article/186836/trump-mental-fitness-cognitive-decline-new-york-times,1728300056,165,fitness,-0.05,0.6,Negative
"Lost 25% body fat in 2024. Fitness is hard, but probably not impossible. ",3682,boegan,https://www.reddit.com/gallery/1hquwg3,1735702893,124,fitness,0.020833333,0.770833333,Positive
US army halts gender neutral fitness test as women struggle,43873,DangerousDeveloper,https://www.nzherald.co.nz/world/us-army-halts-gender-neutral-fitness-test-as-women-struggle/CHFHJA5EYGHHQR4W73QZEHIHXY/,1615730443,5587,fitness,0,0,Neutral
Fitness goals,107066,But_a_Jape,https://i.redd.it/e4ioi98lj6n61.png,1615808820,3009,fitness,0,0,Neutral
This guy talking about pushups. Fitness is a journey and we all start somewhere.,137770,d3333p7,https://v.redd.it/cyqtq3ff3ky61,1620767182,2064,fitness,0,0,Neutral
When all the celebrities had a fitness video,3049,EnleeJones,https://www.reddit.com/gallery/1c93d1h,1713654845,461,fitness,0,0,Neutral
AITA for ‘mansplaining’ fitness?,1961,Ok-Front-2035,https://www.reddit.com/r/AmItheAsshole/comments/1eu4ok4/aita_for_mansplaining_fitness/,1723854806,444,fitness,0,0,Neutral
My fitness app considers sex as a legitimate exercise,2742,Ok_Possibility_5323,https://i.redd.it/iihmca3t2izc1.jpeg,1715303781,474,fitness,0,0,Neutral
He’s gonna become a fitness influencer if he stays two steps ahead,13341,Dark_Wolf04,https://v.redd.it/188nvuovuznd1,1725979398,104,fitness,0,0,Neutral
My Pitch: Replace Karamo with a lifestyle and fitness expert.,2156,Few-Measurement739,https://www.reddit.com/r/QueerEye/comments/1hkegqb/my_pitch_replace_karamo_with_a_lifestyle_and/,1734922506,176,fitness,0,0,Neutral
Be careful if you use 24 Hour Fitness on McLoughlin.  ,1249,osakajin4711,https://www.reddit.com/r/Portland/comments/1hzswuq/be_careful_if_you_use_24_hour_fitness_on/,1736705682,268,fitness,-0.1,1,Negative
Fitness games are fun,13794,Frequent-Shirt-8382,https://v.redd.it/nmf271e625ad1,1719940521,123,fitness,0.3,0.2,Positive
"La fitness cancellation process is designed to make you not want to quit, had to go to the gym, then call, then send this stupid letter. FK LA FITNESS",29760,Thatdudedoesnotabide,https://i.redd.it/vjgarbic0fv71.jpg,1635088592,1048,fitness,-0.8,1,Negative
"Questions about Trump’s age, fitness become literal front-page news | After months of intense scrutiny of Joe Biden's age and fitness, now it's Donald Trump facing the same kinds of questions. It's about time.",4950,WhileFalseRepeat,https://www.msnbc.com/rachel-maddow-show/maddowblog/questions-trumps-age-fitness-become-literal-front-page-news-rcna170412,1725981820,141,fitness,0.1,0.5625,Positive
My fitness journey.,2827,RegularHeron2353,https://www.reddit.com/gallery/1drwd8s,1719733923,290,fitness,0,0,Neutral
George Hackenschmidt Helped Shape Modern Fitness as We Know It Today (1907),36940,FenixDriver,https://i.redd.it/2ykyeyci78281.png,1638057264,847,fitness,0.2,0.3,Positive
Trump’s New Campaign Schedule Is Troubling Sign of His Mental Fitness,2090,plz-let-me-in,https://newrepublic.com/post/184720/trump-campaign-schedule-august-mental-fitness,1723224828,319,fitness,0.018181818,0.327272727,Positive
Highschool fitness was much more demanding in 1962,8593,tolgakureksiz1,https://v.redd.it/bfuwgqloxlv91,1666553679,746,fitness,0.5,0.5,Positive
Planet Fitness finally got a swimming pool.,28307,toro6andtwo,https://v.redd.it/stg531ocf3l71,1630589878,857,fitness,0,1,Neutral
White supremacist fitness clubs are fat-shaming Trump supporters and plotting a race war,4201,etfvpu,https://www.businessinsider.com/white-supremacist-fight-clubs-race-war-2024-3,1709512021,273,fitness,0,0,Neutral
Fitness Contest,21963,abstracted_sediment,https://v.redd.it/vksj3vudlc691,1655544397,505,fitness,0,0,Neutral
My Fitness Pal has moved barcode scanning to Premium membership. What's another good app?,1346,Loud-Olive-8110,https://www.reddit.com/r/loseit/comments/1fyy4xe/my_fitness_pal_has_moved_barcode_scanning_to/,1728389138,359,fitness,0.7,0.6,Positive
planet fitness sweating right now,2166,Donghoon,https://i.redd.it/43u4eff39cid1.png,1723514411,264,fitness,0.285714286,0.535714286,Positive
Fitness Girlies (Samus Aran x Wii Fit Trainer) [@hoshizoralone],8022,Scared-Stock6985,https://i.redd.it/x1aip9oouece1.jpeg,1736621510,55,fitness,0.4,0.4,Positive
Fitness Goal,56412,iammesutkaya,https://i.redd.it/otu1l944db981.png,1641146354,533,fitness,0,0,Neutral
I make dumb products and today I created the Fitness Fork.,11644,rightcoastguy,https://v.redd.it/b8okqcgshw0b1,1684533109,308,fitness,-0.375,0.5,Negative
Fit Check.,1384,isitcola,https://i.redd.it/86url0tu79fe1.jpeg,1737860618,178,fitness,0.4,0.4,Positive
Fitness is a journey and we all start somewhere,56702,d3333p7,https://v.redd.it/mkmd3zhx7ky61,1620768697,727,fitness,0,0,Neutral
Why do guys show so much skin at fitness centers?,2327,Infinite-Mud-5673,https://www.reddit.com/r/NoStupidQuestions/comments/165vapw/why_do_guys_show_so_much_skin_at_fitness_centers/,1693440636,1138,fitness,0.2,0.2,Positive
One year into my fitness journey,1983,Small-Professor07,https://i.redd.it/bl2xqcexu7be1.jpeg,1736100770,134,fitness,0,0,Neutral
Fitness streamer in Taiwan shows stalker of 4 months following him into mart,4037,Ralphieman,https://clips.twitch.tv/EasyElatedCookieAsianGlow-qvBtzjDt_w4hlV8Z,1701318276,330,fitness,0,0.1,Neutral
Discussion: Who's your favorite fitness influencer? Mine is Jeff Nippard!,2201,SodaCake2,https://i.redd.it/1udydyn5yz3d1.jpeg,1717263533,319,fitness,0.625,1,Positive
Fitness level: infinity,14238,Few_Discipline_691,https://v.redd.it/n4yf6x6lumz81,1652617445,533,fitness,0,0,Neutral
Wu-Tang Clan rapper Method Man allegedly involved in assault at Staten Island Crunch Fitness,1431,Matt8910,https://nypost.com/2025/01/16/us-news/wu-tang-clan-rapper-method-man-arrested-on-assault-charge-at-staten-island-crunch-fitness/,1737061186,170,fitness,-0.1,0.1,Negative
Nikki Haley questions Trump’s mental fitness after he repeatedly confuses her with Pelosi,4348,theindependentonline,https://www.independent.co.uk/news/world/americas/us-politics/haley-questions-trump-mental-fitness-b2482130.html,1705787987,257,fitness,-0.1,0.2,Negative
Fitting three elbow fittings,27137,aloofloofah,https://i.imgur.com/0UZZ3fl.gifv,1655651915,383,fitness,0.5,0.5,Positive
Salma Hayek's reaction to Kumail Nanjiani's fitness transformation for Eternals,35420,NaiadoftheSea,https://i.redd.it/exs8wkz0m8541.jpg,1576607562,1442,fitness,0,0,Neutral
My 7 month fitness progress ,2791,Alert-Screen4305,https://i.redd.it/79asmgzafgbd1.jpeg,1720513951,202,fitness,0,0,Neutral
Fitness for women,1604,vonRecklinghausen,https://www.reddit.com/r/xxfitness/comments/1ewss5j/fitness_for_women/,1724152239,295,fitness,0,0,Neutral
A church converted into a anytime fitness ,1829,jason544770,https://i.redd.it/tq2hq07nndtd1.jpeg,1728325700,202,fitness,0,0,Neutral
Trump is 78 and barely coherent. Where's everyone who questioned Biden's age and fitness?,1984,justin_quinnn,https://eu.usatoday.com/story/opinion/columnist/2024/09/09/trump-old-incoherent-biden-age-mental-fitness/75138026007/?09102024,1728797112,180,fitness,0.5,0.7,Positive
Fitness level flex,2536,Safe-Wrongdoer8357,https://i.redd.it/20xiu6n7of7e1.jpeg,1734451994,107,fitness,0,0,Neutral
Fitness Content Creator Alignment Chart,2625,AlneCraft,https://i.redd.it/o5796re2x4kc1.png,1708606757,328,fitness,0,0,Neutral
Mark Wahlberg sued by David Beckham over '£8.5m loss in fitness deal',2102,JHOWES97,https://www.dailymail.co.uk/news/article-13330131/mark-wahlberg-sued-david-beckham-ambassador-fitness-brand.html?ito=social-reddit,1713593903,339,fitness,0,0,Neutral
"Indian Fitness Content Creator, making fun of people at gym.",5846,Lucky_Pomelo_3116,https://v.redd.it/qmrnqen652rb1,1695933558,252,fitness,0.3,0.2,Positive
Police: Naked Man Arrested At Planet Fitness Cites ‘Judgment Free Zone’,49962,porcoeur,https://boston.cbslocal.com/2018/07/23/planet-fitness-naked-man-eric-stagno-arrest-judgment-free-zone-plaistow,1532383588,2077,fitness,0.2,0.6,Positive
Young Chinese are 'too fat and masturbate too much to pass army fitness tests',42758,stankmanly,https://www.standard.co.uk/news/world/young-chinese-are-too-fat-and-masturbate-too-much-to-pass-army-fitness-tests-a3617881.html,1503578169,4402,fitness,0.1,0.2,Positive
If Men Acted like Female Tiktok Fitness Influencers,3550,Chinchillin09,https://www.youtube.com/watch?v=s6yeoty57Hg,1675109256,749,fitness,0,0.166666667,Neutral
The CEO of Planet Fitness Donated to Donald Trump,15185,thesesforty-three,https://www.out.com/news/2019/9/30/ceo-planet-fitness-donated-donald-trump,1569850819,2017,fitness,0,0,Neutral
This fitness has a giant simulator screen to keep people entertained while cycling,59565,vosszaa,https://gfycat.com/directsillyfallowdeer,1566977634,973,fitness,0,1,Neutral
The way this dude finds joy in his personal fitness journey is inspiring.,14673,verified_bs,https://v.redd.it/p5d5df5vgf291,1653844642,377,fitness,0.433333333,0.5,Positive
Trump Jr. Says He Wanted Russian Dirt to Determine Clinton’s ‘Fitness’ for Office,30451,kerovon,https://www.nytimes.com/2017/09/07/us/politics/trump-russia-investigation.html,1504797767,3730,fitness,0,0,Neutral
Was scrolling through reels and a fitness influencer commented this,2680,jenna_beterson,https://www.reddit.com/gallery/1aiyn36,1707080973,298,fitness,0,0,Neutral
I literally use this girls fitness app,6935,AlertSanity,https://i.redd.it/gus1udqil93a1.jpg,1669872915,382,fitness,0,0,Neutral
Richard Simmons -- the legendary fitness guru -- has died at 76. 💔🕊️,2420,galaxystars1,https://www.tmz.com/2024/07/13/richard-simmons-dead-dies-fintess-guru/?adid=social-fb&fbclid=IwZXh0bgNhZW0CMTEAAR34bCcRvBucuMUgB7_thtvz1nX8cID2Oc_idNzYMMVb6d7V4lKu03RHvcQ_aem_bfKCJAuLDdxP5wRRmYrs1g,1720902001,186,fitness,1,1,Positive
Serious fitness!,54682,ImmunosuppressivePip,https://i.imgur.com/0wIZUXr.gifv,1514818405,1572,fitness,-0.416666667,0.666666667,Negative
Fitness tracking app gives away location of secret US army bases,36923,IAmNotTheEnemy,https://www.theguardian.com/world/2018/jan/28/fitness-tracking-app-gives-away-location-of-secret-us-army-bases,1517168673,1699,fitness,-0.4,0.7,Negative
"JFK expresses his concerns about the physical fitness of the America youth, 1962.",2065,KindheartednessIll97,https://v.redd.it/oziopvej7fpc1,1710922360,329,fitness,0,0.142857143,Neutral
"[Image] I'm not one to obsess about fitness, but",38403,PanchosLegend,https://i.redd.it/z4z49v01ann21.jpg,1553249270,967,fitness,0,0,Neutral
Nikki Haley Goes All in Attacking Trump’s Mental Fitness After Pelosi Flub,3922,rollingstone,https://www.rollingstone.com/politics/politics-news/nikki-haley-trump-mental-fitness-pelosi-1234950671/,1705855740,203,fitness,-0.1,0.2,Negative
'Could Republicans dump Trump?' Conservative says it's time to ask about mental fitness,1427,SlightChocolate721,https://www.rawstory.com/trump-mental-decline-2668977519/,1723842115,267,fitness,-0.1,0.2,Negative
Costco refunded my 2-year 24hr fitness pass: never hurts to ask,12241,thatsamaro,https://www.reddit.com/r/personalfinance/comments/hmw776/costco_refunded_my_2year_24hr_fitness_pass_never/,1594134264,886,fitness,0,0,Neutral
"Betty Brosmer, fitness legend,  in the 1950s. Build her body with weightlifting.",2152,Electrical-Aspect-13,https://www.reddit.com/gallery/1fl7d60,1726821880,148,fitness,0,0,Neutral
planet fitness shaming the prepared homie's choice of water container,7275,ElderberryOk8660,https://i.redd.it/1xeztuiw72k91.jpg,1661520475,391,fitness,0,0,Neutral
Kameron Michaels (US10)’s new fitness venture 🫶🏼,1711,LoudAndQueer1991,https://www.reddit.com/gallery/1hrczlk,1735766829,111,fitness,0.136363636,0.454545455,Positive
Shamed by a passive-aggressive fitness app.,13407,Acting_Normally,https://i.redd.it/kauzwq91h27e1.jpeg,1734292169,33,fitness,0,0,Neutral
Fitness Journey,10416,reddot_comic,https://i.redd.it/igrgcss5dtjc1.jpeg,1708466870,109,fitness,0,0,Neutral
Their fitness instructor is very short,65164,crazycu,https://v.redd.it/urmg2qd1ket31,1571449329,602,fitness,0,0.39,Neutral
Trapped in LA Fitness,6173,lilspoopy,https://v.redd.it/cbdom2njusu91,1666201459,370,fitness,-0.2,0,Negative
2 year fitness transformation. (22-24),1133,Vee_fitnesss,https://i.redd.it/gynefl9o3sbe1.jpeg,1736345849,155,fitness,0,0,Neutral
"Fitness, fitness, fitness. It’s essential, especially with these fat bodies in the gun community",3811,03MoonGoon,https://v.redd.it/2v24l6ibjhya1,1683480320,364,fitness,0,0.65,Neutral
AITA for not paying my fitness trainer?,7382,Tessy23,https://www.reddit.com/r/AmItheAsshole/comments/pnfddn/aita_for_not_paying_my_fitness_trainer/,1631539473,600,fitness,0,0,Neutral
What sparked your fitness journey?,4326,BPTeehee,https://i.redd.it/ukkbmizbuesb1.jpg,1696523183,220,fitness,0,0,Neutral
Harris ramps up attacks on Trump’s mental fitness,1721,BobbyLucero,https://thehill.com/homenews/campaign/4954198-harris-ramps-up-attacks-on-trumps-mental-fitness/,1729979487,141,fitness,-0.1,0.2,Negative
Sanity Sunday: Celebrating cellulite - mad respect for this fitness influencer,41750,LavenderLady_,https://i.redd.it/igpws651awx31.jpg,1573407302,567,fitness,-0.625,1,Negative
Synchronized fitness classes.,16907,EvonyR,https://v.redd.it/37pc8nvhddp61,1616763220,446,fitness,0,0,Neutral
Dora the Explorer at the Fitness Expo,9663,KoalaHomosapien,https://v.redd.it/5ljmtfau1ufc1,1706731782,109,fitness,0,0,Neutral
Fitness tracking app gives away location of secret US army bases,23737,frankthechicken,https://www.theguardian.com/world/2018/jan/28/fitness-tracking-app-gives-away-location-of-secret-us-army-bases,1517165924,1047,fitness,-0.4,0.7,Negative
scared shitless fitness 💀,20755,aaravaryaman,https://v.redd.it/61c6fbf83nc81,1642595875,286,fitness,0,0,Neutral
Fitness mom. she's the best,42519,mem12791,https://i.imgur.com/lJb4eg0.gifv,1483636873,1084,fitness,1,0.3,Positive
cursed_fitness,10854,RetiredAsparagus,https://i.redd.it/pkgedolz634c1.jpg,1701612296,117,fitness,0,0,Neutral
LPT: You can cancel your planet fitness membership online.,1845,nguyenqh,https://www.reddit.com/r/LifeProTips/comments/19ekh3x/lpt_you_can_cancel_your_planet_fitness_membership/,1706112168,349,fitness,0,0,Neutral
"""I'm getting into fitness and I have a European mindset.""",1510,polskaholathe4th,https://i.redd.it/3og4xso812wd1.png,1729492531,154,fitness,0,0,Neutral
Fitness TikTok in a nutshell,14603,coreycmalone,https://v.redd.it/q51lqt9c8hm91,1662573924,218,fitness,0,0,Neutral
1950s fitness was wild.,2352,KindheartednessIll97,https://v.redd.it/ia0hgrbhmhpc1,1710939811,214,fitness,0.1,0.4,Positive
Fitness Test [One Punch Man],23089,mh_envy,https://v.redd.it/yp56nprvowz51,1605665021,401,fitness,0,0,Neutral
World of Warcraft Classic Fitness game (just for fun),10452,Vanrustic,https://i.redd.it/ha55fn4eo3n31.png,1568702909,876,fitness,0.022222222,0.255555556,Positive
What are your fitness-related hot takes and/or unpopular opinions?,4539,nuggetsofchicken,https://www.reddit.com/r/xxfitness/comments/haxb42/what_are_your_fitnessrelated_hot_takes_andor/,1592419200,2385,fitness,0.25,0.85,Positive
Sanya Malhotra's fitness game is on another level🔥,2313,DragonDeninSharkTank,https://v.redd.it/ieyz7q7g62td1,1728186761,107,fitness,-0.4,0.4,Negative
Fitness coach,12316,solarfigure,https://v.redd.it/nfbk0hsqg0ld1,1724679297,49,fitness,0,0,Neutral
I hate leveling Passives. (Fitness/Strength),1821,CodeResponsible5047,https://v.redd.it/gk87ysmmv85e1,1733498026,99,fitness,-0.8,0.9,Negative
This fitness model keepin it real,18061,HotelIndiaFoxtrot,https://i.imgur.com/e5Epe2u.jpg,1618798664,355,fitness,0.2,0.3,Positive
Anon needs fitness plans!!,43261,R33TRO,https://i.redd.it/973czg7ydkf41.png,1581108545,421,fitness,0,0,Neutral
An unfortunate logo for a fitness center,56286,Dingwallace,https://i.redd.it/k9wh6wd5qne01.jpg,1517951001,646,fitness,-0.3,0.55,Negative
Cancelled LA Fitness - They keep charging me,8089,LAFitnessIssues00,https://www.reddit.com/r/personalfinance/comments/aqch8j/cancelled_la_fitness_they_keep_charging_me/,1550097205,1302,fitness,0,0,Neutral
Woman destroys Planet Fitness & assaults employee!,3206,SnooTangerines5364,https://v.redd.it/9tvrco3inyb91,1657990550,645,fitness,0,0,Neutral
Wore a 1980s-style fitness outfit today to the gym 🏋️‍♀️,1892,FlamingMercury151,https://www.reddit.com/gallery/1bdxwsn,1710352401,250,fitness,0,0,Neutral
Who’s mental fitness is in question here?,12990,Lockhara,https://i.redd.it/uer5lvgjbw571.jpg,1623966124,348,fitness,-0.1,0.2,Negative
Texas Family Fitness closes many of its locations with zero notice to members after partnering with Planet Fitness ,507,cbuech,https://i.redd.it/9khk3z0chc7e1.jpeg,1734413339,346,fitness,0.5,0.5,Positive
[Multi] Some cool cars I've seen at my local La Fitness,1761,deathsandwicheater,https://www.reddit.com/gallery/1hvxhiz,1736272756,81,fitness,0.175,0.325,Positive
"13yo is very susceptible to hype-y fitness influencers on YouTube. Does anyone have safe, evidence-based, and minimally douchey fitness channels to recommend?",2356,RatherUnseemly,https://www.reddit.com/r/bodyweightfitness/comments/yvhr2e/13yo_is_very_susceptible_to_hypey_fitness/,1668472496,715,fitness,0.2,0.466666667,Positive
"Alec Musser, All My Children Actor Turned Fitness Model, Dead at 50",1925,KillerCroc1234567,https://tvline.com/news/alec-musser-cause-of-death-all-my-children-dead-obituary-1235112705/,1705195142,283,fitness,-0.2,0.4,Negative
Fitness Training,19396,AggresivePickle,https://v.redd.it/aa0li5w5dqi91,1660923146,187,fitness,0,0,Neutral
Trump is 78 and barely coherent. Where's everyone who questioned Biden's age and fitness?,1998,jonfla,https://www.usatoday.com/story/opinion/columnist/2024/09/09/trump-old-incoherent-biden-age-mental-fitness/75138026007/,1727101643,114,fitness,0.5,0.7,Positive
MyFitnessPal just gave up on me...,51033,jreenfin,http://i.imgur.com/HhAgpM8.jpg,1421180990,965,fitness,0,0,Neutral
Republicans condemn Trump’s ‘insulting’ and false claims on Harris’s mental fitness,1981,theindependentonline,https://www.independent.co.uk/news/world/americas/us-politics/trump-harris-mental-disability-speech-republican-criticism-b2620968.html,1727647834,108,fitness,-0.5,0.6,Negative
"$800 wasted on 24hour fitness, no money returned after cancellation.",4963,pawanbcd,https://www.reddit.com/r/personalfinance/comments/l2j8aq/800_wasted_on_24hour_fitness_no_money_returned/,1611303069,725,fitness,-0.2,0,Negative
ULPT Request: How to cancel Planet Fitness Membership,580,LungMuffin,https://www.reddit.com/r/UnethicalLifeProTips/comments/1h5z070/ulpt_request_how_to_cancel_planet_fitness/,1733262029,296,fitness,0,0,Neutral
Arnold Schwarzenegger offers new fitness challenge after helping presidents and US military shape up,1607,nimobo,https://www.foxnews.com/entertainment/arnold-schwarzenegger-offers-new-fitness-challenge-after-helping-presidents-us-military-shape-up,1736699603,81,fitness,0.045454545,0.184848485,Positive
Cardi B has a sister that's a fitness instructor.,19231,ThatGreenGuy8,https://www.reddit.com/r/Jokes/comments/d7dxlj/cardi_b_has_a_sister_thats_a_fitness_instructor/,1569089173,449,fitness,0,0,Neutral
So a guy came in and cancelled his Planet Fitness membership today.,11935,Hammy131,https://i.redd.it/toqw26ro2a311.jpg,1528681921,768,fitness,0,0,Neutral
Which Tifa fit is the best Tifa fit?,1348,jakobpinders,https://www.reddit.com/gallery/1i4ew0e,1737227526,92,fitness,0.6,0.366666667,Positive
Fitness Level Infinity,6454,ratelyhairydriver,https://v.redd.it/gr5dnevewem91,1662545720,251,fitness,0,0,Neutral
McDonald's removes fitness tracker from Happy Meals,12595,MississippiJoel,http://www.cnn.com/2016/08/17/health/mcdonalds-removes-fitness-tracker-happy-meal-step-it/?iid=ob_homepage_deskrecommended_pool,1471526433,1117,fitness,0.8,1,Positive
Gym in the 1966. a very different fitness idea and ambient.,2051,Electrical-Aspect-13,https://v.redd.it/9msgzn64lv9d1,1719825831,142,fitness,0,0.78,Neutral
anon has a purely fitness related opinion,5541,mybrainisbrokenlol,https://i.redd.it/ou13o7891h3b1.jpg,1685653487,177,fitness,0.107142857,0.45,Positive
"Candy Crush, Tinder, MyFitnessPal: See the Thousands of Apps Hijacked to Spy on Your Location (Wired)",1119,lo________________ol,https://archive.is/7zC2f,1736517995,113,fitness,0,0,Neutral
Fitness seems like a good passion.,5076,King_DeandDe,https://i.redd.it/gixzi0tkkwwa1.jpg,1682790650,192,fitness,0.7,0.6,Positive
You can cancel your 24 hour fitness membership online now,7330,TheGoodNamezAreTaken,https://www.reddit.com/r/personalfinance/comments/g0wjrj/you_can_cancel_your_24_hour_fitness_membership/,1586829100,562,fitness,0,0,Neutral
I can’t believe she got banned from planet fitness.,2017,Rubbersona,https://i.redd.it/j17pv5uqw5pc1.jpeg,1710797979,191,fitness,0,0,Neutral
I made a free fitness app with 225 bodyweight exercises,1082,rgomezp,https://www.reddit.com/r/bodyweightfitness/comments/1efe2oy/i_made_a_free_fitness_app_with_225_bodyweight/,1722295027,239,fitness,0.4,0.8,Positive
Which fitness influencer do you think Batman would follow?,1037,The_dude1951,https://i.redd.it/bdijppdj65ic1.jpeg,1707738230,519,fitness,0,0,Neutral
"After getting dropped from Mumbai team due to fitness, Prithvi Shaw working hard to regain his fitness. ",1491,ironsteel9011,https://v.redd.it/m3ruaz18zwzd1,1731174711,110,fitness,-0.208333333,0.458333333,Negative
"Unless you're an elite athlete, you have no business acting like a fitness influencer",1084,FartOnACat,https://www.reddit.com/r/unpopularopinion/comments/19e5bvq/unless_youre_an_elite_athlete_you_have_no/,1706060687,511,fitness,0,0,Neutral
Anytime Fitness wants me to pay $60,787,JovSkywalker_66,https://www.reddit.com/r/askSingapore/comments/1h33dqr/anytime_fitness_wants_me_to_pay_60/,1732936952,192,fitness,0.2,0.1,Positive
Fitness class ,4975,reloadthewords,https://v.redd.it/ke2879mrbqud1,1728914945,46,fitness,0,0,Neutral
Dish soap fitness,24138,aaxone,https://v.redd.it/ez28wgbt1nh31,1566321966,378,fitness,0,0,Neutral
2 year Natural fitness transformation ,1201,Vee_fitnesss,https://i.redd.it/4g0zen747sbe1.jpeg,1736347007,100,fitness,0.1,0.4,Positive
Jo Lindner aka Joesthetics famous fitness personality died at age 30 from an aneurysm,2075,WorldWideDarts,https://i.redd.it/vj7ylcx4rg9b1.png,1688265270,359,fitness,0.5,1,Positive
This fitness influencer on Instagram,6321,FS-423,https://i.redd.it/t34mkyrtdp281.jpg,1638265131,324,fitness,0,0,Neutral
This Fitness freak simultaneously solves Rubik's cube,17884,d3333p7,https://v.redd.it/r4v21qwtj4651,1592684737,322,fitness,0,0,Neutral
"19yo, 4 year into fitness ",668,pineapple_pasta26,https://www.reddit.com/gallery/1hqaro9,1735635065,185,fitness,0,0,Neutral
FYI: Planet Fitness is cutting back on travelers.,1043,Far_Understanding_44,https://i.redd.it/6g5fq2fpexcd1.jpeg,1721155413,245,fitness,-0.3,0.45,Negative
Crazy Idea: Have the current president attempt to pass the Presidential Physical Fitness Test.,12939,nealgiebler,https://www.reddit.com/r/CrazyIdeas/comments/7h3wvt/crazy_idea_have_the_current_president_attempt_to/,1512235682,621,fitness,-0.2,0.480952381,Negative
Fitness is a lifestyle,30223,alpaca-the-llama,https://i.redd.it/e3fp4a764bg51.jpg,1597122672,267,fitness,0,0,Neutral
He is a fitness freak,106603,tushar24122001,https://i.redd.it/cds3xazuc8z31.jpg,1573989326,279,fitness,0,0,Neutral
Party of Trump Unironically Wants to Test Biden's Mental Fitness,3479,NikoSpartan1970,https://www.rollingstone.com/politics/politics-news/trump-biden-mental-health-roger-marshall-1299500/,1644784084,465,fitness,0.05,0.15,Positive
What about the fitness industry gives you the “ick”,274,Interesting_Sun690,https://www.reddit.com/r/xxfitness/comments/1h68hvs/what_about_the_fitness_industry_gives_you_the_ick/,1733289138,606,fitness,0,0,Neutral
Google fitness considers flossing as sport,22044,ya-boi-mees,https://i.redd.it/0jwbwvrx8d541.png,1576663628,323,fitness,0,0,Neutral
Cars in the living room? A full fitness studio? YES!,655,Internal-Bed6646,https://www.reddit.com/gallery/1hpom1t,1735569668,181,fitness,0.4375,0.55,Positive
every fitness ad / video starterpack,11836,AreHumansCool,https://i.redd.it/h3durhbexp5a1.jpg,1670960340,146,fitness,0,0,Neutral
"Michael Scott and Todd Packer with stronger Dwight, fitness Darryl and Pam 7.0",20329,gethellout,https://i.redd.it/ghccno0bn4001.jpg,1511618306,483,fitness,0,0,Neutral
Mark's fitness transformation before and after,10529,Nuslerosh,https://i.redd.it/x90o69zz5udz.jpg,1501902593,700,fitness,0,0,Neutral
Anxious and avoidant attachment styles are negatively related to indicators of evolutionary fitness,2903,thebelsnickle1991,https://www.psypost.org/2023/01/anxious-and-avoidant-attachment-styles-are-negatively-related-to-indicators-of-evolutionary-fitness-65148,1674335488,305,fitness,-0.125,0.7,Negative
Trump is 78 and barely coherent. Where's everyone who questioned Biden's age and fitness?,1609,ThahZombyWoof,https://www.usatoday.com/story/opinion/columnist/2024/09/09/trump-old-incoherent-biden-age-mental-fitness/75138026007/,1725963146,117,fitness,0.5,0.7,Positive
[Dedication] 365 day workout streak in Fitness Boxing!,10993,Chocoburger,https://i.redd.it/lqygdbajuv841.jpg,1578196738,376,fitness,0,0,Neutral
Planet Fitness is not homie friendly :(,6949,laweraa,https://www.reddit.com/gallery/pa6ob9,1629745996,296,fitness,-0.1875,0.75,Negative
US army halts gender neutral fitness test as women struggle,3478,crap_eagle,https://www.nzherald.co.nz/world/us-army-halts-gender-neutral-fitness-test-as-women-struggle/CHFHJA5EYGHHQR4W73QZEHIHXY/,1615678611,681,fitness,0,0,Neutral
Fitness is my lifestyle,41505,citrusapplejuice,https://i.redd.it/ifceyfrnwiw41.jpg,1588500038,251,fitness,0,0,Neutral
Infamous “fitness model”,8801,reddituser9297,https://i.redd.it/5w4dik5k5s371.jpg,1623043990,278,fitness,-0.5,1,Negative
I successfully canceled an LA Fitness Membership over the phone,5549,BabstheBeagle,https://www.reddit.com/r/AMA/comments/9duble/i_successfully_canceled_an_la_fitness_membership/,1536326775,927,fitness,0.75,0.95,Positive
"Will fit, will fit...",18776,cyan1618,https://i.imgur.com/4zaiKOa.gifv,1532718449,399,fitness,0.4,0.4,Positive
"Trump miscues have Dems seeking to turn tables on GOP over age, mental fitness",2717,malcolm58,https://thehill.com/homenews/administration/4422265-trump-miscues-have-biden-seeking-to-turn-tables-on-mental-acuity/,1705968704,143,fitness,-0.1,0.2,Negative
Fitness youtuber Scooby1961 posted an innocent video of himself dancing at a rave party.,2994,Architechtory,https://i.redd.it/hmz4akejieqa1.jpg,1679956953,247,fitness,0.5,0.7,Positive
XSport Fitness is sold to LA Fitness,613,Minimum_Device_6379,https://i.redd.it/9gp9mh7j2ybd1.jpeg,1720727575,434,fitness,0,0,Neutral
All of the fitness equipment that added these iPhone cables,11407,cocotess,https://i.redd.it/6lv2of2sq1c71.jpg,1626646873,227,fitness,0,0,Neutral
There should be a fitness TV show that gives you exercise bonus,1605,Elvorenstein,https://i.redd.it/ag8l5yckqsee1.jpeg,1737661234,58,fitness,0,0,Neutral
Slot has been managing the players fitness well! ,768,Africantoni,https://i.redd.it/4p1685l855ee1.jpeg,1737375464,123,fitness,0,0,Neutral
Anon is fitness,28578,raganagababa,https://i.redd.it/vdygt8zift921.jpg,1547221892,309,fitness,0,0,Neutral
The gym teacher being a great example of physical fitness,41904,Tor_Ped0,https://i.redd.it/73tcsljm37h31.png,1566128864,263,fitness,0.4,0.446428571,Positive
"ARKANSAS travelers, STAY AWAY from Planet Fitness Searcy",825,Nate528,https://v.redd.it/3j0za2mv1ald1,1724795296,225,fitness,0,0,Neutral
fitness master,11648,sellyourcomputer,https://i.redd.it/blf0ntr2cuca1.jpg,1674064618,122,fitness,0,0,Neutral
"Walked for 15km, looked at my fitness bracelet, guess I'll stay fat...",6573,Kukulkan666,https://i.redd.it/otedoy8wt1791.jpg,1655849812,198,fitness,0,0,Neutral
Fitness is my passion,39498,cringechi,https://i.redd.it/7wzdo0wf5lb51.jpg,1595064928,217,fitness,0,0,Neutral
Remote fitness instructor,22412,forsto,https://v.redd.it/qfz9azg41j161,1606371827,217,fitness,-0.1,0.2,Negative
Fighting Cerebral Palsy and Cancer with Fitness,14075,commonvanilla,https://i.imgur.com/AMxHgLL.gifv,1556917223,331,fitness,0,0,Neutral
New here-restarting my fitness journey,1140,Delicious_Medium4369,https://i.redd.it/pc1i2rorb3qd1.jpeg,1726893090,137,fitness,0.136363636,0.454545455,Positive
Fitness is my Passione,26069,WallLine,https://i.redd.it/r41snqhm9t151.jpg,1590804708,226,fitness,0,0,Neutral
Don't share isolation fitness tips with your friends if they're animators,27253,ColonelLugz,https://v.redd.it/0799dlmg2vo41,1585160530,230,fitness,0,0,Neutral
Cursed_Fitness,34107,randomcreepereddit,https://i.redd.it/xyf2n9ux2v351.png,1591698370,210,fitness,0,0,Neutral
Was treating myself to a scotch and logging it in my fitness pal...,15735,#NAME?,https://i.redd.it/uyqmrzachfj01.jpg,1520030423,375,fitness,0,0,Neutral
Trump is 78 and barely coherent. Where's everyone who questioned Biden's age and fitness?,1194,snappydo99,https://www.usatoday.com/story/opinion/columnist/2024/09/09/trump-old-incoherent-biden-age-mental-fitness/75138026007/,1725908620,131,fitness,0.5,0.7,Positive
Fitness dude on a podcast ,2598,choganoga,https://v.redd.it/iov9x6qb46kb1,1692930778,183,fitness,0,0,Neutral
4.5 months Postpartum Fitness Journey,1375,Glazed-Donut96,https://www.reddit.com/gallery/1i9qld9,1737822305,61,fitness,0,0,Neutral
Planet Fitness parking lot,604,polishknightusa,https://i.redd.it/gcb2c0qitald1.jpeg,1724804567,298,fitness,0,0,Neutral
Steph pulled up to a Lifetime Fitness in Sacramento,2079,MMMaulik,https://v.redd.it/fx4nmul8zk5d1,1717953993,107,fitness,0,0,Neutral
Trying to find a Balanced Fitness Program Starter Pack.,3024,Suspicious_War2374,https://i.redd.it/d55j5syfc1qb1.jpg,1695488099,150,fitness,0,0,Neutral
"Crabbo, Fitness Lord",29495,Pirate_Redbeard,https://i.imgur.com/nuZ0cGJ.gifv,1562566625,254,fitness,0,0,Neutral
Sinner on his fitness situation,753,edotardy,https://i.redd.it/1raefqsiozhd1.jpeg,1723362169,241,fitness,0,0,Neutral
Blursed Fitness model,42707,polegurl,https://i.redd.it/vyt2j8ffcuf91.jpg,1659681749,107,fitness,0,0,Neutral
I'm Back - AMA about Fitness,5114,GovSchwarzenegger,https://www.reddit.com/r/Fitness/comments/1brg0z/im_back_ama_about_fitness/,1365199493,2346,fitness,0,0,Neutral
5 days out from my third competition of my debut season. Wellness amateur.,1838,fran_kawa,https://v.redd.it/obe9xu511s1c1,1700605462,140,wellness,-0.125,0.125,Negative
Wellness Sessions ,59,RGWsince16,https://www.reddit.com/r/SeveranceAppleTVPlus/comments/1bgb7dz/wellness_sessions/,1710609816,50,wellness,0,0,Neutral
What’s your “wellness” routine?,262,StrawberryMarigoldss,https://www.reddit.com/r/beauty/comments/1hnj4xd/whats_your_wellness_routine/,1735318302,61,wellness,0,0,Neutral
What trendy beauty/wellness things actually make a difference?,232,ikeamonkey2,https://www.reddit.com/r/beauty/comments/18tv0x1/what_trendy_beautywellness_things_actually_make_a/,1703877683,145,wellness,0.3,0.5,Positive
Has anyone seen these “wellness girlie” posts recently?,280,No-Ranger7106,https://i.redd.it/941xnez4tdmc1.jpeg,1709586078,138,wellness,0,0.25,Neutral
"A Wellness Check is for the chip, not the worker!",174,scarecrowemoji,https://www.reddit.com/r/SeveranceAppleTVPlus/comments/uv69kf/a_wellness_check_is_for_the_chip_not_the_worker/,1653206051,47,wellness,0,0,Neutral
Irving's life is described as interesting in the Wellness Session.,42,kirksucks,https://www.reddit.com/r/SeveranceAppleTVPlus/comments/uwhhjg/irvings_life_is_described_as_interesting_in_the/,1653362291,28,wellness,0.5,0.5,Positive
Wellness session theory,38,Lady_Laina,https://www.reddit.com/r/SeveranceAppleTVPlus/comments/ufp1or/wellness_session_theory/,1651368640,8,wellness,0,0,Neutral
And this is the problem with wellness,77,Dapper_Anybody_9802,https://i.redd.it/tf9yligq0jlb1.png,1693522792,60,wellness,0,0,Neutral
The reason why Irving went to Wellness in E2 and other related theories (Spoilers All),106,dogstardied,https://www.reddit.com/r/SeveranceAppleTVPlus/comments/ule2cw/the_reason_why_irving_went_to_wellness_in_e2_and/,1652052658,17,wellness,-0.0625,0.3875,Negative
Well Well Well,19888,tayhorix,https://i.redd.it/mycm5yci6dce1.jpeg,1736601047,1684,wellness,0,0,Neutral
"Well, Well, Well: Trump Can’t Lower Egg Prices After All | 
Egg prices have hit an all-time high on the third day of Donald Trump’s presidency.",19508,Murky-Site7468,https://newrepublic.com/post/190592/donald-trump-egg-prices-bird-flu,1737655147,1213,wellness,0.08,0.27,Positive
Well met,15746,AscendedDragonSage,https://i.redd.it/wu1budyzdlfe1.png,1738008297,945,wellness,0,0,Neutral
Well well well…,48414,PositiveFun8654,https://i.redd.it/ytlh8k5raoee1.jpeg,1737607346,555,wellness,0,0,Neutral
Well well well. What DO we have here?,23782,mrl33602,https://i.redd.it/1wq5t25eehae1.jpeg,1735780428,839,wellness,0,0,Neutral
"Well, well, well if it isn't the consequences of my actions",33041,imjustheretodomyjob,https://i.redd.it/45jjeiyuwkae1.jpeg,1735822992,474,wellness,0,0,Neutral
Well well,38039,NoThroat4049,https://i.redd.it/4x6xx7k0hi0e1.jpeg,1731434939,712,wellness,0,0,Neutral
Well well,7771,More_Ad_8237,https://i.redd.it/4ddtkfu4t7ce1.jpeg,1736536016,655,wellness,0,0,Neutral
Well...,21029,ThePlotva,https://i.redd.it/o5i2rlwln5ce1.jpeg,1736510231,366,wellness,0,0,Neutral
Well said!,34094,monaleeparis,https://i.redd.it/l2g4atarspce1.jpeg,1736753811,318,wellness,0,0,Neutral
Well well,6050,MactYT,https://i.redd.it/tkj10j6ydisd1.jpeg,1727947123,3856,wellness,0,0,Neutral
well well well well,41534,Eastern_Musician4865,https://i.redd.it/05mlvsusalae1.jpeg,1735827655,302,wellness,0,0,Neutral
Well well well,13093,Honest_Equivalent_40,https://i.redd.it/95i8phbggt0e1.jpeg,1731567925,516,wellness,0,0,Neutral
Wishing Them Well,51527,reddot_comic,https://www.reddit.com/gallery/1i9f4qp,1737779614,227,wellness,0,0,Neutral
This aged well.,28112,Elks_Point_9_,https://i.redd.it/7cfcrfaxl6be1.jpeg,1736085634,264,wellness,-0.1,0.4,Negative
Well well well. If it isn’t the consequences of their actions.,8018,LiveLaughCuhh,https://i.redd.it/xmv6vqsdolzd1.jpeg,1731037888,665,wellness,0,0,Neutral
Well Well Well,6713,welding-guy74,https://i.redd.it/cncsevc9bvsd1.jpeg,1728129694,793,wellness,0,0,Neutral
Well well well,6073,Avgeekk7,https://i.redd.it/69u0qlxs3b1e1.jpeg,1731781593,574,wellness,0,0,Neutral
"Well, would you?",9996,MelonOfFate,https://i.redd.it/i8nb3a5rjvee1.png,1737695125,243,wellness,0,0,Neutral
"Well, well, well Kemp.  I may have misjudged you.",9523,Eddy_Vinegar,https://i.redd.it/r153zdw2k2ld1.jpeg,1724704536,734,wellness,0,0,Neutral
"Well, shit! ",5336,Wolfie_wolf81,https://i.redd.it/j9gifnxka0de1.jpeg,1736880874,285,wellness,-0.25,0.8,Negative
Well......,26818,No_Cauliflower9590,https://v.redd.it/9i3q3iaqftae1,1735926161,164,wellness,0,0,Neutral
Well well well... how the turn tables,7571,SullyRob,https://www.reddit.com/gallery/1fg4v0v,1726259876,469,wellness,0,0,Neutral
Well well well. ,7524,RigatoniPasta,https://i.redd.it/14mwehy3igbe1.gif,1736205422,219,wellness,0,0,Neutral
well well,5707,Steakandeggs66,https://i.redd.it/9dv7i9nbe5vd1.png,1729097403,419,wellness,0,0,Neutral
Well said...,4600,BarronGreen89,https://i.redd.it/2uhyna68jrce1.jpeg,1736774921,262,wellness,0,0,Neutral
"Well, Well, Well, Look How The Tables Turn.",3215,Glass-Fan111,https://i.redd.it/463q44exrpyd1.jpeg,1730651659,618,wellness,0,0,Neutral
well well well... ,9484,Personal_Story_4853,https://i.redd.it/uhyp7tujzmhd1.jpeg,1723208490,407,wellness,0,0,Neutral
well of course,2796,Kate_Decayed,https://i.redd.it/tj3v4ykznjfe1.png,1737987112,354,wellness,0,0,Neutral
Well well well,4986,DeadgrounD,https://i.redd.it/4fnteng4nujd1.jpeg,1724172857,610,wellness,0,0,Neutral
well deserved,1778,ScienceOk8808,https://i.redd.it/rdhko0anf6be1.jpeg,1736083528,930,wellness,0,0,Neutral
well well well,9838,tamjidtahim,https://i.redd.it/csv0nddtwj6e1.png,1734067448,196,wellness,0,0,Neutral
Well Well Well…,25106,G_Nash2,https://i.redd.it/hh1zv8xufudd1.jpeg,1721555326,301,wellness,0,0,Neutral
Well well well..,9250,korsakov92,https://i.redd.it/vwj1jwyt7ekd1.png,1724409923,354,wellness,0,0,Neutral
"Well well well, how the turn tables",11657,Ta9eh10,https://i.redd.it/ia30mcyfzh0e1.jpeg,1731429027,206,wellness,0,0,Neutral
Well then…,4602,UnflairedRebellion--,https://i.redd.it/tearz0o7gvde1.jpeg,1737258083,221,wellness,0,0,Neutral
"Well, well, well...If it isn't the consequences of my actions",57614,overpregnant,https://i.redd.it/xpas1v8yqf4b1.jpg,1686073763,2310,wellness,0,0,Neutral
well this doesn't bode well for me. What does it mean?,14038,CaseyGamer64YT,https://i.redd.it/y2l1b6dzf0kd1.jpeg,1724243141,280,wellness,-0.3125,0.6875,Negative
Well well well,16335,Green____cat,https://i.redd.it/heza31b5infd1.png,1722343049,290,wellness,0,0,Neutral
Well....well..well......,3169,EnigmaGamer4,https://i.redd.it/tzt16a3q41ce1.png,1736455182,274,wellness,0,0,Neutral
"Well well well, how the turn tables… 👀",8995,Kikanbase,https://www.reddit.com/gallery/1d3yoqa,1717055689,430,wellness,0,0,Neutral
Well Well Well ,3666,Schluesselbunt,https://i.redd.it/ojbbgneeyeae1.png,1735750837,246,wellness,0,0,Neutral
"What health/wellness fads of our 30s do you think will be looked back on as ""snake oil"" decades from now?",1471,flaccobear,https://www.reddit.com/r/Millennials/comments/1h7jku3/what_healthwellness_fads_of_our_30s_do_you_think/,1733432120,1325,wellness,0,0,Neutral
"Well well, look at those consequences to your actions...",34415,northeastcreep,https://www.reddit.com/gallery/1433qvl,1686113702,1285,wellness,0,0,Neutral
Millennial Wellness Check: How’s Ya’ll’s Mental Health ATM?,3169,Sweetlo123,https://i.redd.it/4zwr9j29v4ed1.jpeg,1721681572,722,wellness,-0.1,0.2,Negative
Well oh well,28557,DaWesSog,https://i.redd.it/h1k44gjuyfmb1.jpg,1693921682,663,wellness,0,0,Neutral
"Well, shit ...",4963,JcakSnigelton,https://i.redd.it/dv0us3w9yhbe1.jpeg,1736222982,163,wellness,-0.2,0.8,Negative
Well well well,2325,bigjoe1025,https://i.redd.it/3sxywqmdivde1.jpeg,1737258810,271,wellness,0,0,Neutral
"Well, well, well. Looks like it’s up and stuck. OCL vs Q.",1725,3900Ent,https://i.redd.it/qra8bi0pqede1.jpeg,1737055789,402,wellness,0,0,Neutral
Well well well….arent we all shocked. ,2148,Pea_soup927,https://i.redd.it/8u4kgyfxfr5e1.jpeg,1733722774,391,wellness,-0.7,0.8,Negative
Well....,15984,King_Diavlo,https://v.redd.it/ig6cf8z9nwae1,1735965024,102,wellness,0,0,Neutral
Gwyneth Paltrow dragged for ‘out of touch’ wellness tips,16501,galaxystars1,https://pagesix.com/2023/03/14/gwyneth-paltrow-dragged-on-tiktok-over-wellness-tips/amp/,1678905496,1818,wellness,0,0,Neutral
well. well.. well.. how the turntables...,14758,KyloRenKardashian,https://i.redd.it/0h9zjfekvu8b1.png,1688000313,1037,wellness,0,0,Neutral
Well?,1647,Totallynot2dwarves,https://i.redd.it/plw5d10e52de1.jpeg,1736903361,370,wellness,0,0,Neutral
"Well done MAGA, well done.",1560,Public-Marionberry33,https://i.redd.it/7s7p6w723tee1.jpeg,1737665294,369,wellness,0,0,Neutral
WELL WELL WELL … would ya look at that! 😂 ,2654,DJRedd352,https://i.redd.it/tppg8zup3ofd1.jpeg,1722350297,627,wellness,0,0,Neutral
Well...that hurts,1252,Elevated412,https://i.redd.it/xagk4xxwxfbe1.jpeg,1736198628,618,wellness,0,0,Neutral
Well well well,6332,Galactico700,https://i.redd.it/yp5b1j5fxf5e1.png,1733583375,134,wellness,0,0,Neutral
Sleep well everyone.,1631,throwwwwwawayyy1234,https://i.redd.it/1blkkwr8hwce1.jpeg,1736834687,329,wellness,0,0,Neutral
"Well well well, the tides have turned. ",6692,ThisGonnaHurt,https://v.redd.it/tvyxrac7migd1,1722719725,220,wellness,0,0,Neutral
"""Well that's...unique.""",3242,depressedMulan,https://www.reddit.com/r/tragedeigh/comments/1i8muop/well_thatsunique/,1737691390,153,wellness,0,0,Neutral
Well well,64086,justiceforall1000000,https://i.redd.it/s30wwx7dnk281.jpg,1638207805,7993,wellness,0,0,Neutral
Well well well,5154,Ok-Look2602,https://i.redd.it/nfaddz30m64d1.png,1717344194,334,wellness,0,0,Neutral
well well well ,7163,Fluffy_Ear_4423,https://i.redd.it/ltlsgk37uktd1.jpeg,1728412648,159,wellness,0,0,Neutral
Well well well how the turntables.,6454,LostInTheVoid_,https://i.redd.it/k6sk024cexxb1.jpg,1698927116,691,wellness,0,0,Neutral
Well welll well.... how the turn tables....,3240,Invidat,https://i.redd.it/galf8bb0az8d1.png,1719434654,455,wellness,0,0,Neutral
Well well well,16629,_radio_ACTIVE_man_,https://i.redd.it/tqwbypgbn90b1.jpg,1684256505,671,wellness,0,0,Neutral
"Well, well, well. How the turntables..",2444,Stimul8ed,https://i.redd.it/fonbtcm7epzd1.jpeg,1731082980,289,wellness,0,0,Neutral
Well well well,5684,CorporateAccounting,https://i.redd.it/v97zjatp8fcd1.jpeg,1720935472,251,wellness,0,0,Neutral
well well,39594,justiceforall1000000,https://i.redd.it/60ceudjbvhv91.jpg,1666504286,954,wellness,0,0,Neutral
I think I'll take a wellness day to end the week in style,26564,digitalcowpie,https://i.redd.it/pcafzlz3uq8b1.gif,1687951398,479,wellness,0,0,Neutral
Wellness Summit,4762,strippy,https://i.redd.it/k8ekc4c9ld4e1.jpeg,1733119224,146,wellness,0,0,Neutral
"Well, well, well. Look who came crawling back!",1827,Lyramion,https://i.redd.it/8x50wdwdp55e1.png,1733459861,327,wellness,0,0,Neutral
Well well well  ,1299,OMGISTHATMETHMAN,https://i.redd.it/gyz8q58phvde1.jpeg,1737258583,363,wellness,0,0,Neutral
Putting hardware store stickers on your vehicle should provoke a mental health wellness check.,1836,PerpetualConnection,https://i.redd.it/155qntb5v6ud1.jpeg,1728679320,449,wellness,-0.1,0.2,Negative
"Well, well, well...",68309,creeper6530,https://i.redd.it/d4t9eiln5s691.jpg,1655732626,1006,wellness,0,0,Neutral
This restaurant adds wellness surcharge to the bill!,7233,singhal0389,https://i.redd.it/154c4he59hha1.jpg,1676067483,1726,wellness,0,0,Neutral
Elmo’s wellness check uncovers existential dread and despair on social media,7713,Mashburn88,https://www.nbcnews.com/pop-culture/viral/elmo-social-media-question-sparks-existential-dread-despair-rcna136477,1706661344,333,wellness,0.033333333,0.066666667,Positive
Well well well,2348,Wonderful-Athlete-83,https://i.redd.it/0wg90nwc2hgd1.jpeg,1722700940,438,wellness,0,0,Neutral
Well well well 2.0,937,Therealcarloss,https://i.redd.it/acs2q3l3ur4e1.jpeg,1733291692,968,wellness,0,0,Neutral
"If they released these maps and did a 24/7, my friends and family would most certainly have the cops perform a wellness check. I'm talking full-on poopsock.",1836,DoomWad,https://i.redd.it/gamh3yq8b25e1.png,1733418586,286,wellness,0.357142857,0.535714286,Positive
"Well, well, well, how the turntables...",3081,BibleButterSandwich,https://i.redd.it/ldem7hr04axc1.png,1714335667,509,wellness,0,0,Neutral
WELL WELL WELL….,2418,Nervous-Meaning-3315,https://i.redd.it/q5kyvn96g35e1.jpeg,1733432291,207,wellness,0,0,Neutral
Well well....,2299,begrudginglydfw,https://www.reddit.com/gallery/1e3ky3y,1721014197,480,wellness,0,0,Neutral
Well well well,6200,lluvia-storm,https://i.redd.it/immhpzkc8a1e1.jpeg,1731771016,118,wellness,0,0,Neutral
"Well well well, if it isn’t the consequences of my actions.",62020,RateEnvironmental472,https://i.redd.it/dtiuzh0fzxp71.jpg,1632703230,1940,wellness,0,0,Neutral
"Well Well Well, if it isn't the consequences of my actions",8917,blue2002222,https://v.redd.it/ucic9fp53kyb1,1699201776,371,wellness,0,0,Neutral
Well well,52004,justiceforall1000000,https://i.redd.it/tqir21uvhwp71.jpg,1632685219,1786,wellness,0,0,Neutral
Well well we'll...,4751,m4dw0lf,https://i.redd.it/7b0my169i6td1.jpeg,1728239134,157,wellness,0,0,Neutral
"Well, well, well, if it isn't the consequences of their own actions ",14204,Wrong-Marsupial-9767,https://i.redd.it/iraxkeq16v6e1.jpeg,1734203726,74,wellness,0.6,1,Positive
Dunkin Donuts charges an “employee wellness” fee,17814,bobster7171,https://i.redd.it/3b0e1qiobto81.jpg,1647901494,1620,wellness,0,0,Neutral
Beto O'Rourke is organizing wellness checks for seniors during Texas' blackouts. Ted Cruz is in Cancun.,91534,DonnyMoscow1,https://theweek.com/speedreads/967589/beto-orourke-organizing-wellness-checks-seniors-during-texas-blackouts-ted-cruz-cancun,1613662680,3833,wellness,0,0,Neutral
"RFK wants to send people on antidepressants to ""wellness farms""",1239,cloversagemoondancer,https://www.motherjones.com/politics/2024/07/rfk-jr-wants-to-send-people-on-antidepressants-to-government-wellness-farms/,1731814782,514,wellness,0.2,0.1,Positive
Well well how the turntables 💯 ,20690,Damiancarmine14,https://i.redd.it/ktvfku6o8gae1.jpeg,1735766397,61,wellness,0,0,Neutral
Well well well it’s true what they say,3457,Greggoleggo96,https://i.redd.it/egvp99ja1qbd1.jpeg,1720630305,280,wellness,0.35,0.65,Positive
"Well well well, what do we have here. ",22932,LycanVan,https://i.redd.it/ai632qol6fyd1.jpeg,1730523421,78,wellness,0,0,Neutral
"well well well, if it isn't the consequences of my own actions",116572,dumitch,https://i.redd.it/1q01qy9ax5a61.jpg,1610135262,3245,wellness,0.6,1,Positive
"Well well well, if it isn't the consequences of my own actions",5340,lanajp,https://www.reddit.com/gallery/1fac54d,1725619729,158,wellness,0.6,1,Positive
"Well played MKG, well played indeed (context in comments)",18259,VajraThunderbolt,https://i.redd.it/c4k4myiz876a1.png,1671170205,572,wellness,0,0,Neutral
"Well, well…..Meta-MAGA it is. ",2862,BoringApocalyptos,https://i.redd.it/4bznd8ckqlbe1.jpeg,1736268797,134,wellness,0,0,Neutral
Well damn,4328,WhiteWolf5305,https://i.redd.it/l0z94ir04q9e1.jpeg,1735450055,105,wellness,0,0,Neutral
I volunteered to do wellness checks: total disaster ,2285,fivestringz,https://www.reddit.com/r/asheville/comments/1fx4kng/i_volunteered_to_do_wellness_checks_total_disaster/,1728175052,262,wellness,0,0.75,Neutral
Well well this happen again,2422,RyuuSerizawa,https://i.redd.it/sn1vp5xc411e1.jpeg,1731660716,199,wellness,0,0,Neutral
"Well well well, from Embarks official balance notes",1179,Xerqthion,https://i.redd.it/um0o32mjc5rd1.png,1727353411,751,wellness,0,0,Neutral
A wombat making a total mess of a corn on the cob during a wellness check,26074,KimCureAll,https://v.redd.it/16v08sk77hxa1,1683058421,355,wellness,-0.0875,0.4625,Negative
"Well, Well, Well ",5661,Snoojohnson56,https://i.redd.it/e0xu3g6y09kc1.png,1708656473,293,wellness,0,0,Neutral
Well Well Well,2688,SnooStorie,https://i.redd.it/cncsevc9bvsd1.jpeg,1728103606,217,wellness,0,0,Neutral
Well well well ,8086,Intelligent-Juice873,https://i.redd.it/ms3wz80lpk7e1.png,1734512970,78,wellness,0,0,Neutral
well well well how the turntables,3837,Illustrious-Remove26,https://i.redd.it/bu3agq2ji1lb1.jpg,1693310850,843,wellness,0,0,Neutral
Well that aged well,31054,coke__11,https://i.redd.it/3ga2z1c1vrg91.png,1660087552,595,wellness,-0.1,0.4,Negative
"Well played sir, well played",22369,Away-Training-3037,https://i.redd.it/uhgcd9jskix91.png,1667384557,528,wellness,0,0,Neutral
well well,25291,Allaaeddine,https://v.redd.it/mymgip4ce6691,1655469244,682,wellness,0,0,Neutral
"Well, well, well. What do we have here? 🤔",782,TeamHumanity12,https://i.redd.it/n5uxbrtpmuee1.jpeg,1737684060,510,wellness,0,0,Neutral
"Well well, if it isn't the consequences of their actions.",3647,ShakeTheGatesOfHell,https://i.redd.it/0s5ss7k2wcwd1.jpeg,1729624045,151,wellness,0,0,Neutral
Well well well...,17960,Subtotalpoet,https://i.redd.it/d8npai0lydpd1.jpeg,1726585982,87,wellness,0,0,Neutral
"Pete Davidson Checks into Wellness Facility, Seeking Mental Health Treatment",3196,mcfw31,https://people.com/pete-davidson-checks-into-wellness-facility-seeking-mental-health-treatment-exclusive-8348448,1722461449,225,wellness,-0.1,0.2,Negative
Well well,34849,theHaiSE,https://i.redd.it/ccdep98es4h81.jpg,1644553507,720,wellness,0,0,Neutral
"Well, well, well... If it isn't the consequences of my own actions",74558,packylyons,https://v.redd.it/r8ftnf2njic51,1595469258,2513,wellness,0.6,1,Positive
"Well well well, if it isn't the consequences of my own actions...",15133,TaySon21,https://v.redd.it/as1j0phi32w91,1666749182,553,wellness,0.6,1,Positive
Well well well..how the turntables.,121636,deannathedford,https://i.redd.it/67shg79g1o251.png,1591177282,2316,wellness,0,0,Neutral
Well well well how the turn tables,5611,njsullyalex,https://i.redd.it/ihnesd13qinb1.jpg,1694391024,424,wellness,0,0,Neutral
Well Well,2530,More_Ad_8237,https://i.redd.it/hsb1it25trce1.jpeg,1736778157,124,wellness,0,0,Neutral
"Well said, Bey. Well said.",3878,Stock-Disaster-8388,https://i.redd.it/ghth3mnis1xd1.jpeg,1729925444,128,wellness,0,0,Neutral
"Well, well, well",767,OhioanScouser,https://i.redd.it/2nifkf278q4e1.jpeg,1733320079,737,wellness,0,0,Neutral
well well,11681,justiceforall1000000,https://i.redd.it/hg2qjbbi5wy81.png,1652294225,851,wellness,0,0,Neutral
"De Blasio: ‘Well, Well, Well, Not So Easy To Find A Mayor That Doesn’t Suck Shit, Huh?’",2455,Mcfinley,https://theonion.com/de-blasio-well-well-well-not-so-easy-to-find-a-may-1847151201/,1727314050,207,wellness,0.116666667,0.816666667,Positive
"Canadian Cops Keep Killing People During Wellness and Mental Health Calls: At least five people have died during mental health calls or wellness checks by police since April. All five were Black, Indigenous, or people of colour.",47433,maxwellhill,https://www.vice.com/en_ca/article/ep4vzj/canadian-police-killed-chantel-moore-ejaz-choudry-during-wellness-and-mental-health-calls,1592840405,2198,wellness,-0.166666667,0.308333333,Negative
Well he seems to be handling the affidavit news quite well,7530,dreamcastfanboy34,https://i.imgur.com/eGYkD4s.jpg,1661534382,903,wellness,0,0,Neutral
"Well, well, well. How the turntables.",112844,YEETTHETURKEY,https://i.redd.it/9nm3ci7583451.jpg,1591796974,1643,wellness,0,0,Neutral
Well well well,2539,Super_Sonic_44,https://i.redd.it/mfzv6b78758c1.jpeg,1703379991,677,wellness,0,0,Neutral
"Well well well, if it isn't the consequences of my own actions",14221,hiero_,https://i.redd.it/g2sx0h5rasp91.png,1664015493,518,wellness,0.6,1,Positive
Well that didn't age well,26829,SoftMixture2464,https://v.redd.it/4liopxalgd181,1637684952,747,wellness,0,0,Neutral
Well this aged well,3965,TonyLiberty,https://i.redd.it/tddfjnpucmvb1.png,1697923835,459,wellness,-0.1,0.4,Negative
well well well,3571,#NAME?,https://i.redd.it/53xhmq42hsee1.jpeg,1737657902,84,wellness,0,0,Neutral
"Well, well, well. How the turntables...",29191,CleverUseOfGameMecha,https://i.redd.it/p11xhm63okz61.jpg,1621209974,1012,wellness,0,0,Neutral
It’s time to retire celebrity wellness ‘docs’ like Dr. Oz - Coronavirus shows why,64074,Sanlear,https://www.nbcnews.com/think/opinion/dr-oz-s-hydroxychloroquine-advocacy-seduces-trump-coronavirus-wellness-woo-ncna1185596,1587389861,1782,wellness,0,0,Neutral
"Well well well, how the turn tables",54947,samstg09,https://i.redd.it/98bipbr8btv41.jpg,1588190163,1662,wellness,0,0,Neutral
Restaurant added a 6% wellness fee,5064,bhornet2008,https://i.redd.it/q74oaa68fmha1.jpg,1676130327,718,wellness,0,0,Neutral
well well well...,25683,vanshaj1811,https://v.redd.it/r6xe7xw9h2s71,1633629432,697,wellness,0,0,Neutral
"Well, well, well if it isn’t the invisible Sith",11656,HN-Prime,https://i.redd.it/y4s362lsauu91.jpg,1666218920,479,wellness,0,0,Neutral
The Fort Worth officer who shot Atatiana Jefferson wasn't actually asked to do a wellness check,33130,HauntedFrigateBird,https://www.cnn.com/2019/10/16/us/police-response-fort-worth-shooting/index.html,1571406503,2857,wellness,0.15,0.1,Positive
well.,2474,Salt_Supermarket_786,https://i.redd.it/nvd83er9e3ee1.jpeg,1737354285,104,wellness,0,0,Neutral
"[S2 Act 1 spoilers] Well, well, well, how the turntables...",2428,JustAnIdiotLearning,https://www.reddit.com/gallery/1gqdb8z,1731505829,147,wellness,0,0,Neutral
Well...,1868,Boba1704,https://www.reddit.com/gallery/1i5t6bl,1737388127,132,wellness,0,0,Neutral
"Well, the well was unwell and now it’s not well. Well it didn’t end well.",38270,DrMalaiMama,https://v.redd.it/ut4h9sv3oef51,1596729874,1210,wellness,0,0,Neutral
Well well hello San Francisco!!,19161,Macnassmat,https://www.reddit.com/gallery/ni89vv,1621648797,960,wellness,0,0,Neutral
well well well...if it isn’t the consequences of your own actions,43556,babyvamp_,https://i.redd.it/29s72pbd6ci31.jpg,1566626152,2447,wellness,0.6,1,Positive
"Well, Well, Well",903,Dazed_and_Confused44,https://i.redd.it/q55taj1rqv1e1.jpeg,1732031449,459,wellness,0,0,Neutral
"Well well well,how the turntables",99014,swaggymelon,https://i.redd.it/13fvj6u6b9e61.jpg,1611919660,739,wellness,0,0,Neutral
Well well well,873,PostSecularPope,https://i.redd.it/rwsao5lxqn9e1.jpeg,1735421439,348,wellness,0,0,Neutral
Well well well. Its that time of the year. Who wins,832,That_One_Bulgur,https://i.redd.it/59hdc36ug29e1.png,1735163802,376,wellness,0.3,0.2,Positive
Well well well,2810,george-_-_,https://i.redd.it/2itbr4xeen1e1.jpeg,1731930445,122,wellness,0,0,Neutral
Well Well Well,2305,Confident_Site2293,https://i.redd.it/em25vqxhidfe1.jpeg,1737912622,101,wellness,0,0,Neutral
well well well,13440,ghost_knight_,https://v.redd.it/fmgvdeay0xba1,1673661350,331,wellness,0,0,Neutral
Well well....👾,10456,Low_K-E-Y,https://i.redd.it/en7kzo6bejwa1.png,1682631154,294,wellness,0,0,Neutral
This aged well. ,1647,wtb_knee_pst,https://i.redd.it/n6cjn6l62bbe1.jpeg,1736139529,150,wellness,-0.1,0.4,Negative
Well well well…,3354,GrabTheBleach,https://i.redd.it/lxxggbxr3wid1.jpeg,1723754718,153,wellness,0,0,Neutral
Well well well,1292,Sweaty-Business7690,https://i.redd.it/y92xp9kex6fe1.jpeg,1737832889,171,wellness,0,0,Neutral
"Well, well, frigging WELL.",4301,GarysCrispLettuce,https://i.redd.it/mc1vjt42svmd1.png,1725494171,119,wellness,0,0,Neutral
Well well well..,38302,mrnicewatch23,https://gfycat.com/ringedinbornjuliabutterfly,1650571241,385,wellness,0,0,Neutral
"Well well well, how the turn tables",39865,FardeenRiyadh16,https://i.redd.it/jmqvrzfcfrn61.jpg,1616061604,667,wellness,0,0,Neutral
"Well, well, well. How the turntables...",21997,Tara_is_a_Potato,https://i.redd.it/lzruljxullf71.jpg,1628194913,633,wellness,0,0,Neutral
"Well well, if it isn't consequences of my own actions!",2340,sherlotka-2137,https://i.redd.it/adagzg7sg8ac1.png,1704291211,496,wellness,0.75,1,Positive
Well that was time well spent...,7486,DMJason,https://i.redd.it/eorqbnxrkjx91.png,1667396793,474,wellness,-0.1,0.1,Negative
"Well well well, what do we have here?",2545,Gracer_the_cat,https://i.redd.it/9a7icch2t7yd1.jpeg,1730434169,131,wellness,0,0,Neutral
Well well well... ,5090,MentalandValid,https://i.redd.it/gldwh68shxnc1.png,1710260245,181,wellness,0,0,Neutral
"Well balanced, Gaijin, well balanced ",1117,Ghost_with_motor,https://i.redd.it/maqxfmqs6bae1.png,1735705234,217,wellness,0,0,Neutral
Well well,3174,Ultimate_Alien_Z,https://i.redd.it/kgexew7kcued1.jpeg,1721990065,161,wellness,0,0,Neutral
Well well well...CEO of etoro,9409,livinlikepatty,https://i.redd.it/vyflrr3297o81.jpg,1647634261,604,wellness,0,0,Neutral
"Thanks, I hate Wellness Geese",72186,lunercat1,https://i.redd.it/2p00esb2mn171.jpg,1622117324,499,wellness,-0.3,0.55,Negative
"Well, well, well. Look who's blocking the alley. 🙄",71053,i4mb4tm4n,https://i.redd.it/oskhmiyxp3t61.jpg,1618389694,516,wellness,0,0,Neutral
Well Well,12383,Xamrock4,https://i.redd.it/d3is9qfaoco81.jpg,1647699918,501,wellness,0,0,Neutral
"Well played sirs, well played.",32541,Marianmza,https://i.redd.it/f84vost513va1.jpg,1681997173,202,wellness,0,0,Neutral
Well then…,2219,Opposite-Cell-4638,https://www.reddit.com/gallery/1ht1m9x,1735950345,105,wellness,0,0,Neutral
"Well,that didn't go well",15761,Silent_Assasin14,https://i.redd.it/x2i1ohgeh6qb1.png,1695550253,168,wellness,0,0,Neutral
WELL WELL WELL,1177,Adventurous-Group982,https://i.redd.it/6y41573iqd2e1.jpeg,1732249289,247,wellness,0,0,Neutral
Well well well...,1549,PostSecularPope,https://i.redd.it/t1iqu507gx3d1.png,1717233284,405,wellness,0,0,Neutral
"Well, Well, Well.",9505,makmark,https://www.reddit.com/gallery/ygke51,1667052000,367,wellness,0,0,Neutral
Well well well...,3694,sikeig,https://v.redd.it/e4t66qiwubta1,1681232347,517,wellness,0,0,Neutral
"Well done Calvin, well done",50455,Merlins_Owl,https://i.redd.it/mcxltq614ro71.jpg,1632184178,393,wellness,0,0,Neutral
well well,1487,2manyteacups,https://i.redd.it/ls8jt0z0t4oc1.jpeg,1710348774,600,wellness,0,0,Neutral
Well... go,1706,libtears-usa,https://i.redd.it/0wv85x3n2p9e1.jpeg,1735437484,128,wellness,0,0,Neutral
[POST Wrestling] Janel Grant files petition for records against wellness doctor said to treat WWE talent and employees,1425,bluemonday239,https://www.postwrestling.com/2024/07/16/janel-grant-files-petition-for-records-against-wellness-doctor-said-to-treat-wwe-talent-and-employees/,1721143344,344,wellness,0,0,Neutral
"Well well well, if it isn’t the consequences of my actions (grift)",1470,Papa_Pred,https://i.redd.it/j4z45z9u2t7d1.jpeg,1718923752,363,wellness,0,0,Neutral
Well well,7354,Radiant-Mobile5810,https://i.redd.it/zzg5uwlpk2oc1.jpeg,1710321785,132,wellness,0,0,Neutral
Well well well “Nobody calls me Nick”,3817,slideplayer67,https://i.redd.it/i8480j5h5rab1.jpg,1688826913,373,wellness,0,0,Neutral
"Well, well",3817,boi7381,https://i.redd.it/olo5rt9n3iyd1.png,1730558754,84,wellness,0,0,Neutral
"Well Well Well, if it isn't the consequences of my actions",2546,Tommyesreeter,https://v.redd.it/7wrb2rhtnfhd1,1723119887,159,wellness,0,0,Neutral
Well well welll.....,32012,callme_nostradumbass,https://i.redd.it/12p3wxzsemq51.jpg,1601617902,577,wellness,0,0,Neutral
"Well, he's dead. Might as well just close this",37947,IdanTs,https://i.imgur.com/tUu2L.gifv,1564854572,859,wellness,-0.2,0.4,Negative
"Well well, what do we have here?🤔🤔",9936,OlMikeHoncho,https://i.redd.it/yiaw3skkjox71.jpg,1636075715,545,wellness,0,0,Neutral
well well,4793,justiceforall1000000,https://i.redd.it/otmw2qjf7f591.jpg,1655139987,714,wellness,0,0,Neutral
Well well well,7783,Happy_Bonobo,https://i.redd.it/gsdccfmas9491.jpg,1654638513,446,wellness,0,0,Neutral
Well. What now?,1236,CapitaineCrafty,https://i.redd.it/ad8e1loxvl9e1.jpeg,1735398909,164,wellness,0,0,Neutral
Timeline & Wellness Check,2679,uglyplanet,https://www.reddit.com/r/TaylorSwift/comments/13cm95q/timeline_wellness_check/,1683629852,618,wellness,0,0,Neutral
Well well well... ,3883,no0bmaster-669,https://i.redd.it/jgx659pkgf0d1.png,1715707939,145,wellness,0,0,Neutral
Well well,11756,SkepticDrinker,https://i.redd.it/7b5v691yts4a1.png,1670541666,255,wellness,0,0,Neutral
Well he knows the barter system too well then!,19950,jhaji09,https://i.redd.it/1y9pncrix9ua1.jpg,1681662888,179,wellness,0,0,Neutral
Well well well,13046,UnblackMetalist,https://i.redd.it/uyhpa67tlx681.jpg,1640108063,402,wellness,0,0,Neutral
"Well well, how the turntables.",89043,KarelRli,https://i.redd.it/e9thqmrwngz31.jpg,1574089897,595,wellness,0,0,Neutral
Well well well….,17847,ojk12,https://i.redd.it/xlc3tbp6beod1.jpeg,1726154373,50,wellness,0,0,Neutral
Well well well... ,2807,DB9V122000_,https://i.redd.it/wnd9y1x2z39e1.png,1735182043,75,wellness,0,0,Neutral
Well-well-well...,6875,Chaotical_artist,https://i.redd.it/8tn957tef6nc1.png,1709932562,124,wellness,0,0,Neutral
Feasting very well. ,1670,ndngroomer,https://i.redd.it/j2uwlfmsb3ae1.jpeg,1735610067,113,wellness,0.2,0.3,Positive
Well well...,3556,Ok_Common_1324,https://i.redd.it/yobomyizdebb1.png,1689108233,340,wellness,0,0,Neutral
"Well, well, well, how the turntables...",42401,MrBurnSuckas,https://imgur.com/7a3j9gi,1509820233,1191,wellness,0,0,Neutral
"Well, well, well…………",496,29PiecesOfSilver,https://v.redd.it/azxrfkeov21e1,1731682008,712,wellness,0,0,Neutral
Well well well. How the turntables,15816,perineumoan,https://gfycat.com/ellipticalbronzeermine,1665259469,243,wellness,0,0,Neutral
"Well, well, well. i’m mad i didn’t know this earlier",4094,cherry937,https://i.redd.it/6vsmkgsjz4cb1.jpg,1689430266,293,wellness,-0.3125,0.75,Negative
Well well,13187,justiceforall1000000,https://i.redd.it/rb934wk6v3581.jpg,1639312162,383,wellness,0,0,Neutral
"Well well well, look who came back",8686,Itstoboiiibrent,https://i.redd.it/700qwjaf21c91.png,1658019751,346,wellness,0,0,Neutral
Well well well… are we at all surprised at the borderlands movie flop?,1217,L0ST7J,https://i.redd.it/s9gnkagjkohd1.jpeg,1723227651,309,wellness,0.1,0.9,Positive
Well that's.... convenient,1590,Obvious-Ad-546,https://i.redd.it/4c5jfcu5awae1.jpeg,1735960610,114,wellness,0,0,Neutral
Well... bye.,1055,phaeth0n,https://v.redd.it/9uaqtpp8dube1,1736373339,167,wellness,0,0,Neutral
Well well well ,1235,fullspectrumtrupod,https://i.redd.it/xb5yn62gr7wd1.jpeg,1729561879,210,wellness,0,0,Neutral
Well well well how the turntables,6895,MaxBandit,https://i.redd.it/cbez4zi43u291.gif,1654012641,419,wellness,0,0,Neutral
Wellness bad,65978,ozcuco,https://i.redd.it/abw58136v1y31.jpg,1573474886,553,wellness,-0.7,0.666666667,Negative
Well well. We will see,18381,Itz_khl,https://v.redd.it/v9xm655ixqn81,1647436677,296,wellness,0,0,Neutral
"Pete, a southern hairy-nosed wombat, getting a snack during his wellness checkup",8581,KimCureAll,https://v.redd.it/v4x90074ahxa1,1683059388,211,wellness,0,0,Neutral
"Fake wellness blogger fined $410,000 over scam involving claims her non-existent brain cancer was cured through alternative therapies and nutrition",38198,kitehkiteh,http://www.abc.net.au/news/2017-09-28/disgraced-wellness-blogger-belle-gibson-fined/8995500,1506560319,1150,wellness,-0.5,1,Negative
So looks like Star Rail removed the hunger/wellness meter characters used to have when using consumables. Do you think this is a good or bad thing?,2796,DarryLazakar,https://i.redd.it/3t24qpfon9mb1.jpg,1693845448,361,wellness,5.55E-17,0.633333333,Positive
"Well played, Respawn, well played. It even does 69 damage!",8619,oprimo,https://i.redd.it/m100li1u4bra1.png,1680369913,221,wellness,0,0,Neutral
First tattoo regret,5402,haverofitall,https://www.reddit.com/gallery/1fvc5jh,1727973867,1261,mentalhealth,0.25,0.333333333,Positive
r/mentalhealth is censoring?,51,whitefox2842,https://www.reddit.com/r/Antipsychiatry/comments/1ehe29m/rmentalhealth_is_censoring/,1722510886,33,mentalhealth,0,0,Neutral
[Malzhan] Ken Griffey Jr. tried to commit suicide at 17-years-old by swallowing 277 pills. He felt a lot of pressure to be a great baseball player while battling a rocky relationship with his father. It’s #MentalHealth awareness week & it’s a reminder anyone can be struggling. Check in.,10476,RevRickee,https://twitter.com/kylemalzhan/status/1392104345060130819?s=21,1620772361,276,mentalhealth,0.8,0.75,Positive
This madlad can't read tarot,80964,Calcifer1,https://i.redd.it/6ys8j81vzrnd1.jpeg,1725884214,721,mentalhealth,0,0,Neutral
"Mauro Ranallo: ""To everyone who is suffering from #MentalHealth issues, I dedicate my #NXTTakeOver call TONIGHT to YOU. We are in this together. Join the @WWENXT crew at 7ET/4PT on @WWENETWORK LET’S DO THIS! #StigmaSmasher #BiPolarRockNRoller 🙏🏻""",4643,ShunningResumed,https://twitter.com/mauroranallo/status/1114152216766623744,1554496054,154,mentalhealth,0,0,Neutral
Where should I post this?,31977,Bite_of_87_,https://i.redd.it/qwr9zpy59f8e1.jpeg,1734882761,262,mentalhealth,0,0,Neutral
Under #mentalhealth for some reason?,3618,cheese2thecracker,https://i.redd.it/2ddntoctn9c31.jpg,1563980613,126,mentalhealth,0,0,Neutral
Thats it! Confirmed!!,2958,Professional-Ring-21,https://i.redd.it/9s4ferxypuce1.jpeg,1736813408,504,mentalhealth,0.625,1,Positive
Do We Need A Healthier Music Climate? | #MentalHealth,1077,Producer_Hive,https://i.redd.it/jpk1eb8vewr31.jpg,1570793828,290,mentalhealth,0,0,Neutral
To feel like this picture. #mentalhealth ,1150,Bonesfromgod,https://i.redd.it/c0sit1zwthjd1.jpeg,1724017753,16,mentalhealth,0,0,Neutral
That’s NOT a 100% valid question,2238,gspbanjo,https://i.redd.it/yhldhqoa9fwd1.jpeg,1729652628,728,mentalhealth,0,0,Neutral
Two Militaries?,24567,tempoguyx,https://v.redd.it/yhtfi1x4v3ga1,1675487532,2225,mentalhealth,0,0,Neutral
Boomer calls fake Antifa hotline and shares some big feelings.,4719,STFUBoomerBlog,https://v.redd.it/14jno6tpcsgc1,1707147276,805,mentalhealth,-0.25,0.55,Negative
OP’s daughter punched a boy at school,5400,snarfblattinconcert,https://www.reddit.com/r/BestofRedditorUpdates/comments/13i6b1s/ops_daughter_punched_a_boy_at_school/,1684152305,704,mentalhealth,0,0,Neutral
Token for Mentalhealth???,18,SignFine,https://www.reddit.com/r/avicii/comments/1i1hqp4/token_for_mentalhealth/,1736892083,30,mentalhealth,0,0,Neutral
To be a pro-life Christian,3575,malus545,https://v.redd.it/k73pcktcztsb1,1696706440,527,mentalhealth,0,0,Neutral
What type of art is this,1175,BigSudden506,https://i.redd.it/vni9jnzu21ae1.jpeg,1735582841,259,mentalhealth,0,0,Neutral
God forbid you want to support properly!,2550,Raevelry,https://i.redd.it/ffptr5le1a9e1.png,1735255485,115,mentalhealth,0,0.1,Neutral
A teen decorated her graduation cap with a giant QR code that directs people to a list of students killed in school shootings.,31787,JAlbert653,https://i.redd.it/9i2o506pp1y21.jpg,1557782660,2063,mentalhealth,-0.066666667,0.333333333,Negative
Nearly one billion people have a mental disorder,7552,globeworldmap,https://i.redd.it/uglysa2v1zs91.png,1665404775,475,mentalhealth,0,0.3,Neutral
College student starts screaming at the sight of an Israeli flag,1519,MovieENT1,https://v.redd.it/46pkx7qxynyc1,1714939282,502,mentalhealth,0,0,Neutral
Job Effecting My MentalHealth,77,Ismaithliomcaca,https://www.reddit.com/r/ireland/comments/1btyot8/job_effecting_my_mentalhealth/,1712064349,64,mentalhealth,0,0,Neutral
bruh,48404,RecordEnvironmental4,https://i.redd.it/p3t66khi99371.png,1622815300,499,mentalhealth,0,0,Neutral
Jingle Jam 2021: Schedule and Links!,5548,LewisXephos,https://www.reddit.com/r/Yogscast/comments/r5tg29/jingle_jam_2021_schedule_and_links/,1638295862,1336,mentalhealth,0,0,Neutral
National Suicide Prevention Hotline is Getting Its Own 3-Digit Number in the US (988) - A quick & easy Number to remember for help like 911.,50298,onepersononeidea,https://www.cnn.com/2019/08/17/politics/fcc-suicide-prevention-hotline-number/index.html,1566703936,980,mentalhealth,0.455555556,0.777777778,Positive
MAYO FOR SAM 😭😭,2989,reall0ve,https://i.redd.it/553vl0a6ydlc1.jpeg,1709151924,237,mentalhealth,0,0,Neutral
Saw this in another community and got a good laugh. Do attorneys really think this is a good pitch?,778,fifa71086,https://i.redd.it/yhldhqoa9fwd1.jpeg,1729686190,436,mentalhealth,0.475,0.375,Positive
Demonic possession,20231,jakeymango,https://i.imgur.com/1McHx9U.jpg,1601943073,582,mentalhealth,0,0,Neutral
"I’m sharing some mentalhealth-saving advices that saved me, for the ones that still struggle 😊",47,PurpleBananaDoppio,https://www.reddit.com/r/lawofattraction/comments/1i559mp/im_sharing_some_mentalhealthsaving_advices_that/,1737311432,9,mentalhealth,0,0,Neutral
"is it ok to discuss recreational substance use in the profession (not abuse, just use), without the discussion being couched in the wistful language of #mentalhealth, #bellletstalk, #addiction, #selfcare, #removethestigma",0,John__47,https://www.reddit.com/r/LawCanada/comments/1bd97e8/is_it_ok_to_discuss_recreational_substance_use_in/,1710279015,66,mentalhealth,0.5,0.5,Positive
"OP spirals after being cursed by his ex-girlfriend for throwing out her culturally valuable ""ugly smelly pouch""",3569,simplyintentional,https://www.reddit.com/r/BestofRedditorUpdates/comments/vev2y1/op_spirals_after_being_cursed_by_his_exgirlfriend/,1655515099,657,mentalhealth,-0.3,0.55,Negative
"The lord is close to the brokenhearted and saves those who are crushed in spirit. Psalms 34:18 - 📽️-my last day An anime short written by Barry Cook, the director of Disney‘s Mulan. Created in conjunction with the JESUS Film Project. - - - #mentalhealth #mentalhealthmatters #findyourself #focuson",83,Delicious_Young3233,https://v.redd.it/685ckvhqjo6e1,1734123589,7,mentalhealth,-0.033333333,0.155555556,Negative
when your mom beats yo ass and makes you eat dinner,32622,EnvySugarCover,https://i.redd.it/8wwdd6s3cjo91.gif,1663471100,184,mentalhealth,0,0,Neutral
I am a teenager and really lost in my life about everything carrer education friends mentalhealth love anyone wanna tell me anything BORN on 22nd march 2007 10:22pm,3,Character-Tax-4721,https://i.redd.it/7u7cqncp9hzd1.png,1730984614,19,mentalhealth,0.35,0.4,Positive
Priorities,12499,paulobyly,https://v.redd.it/58mvav4kctsa1,1681026245,152,mentalhealth,0,0,Neutral
"OOP's boyfriend has a stalker BFF, but the rest of his circle of friend has her back",5108,JoBeWriting,https://www.reddit.com/r/BestofRedditorUpdates/comments/udbk2i/oops_boyfriend_has_a_stalker_bff_but_the_rest_of/,1651087404,395,mentalhealth,0,0,Neutral
Battlefield 2042 is on Life support.,3524,MorpH64,https://www.reddit.com/r/battlefield2042/comments/rwaeog/battlefield_2042_is_on_life_support/,1641346097,719,mentalhealth,0,0,Neutral
You're badass! [xpost /r/mentalhealth],1191,sadbarrett,https://i.redd.it/dgjs0twol19y.jpg,1484122887,44,mentalhealth,0,0,Neutral
The physical will come but the #mentalhealth you have to WORK for on #mounjaro #ozempic!  #health,4,Cautious-Cap-4485,https://youtube.com/shorts/oXuqNSgO554?si=sbgBhqIgf6FcRvg6,1737615715,6,mentalhealth,0,0.142857143,Neutral
Mentalhealth marketplace in Pakistan,5,Living-Carob-5282,https://www.reddit.com/r/karachi/comments/1hvul0j/mentalhealth_marketplace_in_pakistan/,1736265545,6,mentalhealth,0,0,Neutral
"OOP Posts a Suicide Note, r/USMC Rallies the Troops",3638,TheComment,https://www.reddit.com/r/BestofRedditorUpdates/comments/11z4u9g/oop_posts_a_suicide_note_rusmc_rallies_the_troops/,1679536365,254,mentalhealth,0,0,Neutral
r/mentalhealth confirms they censor the truth about abusive MH services,43,whitefox2842,https://www.reddit.com/r/Antipsychiatry/comments/1ejk9v8/rmentalhealth_confirms_they_censor_the_truth/,1722737388,20,mentalhealth,0,0,Neutral
So true!! #selfcare #gming #consequences #saynotogmes #anxiety #depressing #mentalhealth #staysafe #lifechoices #minions,522,Nonkel_Jef,https://i.redd.it/5ierx4bhvap81.png,1648114041,37,mentalhealth,-0.0265625,0.775,Negative
"Strange, it’s almost as if people should date/fuck/marry who they want based on attraction and not ideology…",3137,corpuscavernosa,https://i.redd.it/3h4d2z8jarn71.jpg,1631750516,768,mentalhealth,-0.05,0.15,Negative
Whats does my chart says about mentalhealth? (And Jupiter),1,Gowniak_Glupi,https://i.redd.it/10qna8ofg7ce1.png,1736531743,4,mentalhealth,0,0,Neutral
What subreddit do you think Catwoman would browse regularly,1972,thecrew2game,https://www.reddit.com/gallery/15auhn1,1690440944,352,mentalhealth,0,0.076923077,Neutral
What do you think about medication? I just started taking it. Are there some successful stories without it? 🤔 #mentalhealth #medication #recovery,1,Proper_Cod527,https://www.reddit.com/r/bipolar2/comments/1fq7c1f/what_do_you_think_about_medication_i_just_started/,1727385689,18,mentalhealth,0.75,0.95,Positive
I mean..,14153,LeahcimDrac,https://i.redd.it/t2hdvytdznw61.jpg,1619942548,261,mentalhealth,-0.3125,0.6875,Negative
Mentalhealth vs my mom ,7,Full-Function-1129,https://www.reddit.com/r/Tunisia/comments/1gprqpb/mentalhealth_vs_my_mom/,1731436348,10,mentalhealth,0,0,Neutral
5 Cara Ampuh Anti Burnout di Kantor! #MentalHealth #SelfCare #WorkLifeBalance #stressmanagement,1,juhbuh,https://www.youtube.com/watch?v=LwW_OxwZHRY,1737877624,0,mentalhealth,0,0,Neutral
"""Apostlekathrynkrick Descent into Schizophrenia Fivefoldchurch Mentalhealth Mentalillness"", Apostle David E. Taylor: Full Frontal Exposure 2.0, 23 Jan 2025 [0:09:09] ""#kathrynkrick #falseprophet #5fchurch Signs that Kathryn Krick is possibly schizophrenic. @ApostleKathrynKrick @FiveFoldChurch @Geo…""",1,CultPodcastsBot,https://www.youtube.com/watch?v=fTvTPDDliMU,1737677892,0,mentalhealth,0.175,0.775,Positive
"Discover the power of Gestalt Therapy! Boost your mental health with its holistic approach. Enhance self-awareness, personal growth, and emotional freedom. Learn its history, techniques, benefits and more. Dive in here: https://youtu.be/QZPT_qTR-LE. #GestaltTherapy #MentalHealth",1,AnxiousFighter94,https://youtu.be/QZPT_qTR-LE,1737563720,0,mentalhealth,0.1,0.4125,Positive
How Fast Can the Brain Renew Itself? #MentalHealth,789,prismaticspace,https://youtu.be/3GSo5TuDIwk,1604135563,29,mentalhealth,0.2,0.6,Positive
#self-sabotage #burnout #debt-burden #mentalhealth,1,Lucky-Emergency-7459,https://i.redd.it/vvu714jf2fde1.jpeg,1737059738,0,mentalhealth,0,0,Neutral
Mentalhealth marketplace in Pakistan - question for twin cities,2,Living-Carob-5282,https://www.reddit.com/r/islamabad/comments/1hvum6t/mentalhealth_marketplace_in_pakistan_question_for/,1736265627,1,mentalhealth,0,0,Neutral
cured,2354,tismightsail,https://i.redd.it/ltcpcnahqfp91.jpg,1663863353,449,mentalhealth,0,0,Neutral
Keeping people locked up in a pure white room with fluorescent lighting is not how you deal with suicidal ideation.,8533,musicmanxv,https://www.reddit.com/r/TrueOffMyChest/comments/f392ks/keeping_people_locked_up_in_a_pure_white_room/,1581595956,393,mentalhealth,0.107142857,0.25,Positive
Please help idk what’s happening to me #mentalhealth ,1,cyber-ghoulz,https://www.reddit.com/r/MentalHealthSupport/comments/1i0ljy6/please_help_idk_whats_happening_to_me_mentalhealth/,1736794755,0,mentalhealth,0,0,Neutral
When I see people with ADHD doing great in their academics and Then I see myself in the mirror and Realize I couldn't do literally anything . Am I using my mentalhealth as an escapegoat?,92,According_Garden462,https://www.reddit.com/r/adhdmeme/comments/vsilfh/when_i_see_people_with_adhd_doing_great_in_their/,1657086118,83,mentalhealth,0.8,0.75,Positive
r/mentalhealth,1,UserFlora,https://www.reddit.com/r/mentalhealth/comments/1hxrp7n/rmentalhealth/,1736468689,0,mentalhealth,0,0,Neutral
Around 200 NSW Health Psychiatrist Resigns from 20th Jan 2025,479,melneko92,https://www.reddit.com/r/sydney/comments/1hyllyv/around_200_nsw_health_psychiatrist_resigns_from/,1736561761,202,mentalhealth,0,0,Neutral
Deploying grass,9619,TigerMafiaFromUganda,https://i.redd.it/fyj3mrtnnqg81.png,1644382421,187,mentalhealth,0,0,Neutral
Just Unsubbed from r/thedeprogram they hate the usa so much they celebrate innocent veteran deaths,1493,Active_Ad_1223,https://i.redd.it/9m01ohcn6wza1.jpg,1684093511,458,mentalhealth,-0.025,0.45,Negative
567K views · 39K reactions | Hyper vigilance #ADHDAWarenessMonth #adhdlife #adhd #adhdawareness #MentalHealth #duet | By ADHD & Matters | Facebook,0,No_Couple_1093,https://www.facebook.com/share/r/r7q4JXrLp2XpocyM/,1735476457,0,mentalhealth,0,0,Neutral
Please give me some advice. Posting here due to it getting deleted in a mentalhealth subreddit.,0,YeetusYoted,https://www.reddit.com/r/Advice/comments/1hmf87q/please_give_me_some_advice_posting_here_due_to_it/,1735181574,0,mentalhealth,-0.125,0.375,Negative
Resources,2069,theladyluxx,https://www.reddit.com/r/GabbyPetito/comments/prj94c/resources/,1632095099,958,mentalhealth,0,0,Neutral
Information Megathread,1422,byrnesf,https://www.reddit.com/r/travisscott/comments/qnycyb/information_megathread/,1636198166,3953,mentalhealth,0,0,Neutral
nayt kor,27649,KralGalatasaray,https://i.redd.it/01i2qrvq0pj41.gif,1582908029,218,mentalhealth,0,0,Neutral
Haven’t been on here because #mentalhealth but for whoever needed to hear this (all genders included) my dad’s got you!,509,femmepremed,https://i.redd.it/b4xr62rht7v71.jpg,1635001538,27,mentalhealth,0,0,Neutral
I've posted this on mentalhealth as well but idk what else to do,3,Alone-Mail5727,https://www.reddit.com/r/mentalillness/comments/1f1ns0m/ive_posted_this_on_mentalhealth_as_well_but_idk/,1724677663,12,mentalhealth,0,0,Neutral
I wasn’t allowed to post in mentalhealth but they directed me here so,9,QuinneCognito,https://www.reddit.com/r/depression_help/comments/1gul9hp/i_wasnt_allowed_to_post_in_mentalhealth_but_they/,1731978989,1,mentalhealth,0,0,Neutral
How Your Parents can Kill Your Dreams #how #toxic #mentalhealth #fight #funny,1,Helpful_Objective971,https://youtu.be/q2OI8v_kMww?si=dMPkisQyFe0yJc1I,1733279953,0,mentalhealth,0.25,1,Positive
Help Advice mentalhealth ,4,Traditional_You7046,https://www.reddit.com/r/AskPsychiatry/comments/1h3n2au/help_advice_mentalhealth/,1733002684,0,mentalhealth,0,0,Neutral
I used to make so much money. I now run a company that has my name it in and I STILL make so much money. Aren’t I the best?,1639,scullyismybuddy,https://i.redd.it/48177bzg0lgb1.jpg,1691367673,274,mentalhealth,0.466666667,0.233333333,Positive
therapy/mentalhealth help?,6,Market-Dependent,https://www.reddit.com/r/wichita/comments/1cyfltw/therapymentalhealth_help/,1716423511,20,mentalhealth,0,0,Neutral
What percentage of people with major depressive disorder has suicidal thoughts?,5083,nnawkwardredpandann,https://www.reddit.com/r/askscience/comments/djm0di/what_percentage_of_people_with_major_depressive/,1571397380,425,mentalhealth,0.0625,0.5,Positive
"Giornata Mondiale della Salute Mentale, 11,2 milioni di bambini e ragazzi soffre di problemi psichici nell'Ue: TikTok interviene con #MentalHealth",4,Smilefriend,https://www.ilfattoquotidiano.it/2024/10/10/giornata-mondiale-della-salute-mentale-112-milioni-di-bambini-e-ragazzi-soffre-di-problemi-psichici-nellue-tiktok-interviene-con-mentalhealth/7725065/,1728556404,5,mentalhealth,0,0,Neutral
r/mentalhealth is seeking queue moderators!,15,Pi25,https://www.reddit.com/r/needamod/comments/1gd5j69/rmentalhealth_is_seeking_queue_moderators/,1730013784,2,mentalhealth,0,0,Neutral
Giving awful advice for an interesting life,1600,Secure-Report-207,https://i.redd.it/7p05vkqhzhdb1.jpg,1690023481,276,mentalhealth,-0.25,0.75,Negative
Silent Storm: A Journey  Through Mental Health #music #motivational #struggle #mentalhealth,1,Intelligent_Moose595,https://youtu.be/JEkBR1MuVCI,1732460369,0,mentalhealth,-0.05,0.15,Negative
"""Growing up Queer in the Mormon Cult"", Therapy Diaries, 22 Nov 2024 [0:09:17] ""This is the story of how I grew up queer in the Mormon cult. Basically just me venting about it. I mean it wasn't great. #mormon #queer #lgbtqai #mentalhealth #healing #healingjourney""",1,CultPodcastsBot,https://www.youtube.com/watch?v=uiueHlejvRs,1732366175,0,mentalhealth,0.24375,0.71875,Positive
"JR Harvey on Instagram: ""Comment “king” if you been there or are there rn 👑 

#kingscommunity #mensmentalhealth #mensmentalhealthawareness #mensmentalhealthmatters #mentalhealth #mentalhealthmatters #mentalhealthawareness""",1,Calm-Manufacturerbbc,https://www.instagram.com/reel/DBMFQlypucV/?igsh=MThsZ2NlZzMzcDJ0ZQ==,1732259235,0,mentalhealth,0,0,Neutral
"𝐙𝐚𝐜𝐡𝐞𝐫𝐲 𝐃𝐞𝐫𝐞𝐧𝐢𝐨𝐰𝐬𝐤𝐢 on Instagram: ""Follow @mdmotivator for more content to be seen and heard 🥹❤️ #mentalhealth""",1,JeepBoy68,https://www.instagram.com/reel/DCkwEy6OsqP/?igsh=MWp2ZGlwdzN2a3Fxeg==,1732168139,0,mentalhealth,0.5,0.5,Positive
"Ready Go on Instagram: ""Depression is struggling with YOU

Audio: @levithefurbyking 

#readygo #animation #animationmeme #cartoon #meme #memestiktok #depression #mentalhealth""",0,HugeInstruction1963,https://www.instagram.com/reel/DBZJeQkKf9C/?igsh=MTc4MmM1YmI2Ng==,1732232125,0,mentalhealth,0.2,0.5,Positive
My unusual experience in r/mentalhealth,7,Straight-Order2818,https://www.reddit.com/r/mentalhealth/comments/1f5ynwm/my_unusual_experience_in_rmentalhealth/,1725141431,8,mentalhealth,0.2,1,Positive
"Don’t want to be responsible #neighbor, #mentalhealth, #accidentalparent, #overwhelmed",0,LakeLover_Artsy_347,https://www.reddit.com/r/AITAH/comments/1g1rfn0/dont_want_to_be_responsible_neighbor_mentalhealth/,1728703799,4,mentalhealth,0.2,0.55,Positive
"[MikeJordan] I wasn’t gonna caption these this way, for the kids on here and I know MLB won’t love it, but F*ck Em 😂 Jarren Duran’s All Star Game customs. Hope y’all like em. JK @MLB I ❤️ u but it’s for #mentalhealth #stillalive #MLBAllStarGame",103,Knightbear49,https://www.reddit.com/gallery/1e511ct,1721166820,3,mentalhealth,0.05,0.5,Positive
Amazing psychology facts that everyone deserves to know🧠💭 #shorts #PsychologyFacts #MentalHealth,1,Commercial_Jicama720,https://www.youtube.com/watch?v=AlHMp5o1BYA,1731704965,0,mentalhealth,0.6,0.9,Positive
"Syd :) on Instagram: ""why do people do this?

#squidinkidink #mentalhealth #comedy""",2,AnywayWhereWasI,https://www.instagram.com/reel/DCR2isMJ7Uk/?igsh=NzI5eTFudG5uYXlo,1731551643,0,mentalhealth,0.5,1,Positive
Classroom Rewind! #mentalhealth #thoughtsmatter #homeschoolmom #fun,1,kevinkaye,https://youtube.com/watch?v=L9pX9qEIpag&si=qirwxv0sVZIJSiC9,1731455964,0,mentalhealth,0.3,0.2,Positive
Found this on r/mentalhealth,147,HuskerYT,https://www.reddit.com/r/ForeverAlone/comments/wvfw2e/found_this_on_rmentalhealth/,1661231272,49,mentalhealth,0,0,Neutral
7th Annual O Level Results Release Megathread,110,cowbaecowboo,https://www.reddit.com/r/SGExams/comments/1hxw41x/7th_annual_o_level_results_release_megathread/,1736482468,473,mentalhealth,0,0,Neutral
"Mark Selby on Twitter: ‘Just want to apologise to all my friends and family for letting them down. Mentally not in a good place at moment, had a relapse and trying to bottle it up and put a brave face on is not the way. I promise I will get help and be a become a better person. #mentalhealth’",193,SmartFireCheesecake,https://twitter.com/markjesterselby/status/1482337435606560771,1642253187,51,mentalhealth,0.198611111,0.597222222,Positive
Hey all in r/mentalhealth,11,Forever_Alone51023,https://www.reddit.com/r/mentalhealth/comments/1e06fhq/hey_all_in_rmentalhealth/,1720644268,11,mentalhealth,0,0,Neutral
New on TikTok: Soso Shanel closed her business because it was not making her happy anymore….But admits it never made her Happy🍵 #storytime #sososhanelchronicles #fyp #mentalhealth #business,1,gempro81,https://www.tiktok.com/@wutstheteatoday/video/7429178560750865710?utm_campaign=tt4d_open_api&utm_source=awa6z07qoicg5jkx,1729740580,0,mentalhealth,0.278787879,0.518181818,Positive
New on TikTok: Soso Shanel closed her business because it was not making her happy anymore….But admits it never made her Happy🍵 #storytime #sososhanelchronicles #fyp #mentalhealth #business,1,gempro81,https://www.tiktok.com/@wutstheteatoday/video/7429178560750865710?utm_campaign=tt4d_open_api&utm_source=awa6z07qoicg5jkx,1729740580,0,mentalhealth,0.278787879,0.518181818,Positive
Mentalhealth Admin Software suggestions ,0,SnooTangerines7518,https://www.reddit.com/r/sysadmin/comments/1evlnrl/mentalhealth_admin_software_suggestions/,1724019477,7,mentalhealth,0,0,Neutral
Made An Important New Content About #MentalHealth,317,tonyzaret,https://i.redd.it/z15ub3m68xva1.png,1682380754,12,mentalhealth,0.268181818,0.727272727,Positive
Top five dopamine producing substances #facts #education #mentalhealth,1,parishhills,https://youtu.be/OHDlVOTz3dw?si=UKIkj2rwLCLAG_Au,1729357004,0,mentalhealth,0.5,0.5,Positive
#MeToo #metoomovement #Harassment #Stalking #Stalker #Bully #bullying #veiledthreats #mentalhealth #intimidation #foryoupage #fypシ #foryoupagethis #fyp #fypツ #foryour,1,Epik2007,https://www.tiktok.com/@gmileycollier78/video/7427246925348474143?_r=1&_t=8qfRwUJ7osQ,1729320790,0,mentalhealth,0,0,Neutral
Like r/mentalhealth but with more positivity.,124,GradientBossting,https://www.reddit.com/r/findareddit/comments/t31ar0/like_rmentalhealth_but_with_more_positivity/,1646005722,55,mentalhealth,0.5,0.5,Positive
"Your Life Coach 999 on Instagram: ""✨8 Signs That You Are An Introvert ✨
✨
✨
✨
✨
#positivevibes #motivation #mindfulness #quotes #meme #mindset #happiness #selfimprovement #tranquility #spirituality #peace #mentalhealth #innerstrength #empowerment #personaldevelopment #anxiety""",1,yankey817,https://www.instagram.com/reel/DBLMnQPoE8u/?igsh=ODFoaTN0cXAzMmVs,1729066291,0,mentalhealth,0.7,0.2,Positive
"While most people are concerned with guns/mentalhealth/victims families, ratheism is taking a stand against the one thing that matters: people talking about god.",181,Plorp,https://www.reddit.com/r/circlebroke/comments/150al9/while_most_people_are_concerned_with/,1355772907,138,mentalhealth,0.5,0.5,Positive
VIDEO: Children deserve mentalhealth days,1,tikibot2,https://www.thefamuanonline.com/2024/10/15/video-children-deserve-mentalhealth-days/,1729024599,0,mentalhealth,0,0,Neutral
Mindfulness Meditation: A Beginner’s Guide to Finding Peace #Mindfulness #Meditation #CalmMind #MentalHealth #StressRelief #MindfulnessPractice #MeditationForBeginners #SelfCare #Wellness #InnerPeace,1,Allinhalf,https://mental-psychological-health-matters.blogspot.com/2024/10/how-mindfulness-meditation-can.html,1728944857,0,mentalhealth,0,0,Neutral
"#MentalHealth Anxiety Disorders - in Focus. Im a psychiatric nurse and i want to chance the way we look at Anxiety. treatement has to be more than medication..... go and have a loook. and  lots 🫶🏻 from Sandro! Please help me to spread my project. If youre not speaking german, please translate it. ",1,sandrosworld,https://i.redd.it/yj8tvurd2ltd1.png,1728415470,0,mentalhealth,0.3125,0.25,Positive
Member ka din ba ng r/mentalhealthPH?,2,backspace025,https://i.redd.it/6stkwu9xqjsd1.jpeg,1727963593,0,mentalhealth,0,0,Neutral
"Feeling overwhelmed by life's challenges? You Are Not Alone 🌏🌱. 

#Join #GrowingCommunity #Real Help #NextGen #Awareness #Wellness #mentalhealth #Steps ",1,BooksInOne,https://v.redd.it/rvxh1j0uplsd1,1727987506,0,mentalhealth,0.2,0.3,Positive
DENTURE ADVICE WITH LOVE ❤️ #fyp #video #foryou #explore #dentures #mentalhealth #anxiety #support,1,liajuju,https://youtu.be/JUGhvNX3AhU?si=L8HKN91VvCaAEASL,1727917761,0,mentalhealth,0.5,0.6,Positive
"#How to break away from stuck patterns in life ,this system has worked for myself so id like to share it with others i hope it helps just 1 person #mentalhealth be more ,be able ,be authentic to the real you .. preecha officail ",7,Ambitious-Ride7326,https://www.reddit.com/gallery/1fb1qlt,1725695292,1,mentalhealth,0.425,0.54375,Positive
R/mentalhealth I think I know why being fake is so draining ,5,Wrightycollins,https://www.reddit.com/r/mentalhealth/comments/1fip9nl/rmentalhealth_i_think_i_know_why_being_fake_is_so/,1726545334,0,mentalhealth,-0.5,1,Negative
A Cool Guide to stop 🛑 Gaslighting,1069,HypnosisG,https://i.redd.it/0dhtf611p5tc1.jpeg,1712538776,164,mentalhealth,0.35,0.65,Positive
I need MentalHealth Advice,3,Agitated_Buyer_6062,https://www.reddit.com/r/offmychest/comments/1ec9zxu/i_need_mentalhealth_advice/,1721951989,4,mentalhealth,0,0,Neutral
"FORREST LAURENT on Instagram: ""What are your thoughts?⁣⁣
⁣⁣
Do you believe trying to show unconditional love is a good thing?⁣
⁣
#motivation #inspiration #mentalhealth #relationships #friendship #couplegoals #reels #shorts""",1,buzzbie456,https://www.instagram.com/reel/C_28e0iPnTr/?igsh=Ym0zNmhsZ3Uxa3hj,1726349115,0,mentalhealth,0.6,0.6,Positive
CONCEPTS of Living A Values-Based Life | #mentalhealth,1,PsychologyPop,https://youtu.be/DHLrgiWnJhs?si=w2Gi-NXIJL9xC4tz,1725043365,1,mentalhealth,0,0,Neutral
"Unsurprisingly, /r/scjw/ has overlap with /r/lonely, /r/mentalhealth, and /r/socialskills",242,HT_F8,https://i.redd.it/9ehsvwa4v6m31.png,1568305233,60,mentalhealth,0,0,Neutral
Sustaining A Values-Based Life: Long-Term Strategies for Authentic Living | #mentalhealth,1,PsychologyPop,https://youtu.be/SwYi_wv5W8o?si=_Yc6wnvo75eXoZ_n,1724721846,1,mentalhealth,0.5,0.75,Positive
"Playing Games can Improve Mental Health, ano meron sa study? #mentalhealth #pinoygamer #shortsph",3,pinoygamerph,https://www.youtube.com/watch?v=bN9z9kp5MSc,1725012189,0,mentalhealth,-0.1,0.2,Negative
Playing Games 3hr daily boosts Mind Health? Pano if more? #mentalhealth #pinoygamer #shorts#shortsph,2,pinoygamerph,https://www.youtube.com/watch?v=AhjELPQ8-6M,1725091367,0,mentalhealth,0.25,0.25,Positive
"Playing Games can Improve Mental Health, dahil console? #mentalhealth #pinoygamer #shorts #shortsph",2,pinoygamerph,https://www.youtube.com/watch?v=uz0TUWK9umQ,1725048199,0,mentalhealth,-0.1,0.2,Negative
"Playing Games can Improve Mental Health, ano meron sa study? #mentalhealth #pinoygamer#shortsph",2,pinoygamerph,https://www.youtube.com/watch?v=jXFz9FAfDIM,1725004994,0,mentalhealth,-0.1,0.2,Negative
Discover PRACTICAL Techniques | To Know & Define Your Core Values #MentalHealth,1,PsychologyPop,https://youtu.be/JpbPBb9qVO4?si=v4NRl4hpwXE8VGqh,1724166200,1,mentalhealth,0,0,Neutral
Playing Games 3 hours daily boosts Mind Health? #mentalhealth #pinoygamer #podcast #shorts#shortsph,2,pinoygamerph,https://www.youtube.com/watch?v=OFYAoHMk918,1724976157,0,mentalhealth,0,0,Neutral
Playing Games 3 hours daily boosts Mind Health? #mentalhealth #pinoygamer #podcast#shorts#shortsph,2,pinoygamerph,https://www.youtube.com/watch?v=qrPNie46VFE,1724961782,0,mentalhealth,0,0,Neutral
"The 1000th pushup, shirtless in SLC like you voted #MentalHealth",114,plettj,https://www.reddit.com/gallery/1b47yl2,1709332940,4,mentalhealth,0,0,Neutral
Discovering Your Core Values | Know How Your Values Are Shaped #mentalhealth,1,PsychologyPop,https://youtu.be/XpIK8JJ-tIQ?si=5AlHtWLB9XaG8uEQ,1723899810,1,mentalhealth,0,0,Neutral
What's ONE nutrition change you made that had a SURPRSINGLY BIG impact on your overall health?,433,HakaLifeAndrew,https://www.reddit.com/r/nutrition/comments/1cab0hj/whats_one_nutrition_change_you_made_that_had_a/,1713793080,458,nutrition,0,0.05,Neutral
to ignore basic bodily nutrition,70118,Weird_Ad_7353,https://i.redd.it/rieqsyorilfb1.jpg,1690937979,4629,nutrition,0,0.1125,Neutral
What are some easy nutrition tips everyone should know?,169,danaee64,https://www.reddit.com/r/nutrition/comments/16uim1n/what_are_some_easy_nutrition_tips_everyone_should/,1695913891,215,nutrition,0.433333333,0.833333333,Positive
What are some nutrition hot takes you absolutely hate seeing?,580,SensitiveRough6210,https://www.reddit.com/r/nutrition/comments/1dqea8t/what_are_some_nutrition_hot_takes_you_absolutely/,1719561251,594,nutrition,-0.275,0.875,Negative
How do you plan nutrition for your clients?,11,Extreme_Ad_3760,https://www.reddit.com/r/personaltraining/comments/18tpung/how_do_you_plan_nutrition_for_your_clients/,1703864262,39,nutrition,0,0,Neutral
My Ultimate ADHD Nutrition Survival Guide,23,harveyrichards,https://www.reddit.com/r/ADHD/comments/11ljoxc/my_ultimate_adhd_nutrition_survival_guide/,1678242899,3,nutrition,0,1,Neutral
I need an idiot's guide to nutrition,13,bitpushr,https://www.reddit.com/r/crossfit/comments/trmi24/i_need_an_idiots_guide_to_nutrition/,1648588385,25,nutrition,-0.8,0.8,Negative
"Boomers bitch about program that pays for poor kids to eat nutritous foods, don't realize that I survived thanks to said program.",14655,bibbitybobbityfuck,https://www.reddit.com/r/BoomersBeingFools/comments/1cmdbcy/boomers_bitch_about_program_that_pays_for_poor/,1715092266,898,nutrition,-0.1,0.4,Negative
My TPN (nutrition pumped into my heart) has olive oil and egg in it,23314,grudginglyadmitted,https://i.redd.it/fs0mxs1gtaec1.jpeg,1706063076,1442,nutrition,0,0,Neutral
to ignore basic bodily nutrition,13696,Sassysen,https://i.redd.it/m1tq15s19dfc1.jpeg,1706528454,893,nutrition,0,0.1125,Neutral
These 2 identical cans of corn have very different nutrition facts,9383,BabyGates_,https://i.redd.it/vu0v7klhkngc1.png,1707089152,751,nutrition,0,0.78,Neutral
"[Baltimore Banner] The Ravens eat 30-60 Uncrustables per day, and 7500 per season; a look into Raven nutrition",6950,TedioreTwo,https://www.thebaltimorebanner.com/sports/ravens-nfl/ravens-players-favorite-snacks-sarah-snyder-nutritionist-F5NGYUFQQVBSLPOVZ53IK26TJ4/,1705517690,924,nutrition,0,0,Neutral
Fake nutrition influencer acts like he's an expert on foods,11104,ambachk,https://v.redd.it/m7g3m7me8apc1,1710850328,421,nutrition,-0.5,1,Negative
When people say rice/potato/insert carb have no nutritional value,1993,pineapplesandpuppies,https://www.reddit.com/r/PetPeeves/comments/1i7nd1y/when_people_say_ricepotatoinsert_carb_have_no/,1737583469,321,nutrition,0,0,Neutral
RFK Jr. says he plans to fire every nutritional scientist at the FDA on day one: “All of them are corrupt.”,1439,AvailableChoice3130,https://i.redd.it/6yoyaacexade1.png,1737009622,553,nutrition,-0.5,1,Negative
My beer has different nutrition facts for Utah,10160,cardadad_pods,https://i.redd.it/9t6ogppoalxb1.jpg,1698780528,718,nutrition,0,0.6,Neutral
Thousands of prenatal supplements fail to provide adequate nutrition for pregnant women and babies. 99 percent of the affordable dietary supplements on the market do not contain appropriate doses of key micronutrients that are urgently needed to make up for the nutritional imbalance.,15978,Wagamaga,https://news.cuanschutz.edu/news-stories/new-study-reveals-thousands-of-prenatal-supplements-fail-to-provide-adequate-nutrition-for-pregnant-women-and-babies?hs_amp=true,1680630047,598,nutrition,0.133333333,0.526666667,Positive
Most health and nutrition claims on infant formula products seem to be backed by little or no high quality scientific evidence.,15144,MistWeaver80,https://www.bmj.com/company/newsroom/most-health-claims-on-infant-formula-products-seem-to-have-little-or-no-supporting-evidence/,1676818335,659,nutrition,0.0775,0.513333333,Positive
The nutrition facts on this bag of star anise,5806,BubblyAnalysis5197,https://www.reddit.com/gallery/17vmy7j,1700027467,493,nutrition,0,0,Neutral
Man unclogs culvert with beaver resistant rack. The clog contains beneficial natural debris that will sink and put nutrition into the swamp downstream,24760,SinjiOnO,https://v.redd.it/juuy95qu5dya1,1683445369,401,nutrition,0.1,0.4,Positive
"Paleo and keto diets bad for health and the planet, says study. The keto and paleo diets scored among the lowest on overall nutrition quality and were among the highest on carbon emissions. The pescatarian diet scored highest on nutritional quality of the diets analyzed.",6168,MistWeaver80,https://newatlas.com/environment/paleo-keto-diets-vegan-global-warming/,1677772323,1111,nutrition,-0.35,0.333333333,Negative
"A Scary Amount of Nutrition Science Has Deep Ties to The Food Industry, Study Reveals",63981,the_hunger_gainz,https://www.sciencealert.com/nutrition-studies-tied-to-food-industry-are-6-times-more-likely-to-report-favourable-results,1609088710,3286,nutrition,-0.25,0.7,Negative
Exposing a “nutrition” influencer who just makes up rules as he goes,12024,NeverEnoughSPF,https://v.redd.it/zym78k38tbbb1,1689077036,387,nutrition,0,0,Neutral
A nutrition label that you can't read until you buy and open the product.,28737,Star_killer5967,https://i.redd.it/95h8d8eyelr91.jpg,1664803826,521,nutrition,0,0.5,Neutral
YSK that U.S. nutrition labels can round small amounts of calories down to zero ,2977,thebodybuildingvegan,https://www.reddit.com/r/YouShouldKnow/comments/1g3bim8/ysk_that_us_nutrition_labels_can_round_small/,1728896707,175,nutrition,-0.201851852,0.362962963,Negative
Were they just hoping no one would check the nutrition label???,16198,Jelly_Mac,https://www.reddit.com/gallery/ytoxw5,1668304973,469,nutrition,0,0,Neutral
Trump Rolls Back Michelle Obama’s School Lunch Nutrition Rules on Her Birthday.,46795,perryyyyyy,https://www.bloomberg.com/news/articles/2020-01-17/trump-rolls-back-michelle-obama-s-school-lunch-nutrition-rules,1579299834,3873,nutrition,0,0,Neutral
US nutrition panel’s ties to top food giants revealed in new report,6922,AkitaBijin,https://www.theguardian.com/society/2023/oct/06/us-government-nutrition-panel-report,1696607926,315,nutrition,0.318181818,0.477272727,Positive
These are balanced (usually) nutritional meals I could probably survive off beans and rice for a fiver,3505,randmpersn,https://i.redd.it/pzospv57gtyc1.png,1715005682,256,nutrition,-0.25,0.25,Negative
Pseudo-nutrition,10082,kalam4z00,https://i.redd.it/urju3c7s0aqb1.jpg,1695593089,227,nutrition,0,0,Neutral
My uni housemate thinks this is an acceptable level of nutrition,7251,darkbear17,https://i.redd.it/t1e9yymc9zq81.jpg,1648845054,929,nutrition,0,0,Neutral
"TIL That nutrition professor Mark Haub lost 27 pounds on a Twinkie/Dorito/Sugar diet to prove that weight loss is based on caloric intake, and not on nutrition.",47063,GlaireWolf,http://www.cnn.com/2010/HEALTH/11/08/twinkie.diet.professor/index.html,1547579603,2987,nutrition,0,0,Neutral
"If I could satisfy all my nutritional needs by just drinking something, I would ",1257,droopa199,https://www.reddit.com/r/ADHD/comments/1ec6o40/if_i_could_satisfy_all_my_nutritional_needs_by/,1721943196,468,nutrition,0,0,Neutral
What's one nutrition hack you use regularly that the majority of people don't but could greatly benefit from?,597,WesternCurrent8576,https://www.reddit.com/r/nutrition/comments/1has2pz/whats_one_nutrition_hack_you_use_regularly_that/,1733799885,656,nutrition,0.4,0.413461538,Positive
"Swapping meat for seafood could improve nutrition and reduce emissions, new study finds",3962,Additional-Two-7312,https://www.nature.com/articles/s43247-022-00516-4,1662743710,1037,nutrition,0.136363636,0.454545455,Positive
"A bearded vulture consuming a bone, it being the only animal known to get most nutrition from bone marrow.",28265,aquilasr,https://i.redd.it/vm4f7462jc981.jpg,1641160437,400,nutrition,0.25,0.75,Positive
ELI5: Why is it so important for humans to have a balanced nutrition but not for animals?,7133,Narrenmischpoke,https://www.reddit.com/r/explainlikeimfive/comments/of4sri/eli5_why_is_it_so_important_for_humans_to_have_a/,1625607702,1172,nutrition,0.4,1,Positive
Another NG Tube providing direct nutrition the brain,5316,Dr_Boctor,https://i.redd.it/9h7o2r58qm1b1.jpg,1684850722,339,nutrition,0.1,0.4,Positive
what’s a food you think is criminally underrated despite its great nutrition content,774,milk_luna,https://www.reddit.com/r/nutrition/comments/1ekmvsu/whats_a_food_you_think_is_criminally_underrated/,1722862011,1001,nutrition,0.2,0.65,Positive
Having a toddler and building a food pyramid that is representative of their nutrition.,15008,carlinha1289,https://i.redd.it/93pd39vlxgi41.jpg,1582374341,1139,nutrition,0,0,Neutral
We are researchers who work on nutrition and the gut. Our research looks at our amazing gut microbiome and the role of nutrition in health and disease. Ask us anything!,7616,ImperialCollege,https://www.reddit.com/r/IAmA/comments/k5b52k/we_are_researchers_who_work_on_nutrition_and_the/,1606922481,1286,nutrition,0.75,0.9,Positive
Listening to all the nutrition experts on JRE,22247,A_Studly_Muffin,https://i.redd.it/ml4m5jfotgo21.jpg,1553606979,1013,nutrition,0,0,Neutral
"LPT: ""Nutritionists"",""Nutritional Therapists"", ""holistic nutritionist"", or ""Nutritional Coaches"" don't require any formal certification, education or training to use those titles. ""Dieticians"" do require it. Be careful who you accept diet & nutrition advice from.",29747,DontMicrowaveCats,https://www.reddit.com/r/LifeProTips/comments/97m00g/lpt_nutritionistsnutritional_therapists_holistic/,1534366817,1036,nutrition,-0.1,1,Negative
My receipt came with a nutritional breakdown,35461,aleons00,https://i.redd.it/t5d2cqm7lity.jpg,1493045475,1438,nutrition,0,0,Neutral
Nutritional science starter pack,26432,QueenFanFromEstland,https://i.redd.it/jhl7e0iwblc51.png,1595502972,527,nutrition,0,0,Neutral
"Fake wellness blogger fined $410,000 over scam involving claims her non-existent brain cancer was cured through alternative therapies and nutrition",38193,kitehkiteh,http://www.abc.net.au/news/2017-09-28/disgraced-wellness-blogger-belle-gibson-fined/8995500,1506560319,1150,nutrition,-0.5,1,Negative
A Greek (Yogurt) Tragedy: Mentions of Greek Yogurt in posts on /r/nutrition [OC],16591,waitingforgoodoh,https://i.redd.it/0nx8f2rlzig31.jpg,1565836932,821,nutrition,0,0,Neutral
"LPT: Potatoes are cheaper than Ramen, have more nutritional value, and will keep you full longer",22756,RickHadANubianGoat,https://www.reddit.com/r/LifeProTips/comments/3vkih2/lpt_potatoes_are_cheaper_than_ramen_have_more/,1449342223,2577,nutrition,0.425,0.525,Positive
Bone moving nutrition,10609,Gatt__,https://i.redd.it/jhvg9opcy8l91.gif,1662037861,270,nutrition,0,0,Neutral
How is Coca Cola allowed to have a secret recipe/ingredient when you have to put the true ingredients and nutrition on label? ,2081,cyamski,https://www.reddit.com/r/NoStupidQuestions/comments/1c4ojgo/how_is_coca_cola_allowed_to_have_a_secret/,1713193627,233,nutrition,-0.025,0.675,Negative
Nutritional information for Chocolate Shoppe ice cream. I appreciate their honesty.,13796,SteveVerstaka,https://i.redd.it/10vavuob8fr71.jpg,1633347892,355,nutrition,0,0,Neutral
Lidl chiken wings all red for the person looking for an all red nutritional meal,11950,TastyMiscarriageSmeg,https://i.redd.it/gny85icdmbm71.jpg,1631124943,386,nutrition,0,0,Neutral
Cursed_nutrition,17986,NoMagician8731,https://i.redd.it/vqfacxh5abe91.jpg,1659015105,222,nutrition,0,0,Neutral
90s Nutrition Guide Starter Pack,9457,Johnpecan,https://i.redd.it/3j2368sywkc71.png,1626879010,440,nutrition,0,0,Neutral
"TIL a nutrition professor lost 27 pounds off of a ""Convencience Store"" diet of Twinkies, Doritos, and sugary cereals in order to prove that weight loss relied on caloric intake, not nutrition.",16257,Love_and_Kindness,http://www.cnn.com/2010/HEALTH/11/08/twinkie.diet.professor/,1474213087,1571,nutrition,0,0,Neutral
My hot sauce takes at shot at nutritional labels.,28983,acewavelink,https://i.redd.it/vjyiqbgf6xd11.jpg,1533320127,683,nutrition,0.25,0.85,Positive
Nutrition should be a required subject in every school starting in populations as young as 10-12,17720,DrunkenlySober,https://www.reddit.com/r/loseit/comments/9qfhvl/nutrition_should_be_a_required_subject_in_every/,1540226190,760,nutrition,-0.022222222,0.277777778,Negative
I feel like this should be illegal (nutrition facts on this beef stick are hidden by the beef stick),11069,Whosebert,https://i.redd.it/dpyjslwh88y71.jpg,1636314133,332,nutrition,-0.333333333,0.416666667,Negative
I reported an Herbalife “nutrition club” to my local food safety authority AND THEY ARE INVESTIGATING! It’s unlicensed!!,7106,puritycontrol,https://www.reddit.com/gallery/y1l25a,1665523905,261,nutrition,0,0,Neutral
Low-meat diets nutritionally adequate for recommendation to the general population in reaching environmental sustainability.,2830,tzaeru,https://academic.oup.com/ajcn/advance-article-abstract/doi/10.1093/ajcn/nqac253/6702416,1664704832,570,nutrition,0.191666667,0.416666667,Positive
"The prospective cohort study of more than 135,000 participants from 18 countries finds that nutritive carbohydrates increase human mortality, whereas dietary fat reduces it, calling for a fundamental change of current nutritional guidelines",11932,Scott_Collins,http://www.cell.com/cell-metabolism/fulltext/S1550-4131%2817%2930562-4#.WeA77GhVXhk.reddit,1507867681,1091,nutrition,0.166666667,0.333333333,Positive
"This company provides Nutrition facts only over phone, during normal business hours.",19886,dallydude825,https://i.redd.it/uae1ssnh9uc41.jpg,1579920604,440,nutrition,0.075,0.825,Positive
"[Kurtz] Joe Biden appoints Steph Curry as member of the President’s Council on Sports, Fitness and Nutrition.",2901,2789334,https://thehill.com/blogs/in-the-know/3916256-steph-ayesha-curry-join-biden-fitness-and-nutrition-council/,1679688185,371,nutrition,0,0,Neutral
"What one days total nutrition looks like in IV form, runs into the large central vein right before it empties into your heart ",1090,bodhi1990,https://i.redd.it/spbuo1ggdzsd1.jpeg,1728152773,198,nutrition,0.125,0.491071429,Positive
ELI5 - How do people in prison get so jacked with terrible nutrition and no supplements?,2071,MekaLekaHiMekaSupYo,https://www.reddit.com/r/explainlikeimfive/comments/11x88qi/eli5_how_do_people_in_prison_get_so_jacked_with/,1679377902,579,nutrition,-1,1,Negative
What’s the biggest nutrition myth you USED to believe? ,291,Odins_Forge,https://www.reddit.com/r/beginnerfitness/comments/1i304s9/whats_the_biggest_nutrition_myth_you_used_to/,1737063601,493,nutrition,0,0,Neutral
Republicans want to get rid of vegan-friendly nutrition policy ,625,Forakinderworld,https://www.reddit.com/r/vegan/comments/1g4ejny/republicans_want_to_get_rid_of_veganfriendly/,1729016496,359,nutrition,0,0,Neutral
"Revealed: group shaping US nutrition receives millions from big food industry — Academy of Nutrition and Dietetics has a record of quid pro quos with a range of food giants, documents show",4381,Meatrition,https://www.theguardian.com/science/2022/dec/09/academy-nutrition-financial-ties-processed-food-companies-contributions,1670727445,259,nutrition,0,0.1,Neutral
"In my opinion, all restaurants should be required to post nutrition information, either on site or on their website",2188,LexiiConn,https://www.reddit.com/r/loseit/comments/14vpz3p/in_my_opinion_all_restaurants_should_be_required/,1688984257,335,nutrition,0,0,Neutral
Army nutrition rant,865,Not-the-cia2,https://www.reddit.com/r/army/comments/1fvh21j/army_nutrition_rant/,1727986407,224,nutrition,0,0,Neutral
Poor nutrition in school years may have created 20cm height gap across nations,6993,Planetofdagrapes,https://www.imperial.ac.uk/news/207893/poor-nutrition-school-years-have-created/,1607617187,430,nutrition,-0.4,0.6,Negative
What's the most common myth in the world of nutrition?,436,sleepycamus,https://www.reddit.com/r/nutrition/comments/1f2kkgn/whats_the_most_common_myth_in_the_world_of/,1724774102,779,nutrition,0.1,0.5,Positive
Why wasn't good nutrition and exercise promoted as much as the vaccine was during the pandemic?,1211,Several_Pressure7765,https://www.reddit.com/r/conspiracy/comments/153z1um/why_wasnt_good_nutrition_and_exercise_promoted_as/,1689782481,877,nutrition,0.45,0.4,Positive
Nutrition course asked me to write a detailed story from the POV of a chicken sandwich being eaten,7957,fuckyoudeath,https://www.reddit.com/r/MaliciousCompliance/comments/l0vt3x/nutrition_course_asked_me_to_write_a_detailed/,1611097717,373,nutrition,-0.1,0.85,Negative
Study shows high pregnancy failure in southern resident killer whales; links to nutritional stress and low salmon abundance,25840,FillsYourNiche,http://www.washington.edu/news/2017/06/29/study-shows-high-pregnancy-failure-in-southern-resident-killer-whales-links-to-nutritional-stress-and-low-salmon-abundance/,1499008437,465,nutrition,-0.039166667,0.285,Negative
My relative will only eat ice cream. Can I turn his nutrition shakes into icecream?,1200,ThrowRaCuriousKat,https://www.reddit.com/r/AskCulinary/comments/1foaal6/my_relative_will_only_eat_ice_cream_can_i_turn/,1727177786,147,nutrition,0,0.5,Neutral
"Healthy men, what does your daily routine and nutrition look like? ",283,CrazyThoughts2022,https://www.reddit.com/r/AskMenOver30/comments/1hr3n26/healthy_men_what_does_your_daily_routine_and/,1735740670,406,nutrition,0.25,0.25,Positive
A “health & nutrition coach” came to our office to give a talk... Afterwards I put this sign up on the wall,13587,cmack4life,https://i.imgur.com/CN1UXTV.jpg,1614115858,252,nutrition,0,0,Neutral
Father convicted of failing to provide necessities of life for son promotes nutritional supplements,7824,bmastertempt,http://www.cbc.ca/news/canada/british-columbia/father-convicted-of-failing-to-provide-necessities-of-life-for-son-promotes-nutritional-supplements-1.3927824,1484096149,861,nutrition,0,0,Neutral
Do you seriously think I’m just gonna leech the nutrition from your body until you die? How did you know?,12213,Ampro1,https://i.redd.it/yn92qr3pxsy51.jpg,1605183771,264,nutrition,-0.333333333,0.666666667,Negative
Nutrition facts of bag and box are all over the place.,2955,helly1080,https://i.redd.it/9rxkf360fqoc1.jpeg,1710610410,112,nutrition,0,0,Neutral
ELI5: Why doesn’t beer have Nutritional Facts on the bottle?,6821,supremeeasy,https://www.reddit.com/r/explainlikeimfive/comments/3ana1s/eli5_why_doesnt_beer_have_nutritional_facts_on/,1434924453,1253,nutrition,0,0,Neutral
Maybe not the nutrition part tho,4624,Certain-Newspaper-19,https://i.redd.it/tn5f56jsaupc1.jpeg,1711093269,81,nutrition,0,0,Neutral
Apple will require app privacy 'nutrition label' info next month,8724,sgent,https://www.theverge.com/2020/11/5/21551926/apple-privacy-developers-nutrition-labels-app-store-ios-14,1604658472,298,nutrition,0,0,Neutral
ELI5: How do food and drink companies work out how many calories their products contain along with other nutritional information provided.,8240,Goldswitch,https://www.reddit.com/r/explainlikeimfive/comments/57ljeg/eli5_how_do_food_and_drink_companies_work_out_how/,1476528072,716,nutrition,0.1875,0.4375,Positive
Corruption Amongst Dieticians | How Corporations Brainwash the Academy of Nutrition and Dietetics (2020),4846,AnalyzeAndOptimize,https://www.youtube.com/watch?v=5b0devs4J3s&t=108s,1585003581,532,nutrition,0,0,Neutral
"Lorewise, how is Sylas able to maintain his JACKED physique while being chained up in a dungeon without access to good nutrition.",1497,Flares117,https://www.reddit.com/r/leagueoflegends/comments/18yr5po/lorewise_how_is_sylas_able_to_maintain_his_jacked/,1704410142,244,nutrition,0.6,0.6125,Positive
A cool guide to understand the human body nutrition facts,1860,Abject_Role3022,https://www.reddit.com/gallery/168k4tr,1693705188,260,nutrition,0.175,0.375,Positive
Nutrition Facts: Why is sodium listed instead of salt?,7975,Khannuuuuur,https://www.reddit.com/r/askscience/comments/7284qu/nutrition_facts_why_is_sodium_listed_instead_of/,1506290296,595,nutrition,0,0,Neutral
"If you're ever feeling useless, remember that bags of ice have nutrition information.",14944,phatsackocrap,https://i.redd.it/6eeum9fwovp21.jpg,1554222837,321,nutrition,-0.5,0.2,Negative
My honey wants you to mail a letter to get the nutrition info,1150,Flipadelphia_94,https://i.redd.it/cauj9hd7mf9e1.jpeg,1735322994,85,nutrition,0.2,0.1,Positive
Cell: Nutrition is personal. Identical foods produce “healthy” and “unhealthy” responses in different individuals. — Meta Science News,8495,scirena,http://news.meta.com/2015/11/19/cell-nutrition-is-personal-identical-foods-produce-healthy-and-unhealthy-responses-in-different-individuals/,1447960920,720,nutrition,0.025,0.525,Positive
"When a banana gets bruised, does the nutritional content of the bruised area change?",13580,ten_rapid,https://www.reddit.com/r/askscience/comments/6ryps7/when_a_banana_gets_bruised_does_the_nutritional/,1502030843,376,nutrition,0,0,Neutral
Hatches baby brine shrimp for a high nutrition and enrichment meal… he doesn’t give a damn.,1599,Jaccasnacc,https://v.redd.it/xiwmc3nzby8d1,1719423226,119,nutrition,0.16,0.54,Positive
Nutrition is important,16001,Sir_Cate,https://i.redd.it/a063knyd5a051.jpg,1590137404,222,nutrition,0.4,1,Positive
This honey wants you to send a letter to get the nutrition info,1551,Flipadelphia_94,https://i.redd.it/aksy0euama9e1.jpeg,1735262492,57,nutrition,0.2,0.1,Positive
Fuck nutrition,6999,TGin-the-goldy,https://i.redd.it/xnjwwh0857sa1.jpg,1680739423,112,nutrition,-0.4,0.6,Negative
Having to contact Walmart for the nutrition information,6712,Dank_Plekster,https://i.redd.it/eaf9lqoedsa21.jpg,1547644917,414,nutrition,0,0,Neutral
Do nutrition profiles of fruits change as they ripen?,3057,notlocity,https://www.reddit.com/r/askscience/comments/y6czto/do_nutrition_profiles_of_fruits_change_as_they/,1666017779,230,nutrition,0,0,Neutral
"I'm looking at the nutrition facts, not stocking the shelves.",5847,MythicalAce,https://www.reddit.com/r/IDontWorkHereLady/comments/ku7ey0/im_looking_at_the_nutrition_facts_not_stocking/,1610253035,275,nutrition,0,0,Neutral
I think my fitness & nutrition professor is a fupa trupa 🙊,3760,Sabinagarccia,https://www.reddit.com/gallery/173lqn1,1696835934,107,nutrition,0,0,Neutral
"Veronica & Mona: ""Nutrition Facts""",6641,DoctorLoops,https://i.redd.it/zk5pw2lo28ka1.png,1677281957,113,nutrition,0,0,Neutral
Dense Nutrition >:),2450,bepiswepis,https://www.reddit.com/gallery/1473us5,1686514043,178,nutrition,0.5,1,Positive
Has my nutritional yeast come back to life? ,1509,LieutenantYar,https://v.redd.it/offmrz589t4c1,1701927839,198,nutrition,0,0,Neutral
How are people so divided over basically everything in nutrition? How do you know what’s true?,234,criticalarrears,https://www.reddit.com/r/nutrition/comments/1gnpq5x/how_are_people_so_divided_over_basically/,1731203247,428,nutrition,0.35,0.65,Positive
A Retired Khabib finally gets his post fight nutrition (burger double cheese),2882,dietmanyeathatsme,https://streamable.com/z5fewz,1603729896,511,nutrition,0,0.5,Neutral
What made you take your nutrition & health seriously?,216,Greedypawss,https://www.reddit.com/r/nutrition/comments/1hob1d9/what_made_you_take_your_nutrition_health_seriously/,1735408373,313,nutrition,-0.333333333,0.666666667,Negative
This broom has nutrition facts on the WallMart Grocery app,14390,mikeman7918,https://i.redd.it/9d4v9sa1wpo21.jpg,1553716732,231,nutrition,0,0,Neutral
"Coca-Cola has been paying fitness and nutrition experts to suggest its cola as a ""healthy treat""",4927,SAT0725,http://mashable.com/2015/03/16/coke-is-a-healthy-snack/,1426522056,793,nutrition,0.5,0.5,Positive
Coverage of nutritional bases in 5 pictures (see citations for vegetarian/vegan charts) [OC],3984,mcaay,https://imgur.com/a/3uIYmzJ,1534161140,547,nutrition,0,0,Neutral
"Eating more mushrooms is associated with lower risk of cancer, according to a systematic review and meta-analysis published in Advances in Nutrition",4046,HeinieKaboobler,https://www.futurity.org/mushrooms-lower-cancer-risk-2552942-2/,1619099700,262,nutrition,0.5,0.5,Positive
The nutrition information on this advent calendar suggests you eat all 24 days at once.,12746,hoikarnage,https://i.redd.it/vxzxqufaw3521.jpg,1545169401,236,nutrition,0,0,Neutral
ELI5: Why do top nutrition advisory panels continue to change their guidelines (sometimes dramatically) on what constitutes a healthy diet?,3970,arsenalfc1987,https://www.reddit.com/r/explainlikeimfive/comments/5meqrp/eli5_why_do_top_nutrition_advisory_panels/,1483722663,698,nutrition,0.5,0.5,Positive
The true nutrition is the love for mother nation.,18259,Aidlolz,https://i.redd.it/ad4op1ycg6061.jpg,1605783195,146,nutrition,0.425,0.625,Positive
Rebekah Baird is now also a health and nutrition coach babe,1117,Yuki_no_Ookami,https://www.reddit.com/gallery/135nsu1,1683039427,391,nutrition,0,0,Neutral
Does nutritional information on gum packaging describe the gum with or without swallowing?,6889,good_grapes_gilbert,https://www.reddit.com/r/NoStupidQuestions/comments/c2zsnr/does_nutritional_information_on_gum_packaging/,1561056077,261,nutrition,0,0,Neutral
What's the most frustrating nutrition myth or misconception you keep seeing?,151,graciousneji,https://www.reddit.com/r/nutrition/comments/1glccbm/whats_the_most_frustrating_nutrition_myth_or/,1730935521,472,nutrition,0.05,0.7,Positive
Nutrition/farting too much is to blame for Texas A&M’s struggles,1198,Same_Weakness_9226,https://twitter.com/BoardGeniuses/status/1714314073486266712?ref_src=twsrc%5Etfw%7Ctwcamp%5Etweetembed%7Ctwterm%5E1714314073486266712%7Ctwgr%5Ebdf06efb24d0bbbbcca2f6a2f55b32426281c665%7Ctwcon%5Es1_&ref_url=https%3A%2F%2Fdisqus.com%2Fembed%2Fcomments%2F%3Fbase%3Ddefaultf%3Dthefootballbrainiacst_i%3D7187720https3A2F2Fthefootballbrainiacs.com2F3Fp3D71877t_u%3Dhttps3A2F2Fthefootballbrainiacs.com2Fsooner-news-daily-tuesday-10-17-2023t_e%3DSooner20News20Daily207C20Tuesday2010.17.2023t_d%3DSooner20News20Daily207C20Tuesday2010.17.202320-20The20Football20Brainiacs20-20OU20Editiont_t%3DSooner20News20Daily207C20Tuesday2010.17.2023s_o%3Ddefaultversion%3D4699de2a86f3c790aa59c8d1312129e4,1697573280,227,nutrition,0.2,0.2,Positive
Local “nutrition club” really trying to capitalize on the news.,2983,4waresnowcone,https://i.imgur.com/AiiW0GW.jpg,1662669002,179,nutrition,0.1,0.1,Positive
I've rewatched the series dozens of times and I just now realized that Elzar is just a Neptunian with proper nutrition.,11338,RustyCock,http://imgur.com/l9Tbipf,1485613054,266,nutrition,0,0.1,Neutral
On nutrition,1048,ironmuffin96,https://i.redd.it/zulzaamssqwd1.png,1729792388,82,nutrition,0,0,Neutral
This kid can’t possibly have any nutrition left in his body after 11 days!,2431,vivolleyball15,https://i.redd.it/iey5d5819cy91.jpg,1667743800,193,nutrition,0,0.5,Neutral
Pop tarts in England have a sticker over the nutritional information on the box because they aren't nutritional enough,3291,lolimslim,http://imgur.com/jVokq2g,1391958655,1125,nutrition,0,0.5,Neutral
Healthy food is not more expensive. Some people just don't understand nutrition or aren't motivated enough to cook.,826,Roughneck16,https://www.reddit.com/r/unpopularopinion/comments/znmz02/healthy_food_is_not_more_expensive_some_people/,1671219245,908,nutrition,-0.0625,0.55,Negative
What veggies give you the most nutrition bang for your buck?,2239,Zandradee,https://www.reddit.com/r/EatCheapAndHealthy/comments/iunl5g/what_veggies_give_you_the_most_nutrition_bang_for/,1600362113,496,nutrition,0.5,0.5,Positive
Nutrition,32134,DiseasedCupcake,https://i.redd.it/3qfe30ky50r41.png,1586093941,135,nutrition,0,0,Neutral
I've reached an all time low in my nutrition,5035,chispica,https://i.redd.it/88tasikggqs01.jpg,1524085944,344,nutrition,0,0.3,Neutral
same packages have different nutrition facts,966,pat-nasty,https://i.redd.it/e783y6bkk02c1.jpg,1700708844,252,nutrition,0,0.3625,Neutral
I never paid this guy the respect he deserves until I tried Survival. Nutrition AND hydration from those noodles? Goddamn son,4020,milomcfuggin,https://i.redd.it/thp0rkyb2y7a1.jpg,1671912528,119,nutrition,0,0,Neutral
What nutritional fact(s) surprised you the most?,254,talkingdodobird,https://www.reddit.com/r/nutrition/comments/1f6jbxy/what_nutritional_facts_surprised_you_the_most/,1725210061,399,nutrition,0.3,0.7,Positive
Friends are opening up a Herbalife Nutrition front. Peep the massive tattoo on the guys arm.,2987,barcachic,https://i.redd.it/j5kv6qwmm9r71.jpg,1633280054,240,nutrition,0,1,Neutral
F/25/5’3” [159 > 116 = 43] Made nutrition and exercise a lifestyle- finally comfortable in a bathing suit!,7368,J_Michelle,https://i.redd.it/n8dbdgyy1tz01.jpg,1527168318,253,nutrition,0.5,0.8,Positive
You want to be paid for working in my nutrition shop? Try asking nicer.,2701,personal_cheezits,https://www.reddit.com/gallery/ufxoaf,1651403514,208,nutrition,0,0,Neutral
Cardiologist lectured me on how refined and nutritionally poor vegan diet is - because pasta 🤌🏻,585,HEmmRose,https://www.reddit.com/r/vegan/comments/1d3m2vy/cardiologist_lectured_me_on_how_refined_and/,1717014850,229,nutrition,-0.4,0.6,Negative
My friend's 2013 Nutrition graduating class photo. He's the dude on the right.,2606,WalterDwight,http://i.imgur.com/UinnKpi.jpg?1,1365776299,1925,nutrition,0.285714286,0.535714286,Positive
I created a way to visualise nutritional information in a way I haven’t seen before,5193,Jamtheman1017,https://nutritionlist.org,1563601100,243,nutrition,0,0,Neutral
Manitoba Government Announces Universal School Nutrition Program Available Across Manitoba,537,Apod1991,https://news.gov.mb.ca/news/index.html?item=64917&posted=2024-09-05,1725557610,170,nutrition,0.2,0.2,Positive
Cheapest/easiest food for best nutrition,385,Automatic-Front7598,https://www.reddit.com/r/Frugal/comments/1eqmgew/cheapesteasiest_food_for_best_nutrition/,1723489906,259,nutrition,1,0.3,Positive
"I think until basic nutrition is not taught in schools, obesity as a public health issue will never go away.",2482,mayermail1977,https://www.reddit.com/r/nutrition/comments/kw68ae/i_think_until_basic_nutrition_is_not_taught_in/,1610502690,327,nutrition,0,0.095833333,Neutral
"Cooking methods are associated with inflammatory factors, renal function, and other hormones and nutritional biomarkers in older adults",1954,Gallionella,https://www.nature.com/articles/s41598-022-19716-1,1664641266,217,nutrition,0.020833333,0.354166667,Positive
Instagram scammers stole my transformation photo to advertise some bullshit nutrition program across popular meme pages,5506,brozilla456,https://i.imgur.com/IDzGTGX.jpg,1569944506,223,nutrition,0.6,0.9,Positive
568 servings in a 5 oz. container? Of course all the nutritional facts are going to be 0.,2748,Busted_Pixel,https://i.redd.it/kgemb1kig7q91.jpg,1664198996,160,nutrition,0,0,Neutral
Anybody else get all their nutrition from this guy as a kid?,625,GuidoTheRed,https://i.redd.it/njs1v7fkfbvc1.jpeg,1713479939,239,nutrition,0,0,Neutral
"You can just say you know nothing about nutrition, you know...",2141,MelanieWalmartinez,https://i.redd.it/iyh02bqozgvb1.png,1697856738,104,nutrition,0,0,Neutral
"I hear this all the time although I never get sick or have any health issues, And as a Chef I have studied nutrition.",4082,Carbonmizo,http://media.makeameme.org/created/always-sick-anemic.jpg,1440464972,465,nutrition,-0.714285714,0.857142857,Negative
Why is nutrition science so divided? Michael Greger vs. Paul Saladino,113,bartos_1000yo,https://www.reddit.com/r/nutrition/comments/1hln2xr/why_is_nutrition_science_so_divided_michael/,1735076167,287,nutrition,0,0,Neutral
The “nutritional info” on my birthday cupcakes and cookies,5321,DenverNuggetz,https://i.redd.it/3p0m6zqqfkm41.jpg,1584160084,200,nutrition,0,0,Neutral
"The Yolk Fan, made for assessing egg yolk color to monitor chicken nutrition",2121,cleverleper,https://i.redd.it/9igj6zqlzppc1.jpeg,1711041107,72,nutrition,-0.6,0.95,Negative
Anon inquires about nutrition,2386,Im_Herbert_Moon,https://i.redd.it/t6gyzub3ufc71.jpg,1626817482,272,nutrition,0,0,Neutral
"Review of Recent Fitness/Nutrition Studies: Protein and Push-Ups, Intermittent Fasting, Omega-3 Fatty Acids & More",4802,MirrorMageZ,https://www.reddit.com/r/Fitness/comments/a4r12k/review_of_recent_fitnessnutrition_studies_protein/,1544405844,258,nutrition,0.1,0.383333333,Positive
"Why is a frozen and thawed banana so much sweeter, and how does this change its nutritional value?",8207,daveberzack,https://www.reddit.com/r/askscience/comments/6i3ymg/why_is_a_frozen_and_thawed_banana_so_much_sweeter/,1497842918,227,nutrition,0.2,0.2,Positive
FCC orders ISPs to show broadband 'nutrition labels' with all fees and limits,3204,Sorin61,https://techcrunch.com/2022/11/17/fcc-orders-isps-to-show-broadband-nutrition-labels-with-all-fees-and-limits/,1668748189,119,nutrition,0,0,Neutral
40 years of federal nutrition research fatally flawed,2689,indi_jones,http://www.eurekalert.org/pub_releases/2013-10/uosc-4yo100913.php,1381393767,1058,nutrition,-0.5,0.5,Negative
A peek behind the counter of my local 'Nutrition' bar,3139,TollsATollRollsARoll,https://i.redd.it/n1d0kp4rp1181.jpg,1637542773,181,nutrition,-0.2,0.35,Negative
What's the dumbest/weirdest wellness/nutrition fad you've seen recently or ever?,222,hell0paperclip,https://www.reddit.com/r/MaintenancePhase/comments/1dyosot/whats_the_dumbestweirdest_wellnessnutrition_fad/,1720484781,462,nutrition,0,0.25,Neutral
Jordan Peterson Feeds His Fans Dangerous Lies About Nutrition,510,VarunTossa5944,https://open.substack.com/pub/veganhorizon/p/jordan-peterson-feeds-his-fans-dangerous,1725364924,160,nutrition,-0.6,0.9,Negative
Shout Out to Corewell Health’s Nutrition Services Team!,429,kayakingbee,https://www.reddit.com/gallery/1hxihwp,1736444738,102,nutrition,0,0,Neutral
what changes to nutrition have you made that have noticeably improved your skin or appearance?,196,dalecoopeer,https://www.reddit.com/r/nutrition/comments/1glmy18/what_changes_to_nutrition_have_you_made_that_have/,1730973197,261,nutrition,0,0,Neutral
The gaslighting from nutrition influencers is condescending,649,Fr4nkWh1te,https://i.redd.it/5bje53g6e14e1.png,1732971646,87,nutrition,0,0,Neutral
Fake nutrition label on this toy food made me shed a tear🥲,2730,Many-Warning1719,https://i.redd.it/b47o0nnzui4e1.jpeg,1733183029,14,nutrition,-0.5,1,Negative
"YSK Nutella is not particularly healthful, and you'd probably be better off putting chocolate frosting on your bread (nutrition comparison in text)",2849,CpGrover,https://www.reddit.com/r/YouShouldKnow/comments/2nl642/ysk_nutella_is_not_particularly_healthful_and/,1417105589,714,nutrition,0.208333333,0.416666667,Positive
RFK Jr. says he plans to fire every nutritional scientist at the FDA on day one: “All of them are corrupt.”,379,Barch3,https://i.redd.it/6yoyaacexade1.png,1737126214,109,nutrition,-0.5,1,Negative
Cursed nutrition,12529,Ryoujutsu,https://i.redd.it/v92au8ez53z61.jpg,1620998081,98,nutrition,0,0,Neutral
"Nutritionally complete, weeknight minestrone soup recipe",3589,spazzymcgee11,https://www.reddit.com/gallery/u2t0i5,1649863993,131,nutrition,0.1,0.4,Positive
Plans to present meat as ‘sustainable nutrition’ at Cop28 revealed | Meat industry,743,throwawaybrm,https://www.theguardian.com/environment/2023/nov/29/plans-to-present-meat-as-sustainable-nutrition-at-cop28-revealed,1701264955,239,nutrition,0,0,Neutral
When a “nutrition club” with Herbalife logos opens up in town where my favorite bar used to be,9110,SoraLink94,https://i.redd.it/8dwxljodrjh61.jpg,1613353708,110,nutrition,0.5,1,Positive
"If cost and nutritional completeness were the only factors, what would be the best meal?",1348,UnfortunateSurvival,https://www.reddit.com/r/EatCheapAndHealthy/comments/m3pars/if_cost_and_nutritional_completeness_were_the/,1615577930,543,nutrition,0.5,0.65,Positive
Just show the damn nutritional facts for crying out loud,573,OrganicBlackberry,https://i.redd.it/pc9tbxc7p57d1.jpeg,1718640723,167,nutrition,-0.05,0.7,Negative
Emily starts the war against nutrition.,1314,thereisbearcum69,https://i.redd.it/ti3rl3zje3s81.jpg,1649331073,335,nutrition,0,0,Neutral
Nutritional yeast is bomb,367,Blasberry80,https://www.reddit.com/r/vegetarian/comments/1i96a0n/nutritional_yeast_is_bomb/,1737753488,94,nutrition,0,0,Neutral
Vegans and nutrition education. ,21,Realistic-Neat4531,https://www.reddit.com/r/DebateAVegan/comments/1g4aytw/vegans_and_nutrition_education/,1729007489,512,nutrition,0,0,Neutral
Food banks expecting surge as Snap nutrition benefits cut,1324,Spudcommando,https://www.bbc.com/news/world-us-canada-64802537,1677683570,182,nutrition,0,0,Neutral
Nutrition Facts for an AC unit...,6527,Pillowdorf,https://i.redd.it/8kmguuxneo801.jpg,1515344174,169,nutrition,0,0,Neutral
Why is proper nutrition so unimportant and unstressed in modern society considering the near pandemic levels of obesity?,832,Worf-,https://www.reddit.com/r/nutrition/comments/z10utw/why_is_proper_nutrition_so_unimportant_and/,1669042297,373,nutrition,-0.025,0.4375,Negative
Registered Dietitian AMA! Bring your nutrition questions!,100,bonniejo514,https://www.reddit.com/r/orangetheory/comments/1i1b0uc/registered_dietitian_ama_bring_your_nutrition/,1736874839,186,nutrition,0,0,Neutral
"""I do my own research"" = ""I believe whatever people say on Tiktok about nutrition""",1478,hitlerblowfish,https://i.redd.it/a2xgeyq8dbw81.jpg,1651170879,227,nutrition,0.6,1,Positive
"ELI5: If vegetables contain necessary nutrition, how can all toddlers (and some adults) survive without eating them?",356,blueeggsandketchup,https://www.reddit.com/r/explainlikeimfive/comments/1c3dw2s/eli5_if_vegetables_contain_necessary_nutrition/,1713046928,285,nutrition,0,1,Neutral
What should I add to chicken and rice to make it more well-rounded/nutritional?,855,Prestigious-Shape407,https://www.reddit.com/r/EatCheapAndHealthy/comments/z4ece0/what_should_i_add_to_chicken_and_rice_to_make_it/,1669385553,345,nutrition,-0.05,0.725,Negative
"Ever wonder why beer, wine, and liquor don't have Nutrition Facts or ingredient lists?",2255,cotton_buds,https://www.reddit.com/r/Fitness/comments/2z4qfs/ever_wonder_why_beer_wine_and_liquor_dont_have/,1426434499,582,nutrition,0,0,Neutral
Chicken and Bean Burrito for lunch (Ingredients and Nutritional Info in comments),3786,SchmidtytheKid,https://i.redd.it/jtsxnvpvqcc41.jpg,1579708494,176,nutrition,-0.6,0.95,Negative
Why are there nutrition facts on the back of toilet paper,1184,BlitzySlash,https://i.redd.it/sjln7o44kxjd1.png,1724208166,54,nutrition,-0.016666667,0,Negative
False nutritional info on Spring Energy gels,407,sriirachamayo,https://www.reddit.com/r/Ultramarathon/comments/1c27hzh/false_nutritional_info_on_spring_energy_gels/,1712923686,236,nutrition,-0.4,0.6,Negative
Local herbalife hun upset she can’t send group members unsolicited messages to people seeking nutrition advice,2686,booksandhotcoffee,https://i.redd.it/obciuu8ipbp61.jpg,1616743008,174,nutrition,0,0,Neutral
What small thing do you do to help maintain your fitness/nutritional habits?,1385,Pollyhotpocketposts,https://www.reddit.com/r/Fitness/comments/98rcpa/what_small_thing_do_you_do_to_help_maintain_your/,1534747679,791,nutrition,-0.25,0.4,Negative
I talked to a mental health nutrition coach,383,MysticalGoddess1,https://www.reddit.com/gallery/1dncfel,1719232573,191,nutrition,-0.1,0.2,Negative
Baby dies due to woman's strict vegan diet and denying necessary nutrition,1885,frosted_bite,https://i.redd.it/176i5ysruyk91.jpg,1661915590,147,nutrition,-0.0625,0.6875,Negative
Do you guys really actually like the taste of nutritional yeast?,646,TobyKeene,https://www.reddit.com/r/veganrecipes/comments/10m8sbs/do_you_guys_really_actually_like_the_taste_of/,1674783817,419,nutrition,0,0.1,Neutral
Northernlion on offering nutrition advice,1299,Jeffrey_jellyfish,https://clips.twitch.tv/FlaccidWanderingCaribouJKanStyle-yyZWbmxWi747A_OT,1711044508,76,nutrition,0,0,Neutral
Junk food for Ghost Rider” andFLY into you? Be like good “That’s a Negative TOPGUN NUTRITION!,10040,Atrapper,https://i.redd.it/sykjm7xeqdq01.jpg,1523060338,127,nutrition,0.1625,0.5,Positive
Jinx the nutrition expert 🤓,1111,TayluxSwift,https://i.redd.it/qumgkb3w2bbe1.jpeg,1736139770,25,nutrition,0,0,Neutral
[Excerpt: Talon of Horus] Daemons have no nutritional value but you can still eat them to mock them,1818,Vezimira,https://www.reddit.com/r/40kLore/comments/osmbn7/excerpt_talon_of_horus_daemons_have_no/,1627390668,218,nutrition,0,0,Neutral
How important is nutrition when it comes to getting fit?,1358,chrisd848,https://www.reddit.com/r/Fitness/comments/evfkng/how_important_is_nutrition_when_it_comes_to/,1580261583,492,nutrition,0.4,0.7,Positive
"ahhh yes,the nutritional info i needed. I r i s h",5826,CaptainGisseno,https://i.redd.it/id6x7ni408191.jpg,1653309390,70,nutrition,0,0,Neutral
Took me almost 40 years to understand nutrition...,644,JonathanGNL,https://www.reddit.com/gallery/1gbd05b,1729802933,70,nutrition,0,0,Neutral
"What was the most valuable lesson you’ve learned about nutrition, and how has it changed your habits?",84,Apple_AirPod,https://www.reddit.com/r/nutrition/comments/1i5vy9i/what_was_the_most_valuable_lesson_youve_learned/,1737394910,164,nutrition,0.5,0.5,Positive
Which foods do you eat every single day for nutritional/biohacking purposes?,381,whileitshawt,https://www.reddit.com/r/Biohackers/comments/18eslji/which_foods_do_you_eat_every_single_day_for/,1702172534,344,nutrition,-0.071428571,0.214285714,Negative
"Nutrition is swaggo. F'real, yo.",20668,Pharaokay,https://i.redd.it/7vr8mwxv32k61.jpg,1614447671,65,nutrition,0.2,0.3,Positive
"Parents & Students Want Eggs In Schools, But As Influence Of Right-Wing Politics Grows, Child Nutrition Suffers",607,_Baazigar,https://article-14.com/post/parents-students-want-eggs-in-schools-but-as-influence-of-right-wing-politics-grows-child-nutrition-suffers-65d560048fc80,1708513294,169,nutrition,-0.6,0.7,Negative
Do you eat the snacks from the patient nutrition room?,352,deerhuntinghat,https://www.reddit.com/r/nursing/comments/17o8p4x/do_you_eat_the_snacks_from_the_patient_nutrition/,1699178394,410,nutrition,0,0,Neutral
Vayne Main Nutritional Facts,3922,ReticXPython,https://www.reddit.com/r/leagueoflegends/comments/5ntas5/vayne_main_nutritional_facts/,1484341757,217,nutrition,0.166666667,0.333333333,Positive
Best influencers to follow if you're serious about nutrition and lifting.,195,NubSkillz69,https://www.reddit.com/r/Fitness_India/comments/1htfgh8/best_influencers_to_follow_if_youre_serious_about/,1736000815,120,nutrition,0.333333333,0.483333333,Positive
What is one misconception about nutrition you don’t think is talked about enough? ,151,qualitynerifier,https://www.reddit.com/r/nutrition/comments/1fdl7k7/what_is_one_misconception_about_nutrition_you/,1725983464,242,nutrition,0,0.5,Neutral
This nutrition label,4829,Mickey_James,https://i.redd.it/zevdtubnkpz41.jpg,1589888297,120,nutrition,0,0,Neutral
Are Pakistani’s clueless about nutrition? ,301,okskhs,https://www.reddit.com/r/pakistan/comments/1cfaves/are_pakistanis_clueless_about_nutrition/,1714322844,236,nutrition,0,0,Neutral
Apple may take on Instacart with a new nutrition-minded food delivery service,791,Suspicious_County_24,https://www.macworld.com/article/698917/apple-services-instacart-nutrition-fitness-plus-health.html,1699751915,154,nutrition,0.136363636,0.454545455,Positive
Is great nutritional value,10397,Piggster30,https://i.redd.it/w0ysnbuz8bn61.png,1615865771,71,nutrition,0.8,0.75,Positive
why does it say I only produce 0.02 nutrition in this pen?,1410,Duckssssssssssssssss,https://i.redd.it/9ktw9nc22w1b1.png,1684963724,117,nutrition,0,1,Neutral
What changes in your nutrition yielded the fastest or most noticeable results?,342,TheRadioDoesPlay,https://www.reddit.com/r/nutrition/comments/17tzec4/what_changes_in_your_nutrition_yielded_the/,1699838744,362,nutrition,0.5,0.5,Positive
Are there any purchases that have significantly improved your nutrition and health?,166,sleepycamus,https://www.reddit.com/r/nutrition/comments/1faaom0/are_there_any_purchases_that_have_significantly/,1725613614,214,nutrition,0.375,0.875,Positive
Nutritionally deficient,3764,Suhouladoo,https://i.redd.it/j6g37hfya21b1.jpg,1684603451,49,nutrition,-0.4,0.7,Negative
Court Strikes Down Trump Rollback of School Nutrition Rules,4749,TastefulThiccness,https://www.nytimes.com/2020/04/14/us/politics/trump-school-nutrition-rule.html,1586907363,116,nutrition,-0.155555556,0.288888889,Negative
This restaurant has nutritional information on the receipt,5265,PM_TITS_FOR_GOLD,http://imgur.com/fqzCXH1,1455467536,173,nutrition,0,0,Neutral
Sure we'll give you nutritional information let me just write it on this post it,1105,MaineCowboy,https://www.reddit.com/gallery/109aodq,1673458814,171,nutrition,0.5,0.888888889,Positive
"I texted the ""nutritional sand"" lady and she answered!",1800,ComparisonCold2016,https://i.redd.it/tsr1kvkwdqva1.jpg,1682279917,91,nutrition,0,0,Neutral
Sports Nutrition Company Cuts Ties With Arnold Schwarzenegger Over Mask Tirade,1415,Ahyesclearly,https://www.dailywire.com/news/sports-nutrition-company-cuts-ties-with-arnold-schwarzenegger-over-mask-tirade,1629508616,221,nutrition,0,0,Neutral
On the back of a bag of Nutritional Yeast Flakes,11876,RatTeeth,https://i.redd.it/0u0qdhk5uft61.jpg,1618536398,61,nutrition,0,0,Neutral
Almost 2km in. Remember to take your nutrition seriously folks ,902,amzr23,https://i.redd.it/9gxgut93ti9d1.jpeg,1719671102,66,nutrition,-0.333333333,0.666666667,Negative
Looking to gain mass and stop looking like a teenager; any training/nutrition tips?,192,Sinnay_,https://www.reddit.com/gallery/1i5bx3x,1737328075,98,nutrition,0,0,Neutral
Which nutrition myths you wish would die.,341,Snoo_29093,https://www.reddit.com/r/nutrition/comments/10z5i7h/which_nutrition_myths_you_wish_would_die/,1676069854,734,nutrition,0,0,Neutral
Do bacteria change the nutritional content of milk when they turn it into yogurt?,2559,Scrumpy7,https://www.reddit.com/r/askscience/comments/43mayy/do_bacteria_change_the_nutritional_content_of/,1454293006,285,nutrition,0,0,Neutral
Back then people were 3-4 feet tall due to poor nutrition ,1537,blueberriebelle,https://www.reddit.com/gallery/1h0ukcv,1732676908,13,nutrition,-0.175,0.325,Negative
Last Week Tonight with John Oliver: Dr. Oz and Nutritional Supplements (HBO),2500,blazingup,https://www.youtube.com/watch?v=WA0wKeokWUU,1403505513,332,nutrition,0,0.066666667,Neutral
"What is a nutritionally good, easy breakfast?",243,katiexkatie,https://www.reddit.com/r/nutrition/comments/18fgtsb/what_is_a_nutritionally_good_easy_breakfast/,1702251784,403,nutrition,0.566666667,0.716666667,Positive
/r/Nutrition Weekly Personal Nutrition Discussion Post - All Personal Diet Questions Go Here,17,AutoModerator,https://www.reddit.com/r/nutrition/comments/1c4cxiv/rnutrition_weekly_personal_nutrition_discussion/,1713153669,917,nutrition,0,0.3,Neutral
Lil Quinoa Nutrition,384,idk_donuts,https://i.redd.it/wxcgvjefv2ub1.jpg,1697249926,304,nutrition,0,0,Neutral
the nutrition shapes,6777,illuminachosTV,https://v.redd.it/hffvy4u1zzu21,1556453952,102,nutrition,0,0,Neutral
Fun Fact: Kel just randomly knows the nutrition information of cilantro,1984,avid_dirt_chewer,https://i.redd.it/zg8adiuxi5ia1.jpg,1676361341,86,nutrition,-0.1,0.35,Negative
Always read the nutrition facts 💯,1377,Easy-Hovercraft-6576,https://i.redd.it/eyvrwu02i7zb1.jpg,1699485209,76,nutrition,0,0,Neutral
"so, is life just miserable and depressing when watching nutrition?",324,ConsciousEquipment,https://www.reddit.com/r/loseit/comments/180h5x5/so_is_life_just_miserable_and_depressing_when/,1700573848,312,nutrition,-0.8,0.95,Negative
Revealed: group shaping US nutrition receives millions from big food industry,1718,Defiant_Race_7544,https://www.theguardian.com/science/2022/dec/09/academy-nutrition-financial-ties-processed-food-companies-contributions,1670767322,104,nutrition,0,0.1,Neutral
"Can changes in nutrition, training and aerodynamics really explain the performances at plateau de beille?",127,super_pommes,https://www.reddit.com/r/cycling/comments/1e4uib7/can_changes_in_nutrition_training_and/,1721150839,263,nutrition,0.2,0.2,Positive
