id,text,username,name,date,retweets,likes
1897152387393187996,A bloodless and clean cut on the hand through the epidermis exposes the blood vessels underneath https://t.co/xOqW5mEGkc,medi_cosity,Medical Encyclopaedia,Wed Mar 05 05:09:11 +0000 2025,238,3557
1896236834235277780,بعد الفطور مذاكرة علطول https://t.co/cbqgJYrqZd,Medical33894907,Medical Memes 🇸🇦🇯🇴,Sun Mar 02 16:31:06 +0000 2025,3091,26296
1897323792407691299,هل بكيت يومًا بسبب الدراسة؟ https://t.co/h2jmiFTEwS,Medical33894907,Medical Memes 🇸🇦🇯🇴,Wed Mar 05 16:30:17 +0000 2025,42,3896
1897152774632267782,These are the operative photos of a 5 hour scoliosis correction/alignment surgery done in an 18-year-old female that was found to have idiopathic scoliosis when was 14. https://t.co/tKunUV808e,medi_cosity,Medical Encyclopaedia,Wed Mar 05 05:10:43 +0000 2025,265,3739
1895421255991640331,"It's their time to step into the spotlight. Blink twice, and you might miss it. 👀✨ Are you ready?

𝗖𝗼𝗺𝗶𝗻𝗴 𝘀𝗼𝗼𝗻. 
𝟬𝟯.𝟬𝟭.𝟮𝟬𝟮𝟱. https://t.co/6dAz6XcVfz",belobeauty,Belo Medical Group,Fri Feb 28 10:30:17 +0000 2025,3075,11855
1895505332857925864,رمضان كريم https://t.co/K6GlogY4aW,Medical33894907,Medical Memes 🇸🇦🇯🇴,Fri Feb 28 16:04:22 +0000 2025,1454,13710
1896416955332223292,The Trauma Code on netflix is so good guys. Reminds me how much we need to appreciate our docs and nurses and everyone working in medical field🙏🏻 bless yall fr https://t.co/7JbViPD7ec,_bigmatthewww,BM,Mon Mar 03 04:26:50 +0000 2025,112,1772
1894865458794315784,How to choose a medical specialty (from reddit): https://t.co/Okq7D7bU2l,mhjrad,Michael Justus,Wed Feb 26 21:41:44 +0000 2025,943,6491
1897649595972223109,"Jeffrey Epstein, Bill Gates and Dr. Fauci FUNDED and PARTICIPATED in HORRIFIC Medical Experimentation… https://t.co/pxXGT2yZ9Y",liz_churchill10,Liz Churchill,Thu Mar 06 14:04:54 +0000 2025,1176,2517
1894930965476098178,"A skull of a man with Proteus syndrome, a rare condition characterized by overgrowth of bones, skin, muscles, fatty tissues, and blood and lymphatic vessels.

What are some other weird medical conditions you've ever heard of? https://t.co/HLAa6IWlPq",interesting_aIl,Interesting As Fuck,Thu Feb 27 02:02:02 +0000 2025,4867,124269
1896253342948716785,"My mother has cancer. And I need her alive.
and I’m desperate to get her the treatment she needs to survive. I don’t have the means to cover her medical costs, and I can’t imagine a life where she’s not here to see me succeed.  

https://t.co/WdhShBdEzv https://t.co/WVZupmrcRR",ghenetehga,tega,Sun Mar 02 17:36:42 +0000 2025,10446,6371
1896542174273208451,"From glowing skin to glowing energy, @bini_ph is always ready to bring out their A-game! ✨ 

Go behind the scenes and see how #BeloADVALight keeps their skin flawless, on and off camera. 🎥🌟

#BeloxBini #BINIforADVALight

Book now: https://t.co/cC1dpTIgcd https://t.co/IDqkNcKWdV",belobeauty,Belo Medical Group,Mon Mar 03 12:44:25 +0000 2025,2682,7856
1895206242966216912,"If you have a product or service that we can patronise and you are a:

Doctor
Medical student
Dental student
Nurse
‘Murse’
Pharmacist
HCW

Drop the details in the CS.
Let’s buy market. https://t.co/TBRqb04tqr",Nigerian_Doctor,Nigerian Doctor,Thu Feb 27 20:15:54 +0000 2025,61,207
1897316288474562790,"I need your help. 

President Trump wants to sign to a bill that criminalizes the transing of our children.

My bill, Protect Children’s Innocence Act, makes it a crime for the medical industry to prey on kids and make billions removing their genitals.

Congress moves too slow, https://t.co/VVcHvbssD3",RepMTG,Rep. Marjorie Taylor Greene🇺🇸,Wed Mar 05 16:00:28 +0000 2025,17860,70201
1897707491531604304,"hbo max’s The Pitt addressing weight bias in the medical field

I am so impressed at this choice and how they handled it wow this was totally unexpected, so amazing to see on my screen, they got a fan in me for life https://t.co/Qnarq8B4ol",fatfabfeminist,fat!so?,Thu Mar 06 17:54:58 +0000 2025,379,7872
1895378560430592393,"Nurse from Florida caught accepting tips from patients in exchange for extra meals, medicine, and other supplies at a Miami hospital. Should tipping culture extend to medical services? https://t.co/q8dfRHNti8",Biiiiigridwan,Oscar 🦅,Fri Feb 28 07:40:37 +0000 2025,419,852
1896191163012620536,me and the weird bitch i pulled through medical malpractice and cannibalism https://t.co/5gUfrlCco5,hdfrstsld,Nonie ♡ RDC7 🀄,Sun Mar 02 13:29:37 +0000 2025,1411,10160
1894841856405512413,Don't wait until it's too late! Recognize the symptoms of kidney failure and red flags that require immediate medical attention👇👇👇 https://t.co/7Q9IyO91yo,Artofphysique_,ᴀʀᴛ ᴏꜰ ᴘʜʏꜱɪQᴜᴇ,Wed Feb 26 20:07:57 +0000 2025,118,321
1897152387393187996,A bloodless and clean cut on the hand through the epidermis exposes the blood vessels underneath https://t.co/xOqW5mEGkc,medi_cosity,Medical Encyclopaedia,Wed Mar 05 05:09:11 +0000 2025,238,3557
1896236834235277780,بعد الفطور مذاكرة علطول https://t.co/cbqgJYrqZd,Medical33894907,Medical Memes 🇸🇦🇯🇴,Sun Mar 02 16:31:06 +0000 2025,3091,26296
1897323792407691299,هل بكيت يومًا بسبب الدراسة؟ https://t.co/h2jmiFTEwS,Medical33894907,Medical Memes 🇸🇦🇯🇴,Wed Mar 05 16:30:17 +0000 2025,42,3896
1897152774632267782,These are the operative photos of a 5 hour scoliosis correction/alignment surgery done in an 18-year-old female that was found to have idiopathic scoliosis when was 14. https://t.co/tKunUV808e,medi_cosity,Medical Encyclopaedia,Wed Mar 05 05:10:43 +0000 2025,265,3739
1895421255991640331,"It's their time to step into the spotlight. Blink twice, and you might miss it. 👀✨ Are you ready?

𝗖𝗼𝗺𝗶𝗻𝗴 𝘀𝗼𝗼𝗻. 
𝟬𝟯.𝟬𝟭.𝟮𝟬𝟮𝟱. https://t.co/6dAz6XcVfz",belobeauty,Belo Medical Group,Fri Feb 28 10:30:17 +0000 2025,3075,11855
1895505332857925864,رمضان كريم https://t.co/K6GlogY4aW,Medical33894907,Medical Memes 🇸🇦🇯🇴,Fri Feb 28 16:04:22 +0000 2025,1454,13710
1896416955332223292,The Trauma Code on netflix is so good guys. Reminds me how much we need to appreciate our docs and nurses and everyone working in medical field🙏🏻 bless yall fr https://t.co/7JbViPD7ec,_bigmatthewww,BM,Mon Mar 03 04:26:50 +0000 2025,112,1772
1894865458794315784,How to choose a medical specialty (from reddit): https://t.co/Okq7D7bU2l,mhjrad,Michael Justus,Wed Feb 26 21:41:44 +0000 2025,943,6491
1897649595972223109,"Jeffrey Epstein, Bill Gates and Dr. Fauci FUNDED and PARTICIPATED in HORRIFIC Medical Experimentation… https://t.co/pxXGT2yZ9Y",liz_churchill10,Liz Churchill,Thu Mar 06 14:04:54 +0000 2025,1176,2517
1894930965476098178,"A skull of a man with Proteus syndrome, a rare condition characterized by overgrowth of bones, skin, muscles, fatty tissues, and blood and lymphatic vessels.

What are some other weird medical conditions you've ever heard of? https://t.co/HLAa6IWlPq",interesting_aIl,Interesting As Fuck,Thu Feb 27 02:02:02 +0000 2025,4867,124269
1896253342948716785,"My mother has cancer. And I need her alive.
and I’m desperate to get her the treatment she needs to survive. I don’t have the means to cover her medical costs, and I can’t imagine a life where she’s not here to see me succeed.  

https://t.co/WdhShBdEzv https://t.co/WVZupmrcRR",ghenetehga,tega,Sun Mar 02 17:36:42 +0000 2025,10446,6371
1896542174273208451,"From glowing skin to glowing energy, @bini_ph is always ready to bring out their A-game! ✨ 

Go behind the scenes and see how #BeloADVALight keeps their skin flawless, on and off camera. 🎥🌟

#BeloxBini #BINIforADVALight

Book now: https://t.co/cC1dpTIgcd https://t.co/IDqkNcKWdV",belobeauty,Belo Medical Group,Mon Mar 03 12:44:25 +0000 2025,2682,7856
1895206242966216912,"If you have a product or service that we can patronise and you are a:

Doctor
Medical student
Dental student
Nurse
‘Murse’
Pharmacist
HCW

Drop the details in the CS.
Let’s buy market. https://t.co/TBRqb04tqr",Nigerian_Doctor,Nigerian Doctor,Thu Feb 27 20:15:54 +0000 2025,61,207
1897316288474562790,"I need your help. 

President Trump wants to sign to a bill that criminalizes the transing of our children.

My bill, Protect Children’s Innocence Act, makes it a crime for the medical industry to prey on kids and make billions removing their genitals.

Congress moves too slow, https://t.co/VVcHvbssD3",RepMTG,Rep. Marjorie Taylor Greene🇺🇸,Wed Mar 05 16:00:28 +0000 2025,17860,70201
1897707491531604304,"hbo max’s The Pitt addressing weight bias in the medical field

I am so impressed at this choice and how they handled it wow this was totally unexpected, so amazing to see on my screen, they got a fan in me for life https://t.co/Qnarq8B4ol",fatfabfeminist,fat!so?,Thu Mar 06 17:54:58 +0000 2025,379,7873
1895378560430592393,"Nurse from Florida caught accepting tips from patients in exchange for extra meals, medicine, and other supplies at a Miami hospital. Should tipping culture extend to medical services? https://t.co/q8dfRHNti8",Biiiiigridwan,Oscar 🦅,Fri Feb 28 07:40:37 +0000 2025,419,852
1896191163012620536,me and the weird bitch i pulled through medical malpractice and cannibalism https://t.co/5gUfrlCco5,hdfrstsld,Nonie ♡ RDC7 🀄,Sun Mar 02 13:29:37 +0000 2025,1411,10160
1894841856405512413,Don't wait until it's too late! Recognize the symptoms of kidney failure and red flags that require immediate medical attention👇👇👇 https://t.co/7Q9IyO91yo,Artofphysique_,ᴀʀᴛ ᴏꜰ ᴘʜʏꜱɪQᴜᴇ,Wed Feb 26 20:07:57 +0000 2025,118,321
1897152387393187996,A bloodless and clean cut on the hand through the epidermis exposes the blood vessels underneath https://t.co/xOqW5mEGkc,medi_cosity,Medical Encyclopaedia,Wed Mar 05 05:09:11 +0000 2025,238,3557
1896236834235277780,بعد الفطور مذاكرة علطول https://t.co/cbqgJYrqZd,Medical33894907,Medical Memes 🇸🇦🇯🇴,Sun Mar 02 16:31:06 +0000 2025,3091,26296
1897323792407691299,هل بكيت يومًا بسبب الدراسة؟ https://t.co/h2jmiFTEwS,Medical33894907,Medical Memes 🇸🇦🇯🇴,Wed Mar 05 16:30:17 +0000 2025,42,3896
1897152774632267782,These are the operative photos of a 5 hour scoliosis correction/alignment surgery done in an 18-year-old female that was found to have idiopathic scoliosis when was 14. https://t.co/tKunUV808e,medi_cosity,Medical Encyclopaedia,Wed Mar 05 05:10:43 +0000 2025,265,3739
1895421255991640331,"It's their time to step into the spotlight. Blink twice, and you might miss it. 👀✨ Are you ready?

𝗖𝗼𝗺𝗶𝗻𝗴 𝘀𝗼𝗼𝗻. 
𝟬𝟯.𝟬𝟭.𝟮𝟬𝟮𝟱. https://t.co/6dAz6XcVfz",belobeauty,Belo Medical Group,Fri Feb 28 10:30:17 +0000 2025,3075,11855
1895505332857925864,رمضان كريم https://t.co/K6GlogY4aW,Medical33894907,Medical Memes 🇸🇦🇯🇴,Fri Feb 28 16:04:22 +0000 2025,1454,13710
1896416955332223292,The Trauma Code on netflix is so good guys. Reminds me how much we need to appreciate our docs and nurses and everyone working in medical field🙏🏻 bless yall fr https://t.co/7JbViPD7ec,_bigmatthewww,BM,Mon Mar 03 04:26:50 +0000 2025,112,1772
1894865458794315784,How to choose a medical specialty (from reddit): https://t.co/Okq7D7bU2l,mhjrad,Michael Justus,Wed Feb 26 21:41:44 +0000 2025,943,6491
1897649595972223109,"Jeffrey Epstein, Bill Gates and Dr. Fauci FUNDED and PARTICIPATED in HORRIFIC Medical Experimentation… https://t.co/pxXGT2yZ9Y",liz_churchill10,Liz Churchill,Thu Mar 06 14:04:54 +0000 2025,1176,2517
1894930965476098178,"A skull of a man with Proteus syndrome, a rare condition characterized by overgrowth of bones, skin, muscles, fatty tissues, and blood and lymphatic vessels.

What are some other weird medical conditions you've ever heard of? https://t.co/HLAa6IWlPq",interesting_aIl,Interesting As Fuck,Thu Feb 27 02:02:02 +0000 2025,4867,124269
1896253342948716785,"My mother has cancer. And I need her alive.
and I’m desperate to get her the treatment she needs to survive. I don’t have the means to cover her medical costs, and I can’t imagine a life where she’s not here to see me succeed.  

https://t.co/WdhShBdEzv https://t.co/WVZupmrcRR",ghenetehga,tega,Sun Mar 02 17:36:42 +0000 2025,10446,6371
1896542174273208451,"From glowing skin to glowing energy, @bini_ph is always ready to bring out their A-game! ✨ 

Go behind the scenes and see how #BeloADVALight keeps their skin flawless, on and off camera. 🎥🌟

#BeloxBini #BINIforADVALight

Book now: https://t.co/cC1dpTIgcd https://t.co/IDqkNcKWdV",belobeauty,Belo Medical Group,Mon Mar 03 12:44:25 +0000 2025,2682,7856
1895206242966216912,"If you have a product or service that we can patronise and you are a:

Doctor
Medical student
Dental student
Nurse
‘Murse’
Pharmacist
HCW

Drop the details in the CS.
Let’s buy market. https://t.co/TBRqb04tqr",Nigerian_Doctor,Nigerian Doctor,Thu Feb 27 20:15:54 +0000 2025,61,207
1897316288474562790,"I need your help. 

President Trump wants to sign to a bill that criminalizes the transing of our children.

My bill, Protect Children’s Innocence Act, makes it a crime for the medical industry to prey on kids and make billions removing their genitals.

Congress moves too slow, https://t.co/VVcHvbssD3",RepMTG,Rep. Marjorie Taylor Greene🇺🇸,Wed Mar 05 16:00:28 +0000 2025,17860,70201
1897707491531604304,"hbo max’s The Pitt addressing weight bias in the medical field

I am so impressed at this choice and how they handled it wow this was totally unexpected, so amazing to see on my screen, they got a fan in me for life https://t.co/Qnarq8B4ol",fatfabfeminist,fat!so?,Thu Mar 06 17:54:58 +0000 2025,379,7874
1895378560430592393,"Nurse from Florida caught accepting tips from patients in exchange for extra meals, medicine, and other supplies at a Miami hospital. Should tipping culture extend to medical services? https://t.co/q8dfRHNti8",Biiiiigridwan,Oscar 🦅,Fri Feb 28 07:40:37 +0000 2025,419,852
1896191163012620536,me and the weird bitch i pulled through medical malpractice and cannibalism https://t.co/5gUfrlCco5,hdfrstsld,Nonie ♡ RDC7 🀄,Sun Mar 02 13:29:37 +0000 2025,1411,10160
1894841856405512413,Don't wait until it's too late! Recognize the symptoms of kidney failure and red flags that require immediate medical attention👇👇👇 https://t.co/7Q9IyO91yo,Artofphysique_,ᴀʀᴛ ᴏꜰ ᴘʜʏꜱɪQᴜᴇ,Wed Feb 26 20:07:57 +0000 2025,118,321
1897152387393187996,A bloodless and clean cut on the hand through the epidermis exposes the blood vessels underneath https://t.co/xOqW5mEGkc,medi_cosity,Medical Encyclopaedia,Wed Mar 05 05:09:11 +0000 2025,238,3555
1897152774632267782,These are the operative photos of a 5 hour scoliosis correction/alignment surgery done in an 18-year-old female that was found to have idiopathic scoliosis when was 14. https://t.co/tKunUV808e,medi_cosity,Medical Encyclopaedia,Wed Mar 05 05:10:43 +0000 2025,265,3740
1895421255991640331,"It's their time to step into the spotlight. Blink twice, and you might miss it. 👀✨ Are you ready?

𝗖𝗼𝗺𝗶𝗻𝗴 𝘀𝗼𝗼𝗻. 
𝟬𝟯.𝟬𝟭.𝟮𝟬𝟮𝟱. https://t.co/6dAz6XcVfz",belobeauty,Belo Medical Group,Fri Feb 28 10:30:17 +0000 2025,3075,11854
1897323792407691299,هل بكيت يومًا بسبب الدراسة؟ https://t.co/h2jmiFTEwS,Medical33894907,Medical Memes 🇸🇦🇯🇴,Wed Mar 05 16:30:17 +0000 2025,42,3895
1896236834235277780,بعد الفطور مذاكرة علطول https://t.co/cbqgJYrqZd,Medical33894907,Medical Memes 🇸🇦🇯🇴,Sun Mar 02 16:31:06 +0000 2025,3092,26295
1895505332857925864,رمضان كريم https://t.co/K6GlogY4aW,Medical33894907,Medical Memes 🇸🇦🇯🇴,Fri Feb 28 16:04:22 +0000 2025,1454,13710
1894865458794315784,How to choose a medical specialty (from reddit): https://t.co/Okq7D7bU2l,mhjrad,Michael Justus,Wed Feb 26 21:41:44 +0000 2025,943,6490
1894930965476098178,"A skull of a man with Proteus syndrome, a rare condition characterized by overgrowth of bones, skin, muscles, fatty tissues, and blood and lymphatic vessels.

What are some other weird medical conditions you've ever heard of? https://t.co/HLAa6IWlPq",interesting_aIl,Interesting As Fuck,Thu Feb 27 02:02:02 +0000 2025,4867,124268
1896416955332223292,The Trauma Code on netflix is so good guys. Reminds me how much we need to appreciate our docs and nurses and everyone working in medical field🙏🏻 bless yall fr https://t.co/7JbViPD7ec,_bigmatthewww,BM,Mon Mar 03 04:26:50 +0000 2025,112,1772
1897316288474562790,"I need your help. 

President Trump wants to sign to a bill that criminalizes the transing of our children.

My bill, Protect Children’s Innocence Act, makes it a crime for the medical industry to prey on kids and make billions removing their genitals.

Congress moves too slow, https://t.co/VVcHvbssD3",RepMTG,Rep. Marjorie Taylor Greene🇺🇸,Wed Mar 05 16:00:28 +0000 2025,17860,70201
1895378560430592393,"Nurse from Florida caught accepting tips from patients in exchange for extra meals, medicine, and other supplies at a Miami hospital. Should tipping culture extend to medical services? https://t.co/q8dfRHNti8",Biiiiigridwan,Oscar 🦅,Fri Feb 28 07:40:37 +0000 2025,419,852
1897649595972223109,"Jeffrey Epstein, Bill Gates and Dr. Fauci FUNDED and PARTICIPATED in HORRIFIC Medical Experimentation… https://t.co/pxXGT2yZ9Y",liz_churchill10,Liz Churchill,Thu Mar 06 14:04:54 +0000 2025,1176,2517
1897275122534273483,"I have decided to sue the Department of Health, USAID, and my medical doctor for not warning me/us about the side effects of circumcision. I will let you guys know how it goes. This is important to stop this mutilation of men which is now aimed at unsuspecting school boys.

I'm https://t.co/daPDDQkJTO",Abednego082,Abednego,Wed Mar 05 13:16:53 +0000 2025,445,1605
1896542174273208451,"From glowing skin to glowing energy, @bini_ph is always ready to bring out their A-game! ✨ 

Go behind the scenes and see how #BeloADVALight keeps their skin flawless, on and off camera. 🎥🌟

#BeloxBini #BINIforADVALight

Book now: https://t.co/cC1dpTIgcd https://t.co/IDqkNcKWdV",belobeauty,Belo Medical Group,Mon Mar 03 12:44:25 +0000 2025,2682,7857
1895206242966216912,"If you have a product or service that we can patronise and you are a:

Doctor
Medical student
Dental student
Nurse
‘Murse’
Pharmacist
HCW

Drop the details in the CS.
Let’s buy market. https://t.co/TBRqb04tqr",Nigerian_Doctor,Nigerian Doctor,Thu Feb 27 20:15:54 +0000 2025,61,207
1896377957922607576,r/topsurgery is always like “is this swelling or bad results” and it’s the worst medical malpractice I’ve ever seen,KurtVonnefaggut,Harrison,Mon Mar 03 01:51:52 +0000 2025,1376,68091
1895911895636590698,Medical Aid Members come this side https://t.co/OUbgZYKVWn,Thisthat_Acadmy,Vuka Africa,Sat Mar 01 18:59:54 +0000 2025,910,2806
1897707491531604304,"hbo max’s The Pitt addressing weight bias in the medical field

I am so impressed at this choice and how they handled it wow this was totally unexpected, so amazing to see on my screen, they got a fan in me for life https://t.co/Qnarq8B4ol",fatfabfeminist,fat!so?,Thu Mar 06 17:54:58 +0000 2025,379,7874
1897152387393187996,A bloodless and clean cut on the hand through the epidermis exposes the blood vessels underneath https://t.co/xOqW5mEGkc,medi_cosity,Medical Encyclopaedia,Wed Mar 05 05:09:11 +0000 2025,238,3555
1897152774632267782,These are the operative photos of a 5 hour scoliosis correction/alignment surgery done in an 18-year-old female that was found to have idiopathic scoliosis when was 14. https://t.co/tKunUV808e,medi_cosity,Medical Encyclopaedia,Wed Mar 05 05:10:43 +0000 2025,265,3740
1897323792407691299,هل بكيت يومًا بسبب الدراسة؟ https://t.co/h2jmiFTEwS,Medical33894907,Medical Memes 🇸🇦🇯🇴,Wed Mar 05 16:30:17 +0000 2025,42,3895
1896236834235277780,بعد الفطور مذاكرة علطول https://t.co/cbqgJYrqZd,Medical33894907,Medical Memes 🇸🇦🇯🇴,Sun Mar 02 16:31:06 +0000 2025,3092,26295
1895421255991640331,"It's their time to step into the spotlight. Blink twice, and you might miss it. 👀✨ Are you ready?

𝗖𝗼𝗺𝗶𝗻𝗴 𝘀𝗼𝗼𝗻. 
𝟬𝟯.𝟬𝟭.𝟮𝟬𝟮𝟱. https://t.co/6dAz6XcVfz",belobeauty,Belo Medical Group,Fri Feb 28 10:30:17 +0000 2025,3075,11854
1895505332857925864,رمضان كريم https://t.co/K6GlogY4aW,Medical33894907,Medical Memes 🇸🇦🇯🇴,Fri Feb 28 16:04:22 +0000 2025,1454,13710
1894865458794315784,How to choose a medical specialty (from reddit): https://t.co/Okq7D7bU2l,mhjrad,Michael Justus,Wed Feb 26 21:41:44 +0000 2025,943,6490
1894930965476098178,"A skull of a man with Proteus syndrome, a rare condition characterized by overgrowth of bones, skin, muscles, fatty tissues, and blood and lymphatic vessels.

What are some other weird medical conditions you've ever heard of? https://t.co/HLAa6IWlPq",interesting_aIl,Interesting As Fuck,Thu Feb 27 02:02:02 +0000 2025,4867,124268
1896416955332223292,The Trauma Code on netflix is so good guys. Reminds me how much we need to appreciate our docs and nurses and everyone working in medical field🙏🏻 bless yall fr https://t.co/7JbViPD7ec,_bigmatthewww,BM,Mon Mar 03 04:26:50 +0000 2025,112,1772
1897316288474562790,"I need your help. 

President Trump wants to sign to a bill that criminalizes the transing of our children.

My bill, Protect Children’s Innocence Act, makes it a crime for the medical industry to prey on kids and make billions removing their genitals.

Congress moves too slow, https://t.co/VVcHvbssD3",RepMTG,Rep. Marjorie Taylor Greene🇺🇸,Wed Mar 05 16:00:28 +0000 2025,17860,70201
1895378560430592393,"Nurse from Florida caught accepting tips from patients in exchange for extra meals, medicine, and other supplies at a Miami hospital. Should tipping culture extend to medical services? https://t.co/q8dfRHNti8",Biiiiigridwan,Oscar 🦅,Fri Feb 28 07:40:37 +0000 2025,419,852
1897649595972223109,"Jeffrey Epstein, Bill Gates and Dr. Fauci FUNDED and PARTICIPATED in HORRIFIC Medical Experimentation… https://t.co/pxXGT2yZ9Y",liz_churchill10,Liz Churchill,Thu Mar 06 14:04:54 +0000 2025,1176,2517
1897275122534273483,"I have decided to sue the Department of Health, USAID, and my medical doctor for not warning me/us about the side effects of circumcision. I will let you guys know how it goes. This is important to stop this mutilation of men which is now aimed at unsuspecting school boys.

I'm https://t.co/daPDDQkJTO",Abednego082,Abednego,Wed Mar 05 13:16:53 +0000 2025,445,1605
1896542174273208451,"From glowing skin to glowing energy, @bini_ph is always ready to bring out their A-game! ✨ 

Go behind the scenes and see how #BeloADVALight keeps their skin flawless, on and off camera. 🎥🌟

#BeloxBini #BINIforADVALight

Book now: https://t.co/cC1dpTIgcd https://t.co/IDqkNcKWdV",belobeauty,Belo Medical Group,Mon Mar 03 12:44:25 +0000 2025,2682,7857
1895206242966216912,"If you have a product or service that we can patronise and you are a:

Doctor
Medical student
Dental student
Nurse
‘Murse’
Pharmacist
HCW

Drop the details in the CS.
Let’s buy market. https://t.co/TBRqb04tqr",Nigerian_Doctor,Nigerian Doctor,Thu Feb 27 20:15:54 +0000 2025,61,207
1895911895636590698,Medical Aid Members come this side https://t.co/OUbgZYKVWn,Thisthat_Acadmy,Vuka Africa,Sat Mar 01 18:59:54 +0000 2025,910,2806
1897707491531604304,"hbo max’s The Pitt addressing weight bias in the medical field

I am so impressed at this choice and how they handled it wow this was totally unexpected, so amazing to see on my screen, they got a fan in me for life https://t.co/Qnarq8B4ol",fatfabfeminist,fat!so?,Thu Mar 06 17:54:58 +0000 2025,379,7874
1896191163012620536,me and the weird bitch i pulled through medical malpractice and cannibalism https://t.co/5gUfrlCco5,hdfrstsld,Nonie ♡ RDC7 🀄,Sun Mar 02 13:29:37 +0000 2025,1411,10160
1897152387393187996,A bloodless and clean cut on the hand through the epidermis exposes the blood vessels underneath https://t.co/xOqW5mEGkc,medi_cosity,Medical Encyclopaedia,Wed Mar 05 05:09:11 +0000 2025,238,3557
1896236834235277780,بعد الفطور مذاكرة علطول https://t.co/cbqgJYrqZd,Medical33894907,Medical Memes 🇸🇦🇯🇴,Sun Mar 02 16:31:06 +0000 2025,3091,26296
1897323792407691299,هل بكيت يومًا بسبب الدراسة؟ https://t.co/h2jmiFTEwS,Medical33894907,Medical Memes 🇸🇦🇯🇴,Wed Mar 05 16:30:17 +0000 2025,42,3896
1897152774632267782,These are the operative photos of a 5 hour scoliosis correction/alignment surgery done in an 18-year-old female that was found to have idiopathic scoliosis when was 14. https://t.co/tKunUV808e,medi_cosity,Medical Encyclopaedia,Wed Mar 05 05:10:43 +0000 2025,265,3739
1895421255991640331,"It's their time to step into the spotlight. Blink twice, and you might miss it. 👀✨ Are you ready?

𝗖𝗼𝗺𝗶𝗻𝗴 𝘀𝗼𝗼𝗻. 
𝟬𝟯.𝟬𝟭.𝟮𝟬𝟮𝟱. https://t.co/6dAz6XcVfz",belobeauty,Belo Medical Group,Fri Feb 28 10:30:17 +0000 2025,3075,11855
1895505332857925864,رمضان كريم https://t.co/K6GlogY4aW,Medical33894907,Medical Memes 🇸🇦🇯🇴,Fri Feb 28 16:04:22 +0000 2025,1454,13710
1896416955332223292,The Trauma Code on netflix is so good guys. Reminds me how much we need to appreciate our docs and nurses and everyone working in medical field🙏🏻 bless yall fr https://t.co/7JbViPD7ec,_bigmatthewww,BM,Mon Mar 03 04:26:50 +0000 2025,112,1772
1894865458794315784,How to choose a medical specialty (from reddit): https://t.co/Okq7D7bU2l,mhjrad,Michael Justus,Wed Feb 26 21:41:44 +0000 2025,943,6491
1897649595972223109,"Jeffrey Epstein, Bill Gates and Dr. Fauci FUNDED and PARTICIPATED in HORRIFIC Medical Experimentation… https://t.co/pxXGT2yZ9Y",liz_churchill10,Liz Churchill,Thu Mar 06 14:04:54 +0000 2025,1176,2517
1894930965476098178,"A skull of a man with Proteus syndrome, a rare condition characterized by overgrowth of bones, skin, muscles, fatty tissues, and blood and lymphatic vessels.

What are some other weird medical conditions you've ever heard of? https://t.co/HLAa6IWlPq",interesting_aIl,Interesting As Fuck,Thu Feb 27 02:02:02 +0000 2025,4867,124269
1896253342948716785,"My mother has cancer. And I need her alive.
and I’m desperate to get her the treatment she needs to survive. I don’t have the means to cover her medical costs, and I can’t imagine a life where she’s not here to see me succeed.  

https://t.co/WdhShBdEzv https://t.co/WVZupmrcRR",ghenetehga,tega,Sun Mar 02 17:36:42 +0000 2025,10446,6371
1896542174273208451,"From glowing skin to glowing energy, @bini_ph is always ready to bring out their A-game! ✨ 

Go behind the scenes and see how #BeloADVALight keeps their skin flawless, on and off camera. 🎥🌟

#BeloxBini #BINIforADVALight

Book now: https://t.co/cC1dpTIgcd https://t.co/IDqkNcKWdV",belobeauty,Belo Medical Group,Mon Mar 03 12:44:25 +0000 2025,2682,7856
1895206242966216912,"If you have a product or service that we can patronise and you are a:

Doctor
Medical student
Dental student
Nurse
‘Murse’
Pharmacist
HCW

Drop the details in the CS.
Let’s buy market. https://t.co/TBRqb04tqr",Nigerian_Doctor,Nigerian Doctor,Thu Feb 27 20:15:54 +0000 2025,61,207
1897316288474562790,"I need your help. 

President Trump wants to sign to a bill that criminalizes the transing of our children.

My bill, Protect Children’s Innocence Act, makes it a crime for the medical industry to prey on kids and make billions removing their genitals.

Congress moves too slow, https://t.co/VVcHvbssD3",RepMTG,Rep. Marjorie Taylor Greene🇺🇸,Wed Mar 05 16:00:28 +0000 2025,17860,70201
1897707491531604304,"hbo max’s The Pitt addressing weight bias in the medical field

I am so impressed at this choice and how they handled it wow this was totally unexpected, so amazing to see on my screen, they got a fan in me for life https://t.co/Qnarq8B4ol",fatfabfeminist,fat!so?,Thu Mar 06 17:54:58 +0000 2025,379,7875
1895378560430592393,"Nurse from Florida caught accepting tips from patients in exchange for extra meals, medicine, and other supplies at a Miami hospital. Should tipping culture extend to medical services? https://t.co/q8dfRHNti8",Biiiiigridwan,Oscar 🦅,Fri Feb 28 07:40:37 +0000 2025,419,852
1896191163012620536,me and the weird bitch i pulled through medical malpractice and cannibalism https://t.co/5gUfrlCco5,hdfrstsld,Nonie ♡ RDC7 🀄,Sun Mar 02 13:29:37 +0000 2025,1411,10160
1894841856405512413,Don't wait until it's too late! Recognize the symptoms of kidney failure and red flags that require immediate medical attention👇👇👇 https://t.co/7Q9IyO91yo,Artofphysique_,ᴀʀᴛ ᴏꜰ ᴘʜʏꜱɪQᴜᴇ,Wed Feb 26 20:07:57 +0000 2025,118,321
1897152387393187996,A bloodless and clean cut on the hand through the epidermis exposes the blood vessels underneath https://t.co/xOqW5mEGkc,medi_cosity,Medical Encyclopaedia,Wed Mar 05 05:09:11 +0000 2025,238,3555
1897152774632267782,These are the operative photos of a 5 hour scoliosis correction/alignment surgery done in an 18-year-old female that was found to have idiopathic scoliosis when was 14. https://t.co/tKunUV808e,medi_cosity,Medical Encyclopaedia,Wed Mar 05 05:10:43 +0000 2025,265,3740
1897323792407691299,هل بكيت يومًا بسبب الدراسة؟ https://t.co/h2jmiFTEwS,Medical33894907,Medical Memes 🇸🇦🇯🇴,Wed Mar 05 16:30:17 +0000 2025,42,3895
1896236834235277780,بعد الفطور مذاكرة علطول https://t.co/cbqgJYrqZd,Medical33894907,Medical Memes 🇸🇦🇯🇴,Sun Mar 02 16:31:06 +0000 2025,3092,26295
1895421255991640331,"It's their time to step into the spotlight. Blink twice, and you might miss it. 👀✨ Are you ready?

𝗖𝗼𝗺𝗶𝗻𝗴 𝘀𝗼𝗼𝗻. 
𝟬𝟯.𝟬𝟭.𝟮𝟬𝟮𝟱. https://t.co/6dAz6XcVfz",belobeauty,Belo Medical Group,Fri Feb 28 10:30:17 +0000 2025,3075,11854
1895505332857925864,رمضان كريم https://t.co/K6GlogY4aW,Medical33894907,Medical Memes 🇸🇦🇯🇴,Fri Feb 28 16:04:22 +0000 2025,1454,13710
1894865458794315784,How to choose a medical specialty (from reddit): https://t.co/Okq7D7bU2l,mhjrad,Michael Justus,Wed Feb 26 21:41:44 +0000 2025,943,6490
1894930965476098178,"A skull of a man with Proteus syndrome, a rare condition characterized by overgrowth of bones, skin, muscles, fatty tissues, and blood and lymphatic vessels.

What are some other weird medical conditions you've ever heard of? https://t.co/HLAa6IWlPq",interesting_aIl,Interesting As Fuck,Thu Feb 27 02:02:02 +0000 2025,4867,124268
1896416955332223292,The Trauma Code on netflix is so good guys. Reminds me how much we need to appreciate our docs and nurses and everyone working in medical field🙏🏻 bless yall fr https://t.co/7JbViPD7ec,_bigmatthewww,BM,Mon Mar 03 04:26:50 +0000 2025,112,1772
1897316288474562790,"I need your help. 

President Trump wants to sign to a bill that criminalizes the transing of our children.

My bill, Protect Children’s Innocence Act, makes it a crime for the medical industry to prey on kids and make billions removing their genitals.

Congress moves too slow, https://t.co/VVcHvbssD3",RepMTG,Rep. Marjorie Taylor Greene🇺🇸,Wed Mar 05 16:00:28 +0000 2025,17860,70201
1895378560430592393,"Nurse from Florida caught accepting tips from patients in exchange for extra meals, medicine, and other supplies at a Miami hospital. Should tipping culture extend to medical services? https://t.co/q8dfRHNti8",Biiiiigridwan,Oscar 🦅,Fri Feb 28 07:40:37 +0000 2025,419,852
1897649595972223109,"Jeffrey Epstein, Bill Gates and Dr. Fauci FUNDED and PARTICIPATED in HORRIFIC Medical Experimentation… https://t.co/pxXGT2yZ9Y",liz_churchill10,Liz Churchill,Thu Mar 06 14:04:54 +0000 2025,1176,2517
1897275122534273483,"I have decided to sue the Department of Health, USAID, and my medical doctor for not warning me/us about the side effects of circumcision. I will let you guys know how it goes. This is important to stop this mutilation of men which is now aimed at unsuspecting school boys.

I'm https://t.co/daPDDQkJTO",Abednego082,Abednego,Wed Mar 05 13:16:53 +0000 2025,445,1605
1896542174273208451,"From glowing skin to glowing energy, @bini_ph is always ready to bring out their A-game! ✨ 

Go behind the scenes and see how #BeloADVALight keeps their skin flawless, on and off camera. 🎥🌟

#BeloxBini #BINIforADVALight

Book now: https://t.co/cC1dpTIgcd https://t.co/IDqkNcKWdV",belobeauty,Belo Medical Group,Mon Mar 03 12:44:25 +0000 2025,2682,7857
1895206242966216912,"If you have a product or service that we can patronise and you are a:

Doctor
Medical student
Dental student
Nurse
‘Murse’
Pharmacist
HCW

Drop the details in the CS.
Let’s buy market. https://t.co/TBRqb04tqr",Nigerian_Doctor,Nigerian Doctor,Thu Feb 27 20:15:54 +0000 2025,61,207
1895911895636590698,Medical Aid Members come this side https://t.co/OUbgZYKVWn,Thisthat_Acadmy,Vuka Africa,Sat Mar 01 18:59:54 +0000 2025,910,2806
1897707491531604304,"hbo max’s The Pitt addressing weight bias in the medical field

I am so impressed at this choice and how they handled it wow this was totally unexpected, so amazing to see on my screen, they got a fan in me for life https://t.co/Qnarq8B4ol",fatfabfeminist,fat!so?,Thu Mar 06 17:54:58 +0000 2025,379,7875
1896191163012620536,me and the weird bitch i pulled through medical malpractice and cannibalism https://t.co/5gUfrlCco5,hdfrstsld,Nonie ♡ RDC7 🀄,Sun Mar 02 13:29:37 +0000 2025,1411,10160
1897152387393187996,A bloodless and clean cut on the hand through the epidermis exposes the blood vessels underneath https://t.co/xOqW5mEGkc,medi_cosity,Medical Encyclopaedia,Wed Mar 05 05:09:11 +0000 2025,238,3557
1896236834235277780,بعد الفطور مذاكرة علطول https://t.co/cbqgJYrqZd,Medical33894907,Medical Memes 🇸🇦🇯🇴,Sun Mar 02 16:31:06 +0000 2025,3091,26296
1897323792407691299,هل بكيت يومًا بسبب الدراسة؟ https://t.co/h2jmiFTEwS,Medical33894907,Medical Memes 🇸🇦🇯🇴,Wed Mar 05 16:30:17 +0000 2025,42,3896
1897152774632267782,These are the operative photos of a 5 hour scoliosis correction/alignment surgery done in an 18-year-old female that was found to have idiopathic scoliosis when was 14. https://t.co/tKunUV808e,medi_cosity,Medical Encyclopaedia,Wed Mar 05 05:10:43 +0000 2025,265,3739
1895421255991640331,"It's their time to step into the spotlight. Blink twice, and you might miss it. 👀✨ Are you ready?

𝗖𝗼𝗺𝗶𝗻𝗴 𝘀𝗼𝗼𝗻. 
𝟬𝟯.𝟬𝟭.𝟮𝟬𝟮𝟱. https://t.co/6dAz6XcVfz",belobeauty,Belo Medical Group,Fri Feb 28 10:30:17 +0000 2025,3075,11855
1895505332857925864,رمضان كريم https://t.co/K6GlogY4aW,Medical33894907,Medical Memes 🇸🇦🇯🇴,Fri Feb 28 16:04:22 +0000 2025,1454,13710
1896416955332223292,The Trauma Code on netflix is so good guys. Reminds me how much we need to appreciate our docs and nurses and everyone working in medical field🙏🏻 bless yall fr https://t.co/7JbViPD7ec,_bigmatthewww,BM,Mon Mar 03 04:26:50 +0000 2025,112,1772
1894865458794315784,How to choose a medical specialty (from reddit): https://t.co/Okq7D7bU2l,mhjrad,Michael Justus,Wed Feb 26 21:41:44 +0000 2025,943,6491
1897649595972223109,"Jeffrey Epstein, Bill Gates and Dr. Fauci FUNDED and PARTICIPATED in HORRIFIC Medical Experimentation… https://t.co/pxXGT2yZ9Y",liz_churchill10,Liz Churchill,Thu Mar 06 14:04:54 +0000 2025,1176,2517
1894930965476098178,"A skull of a man with Proteus syndrome, a rare condition characterized by overgrowth of bones, skin, muscles, fatty tissues, and blood and lymphatic vessels.

What are some other weird medical conditions you've ever heard of? https://t.co/HLAa6IWlPq",interesting_aIl,Interesting As Fuck,Thu Feb 27 02:02:02 +0000 2025,4867,124269
1896253342948716785,"My mother has cancer. And I need her alive.
and I’m desperate to get her the treatment she needs to survive. I don’t have the means to cover her medical costs, and I can’t imagine a life where she’s not here to see me succeed.  

https://t.co/WdhShBdEzv https://t.co/WVZupmrcRR",ghenetehga,tega,Sun Mar 02 17:36:42 +0000 2025,10446,6371
1896542174273208451,"From glowing skin to glowing energy, @bini_ph is always ready to bring out their A-game! ✨ 

Go behind the scenes and see how #BeloADVALight keeps their skin flawless, on and off camera. 🎥🌟

#BeloxBini #BINIforADVALight

Book now: https://t.co/cC1dpTIgcd https://t.co/IDqkNcKWdV",belobeauty,Belo Medical Group,Mon Mar 03 12:44:25 +0000 2025,2682,7856
1895206242966216912,"If you have a product or service that we can patronise and you are a:

Doctor
Medical student
Dental student
Nurse
‘Murse’
Pharmacist
HCW

Drop the details in the CS.
Let’s buy market. https://t.co/TBRqb04tqr",Nigerian_Doctor,Nigerian Doctor,Thu Feb 27 20:15:54 +0000 2025,61,207
1897316288474562790,"I need your help. 

President Trump wants to sign to a bill that criminalizes the transing of our children.

My bill, Protect Children’s Innocence Act, makes it a crime for the medical industry to prey on kids and make billions removing their genitals.

Congress moves too slow, https://t.co/VVcHvbssD3",RepMTG,Rep. Marjorie Taylor Greene🇺🇸,Wed Mar 05 16:00:28 +0000 2025,17860,70201
1897707491531604304,"hbo max’s The Pitt addressing weight bias in the medical field

I am so impressed at this choice and how they handled it wow this was totally unexpected, so amazing to see on my screen, they got a fan in me for life https://t.co/Qnarq8B4ol",fatfabfeminist,fat!so?,Thu Mar 06 17:54:58 +0000 2025,379,7876
1895378560430592393,"Nurse from Florida caught accepting tips from patients in exchange for extra meals, medicine, and other supplies at a Miami hospital. Should tipping culture extend to medical services? https://t.co/q8dfRHNti8",Biiiiigridwan,Oscar 🦅,Fri Feb 28 07:40:37 +0000 2025,419,852
1896191163012620536,me and the weird bitch i pulled through medical malpractice and cannibalism https://t.co/5gUfrlCco5,hdfrstsld,Nonie ♡ RDC7 🀄,Sun Mar 02 13:29:37 +0000 2025,1411,10160
1894841856405512413,Don't wait until it's too late! Recognize the symptoms of kidney failure and red flags that require immediate medical attention👇👇👇 https://t.co/7Q9IyO91yo,Artofphysique_,ᴀʀᴛ ᴏꜰ ᴘʜʏꜱɪQᴜᴇ,Wed Feb 26 20:07:57 +0000 2025,118,321
1897152387393187996,A bloodless and clean cut on the hand through the epidermis exposes the blood vessels underneath https://t.co/xOqW5mEGkc,medi_cosity,Medical Encyclopaedia,Wed Mar 05 05:09:11 +0000 2025,238,3557
1896236834235277780,بعد الفطور مذاكرة علطول https://t.co/cbqgJYrqZd,Medical33894907,Medical Memes 🇸🇦🇯🇴,Sun Mar 02 16:31:06 +0000 2025,3091,26296
1897323792407691299,هل بكيت يومًا بسبب الدراسة؟ https://t.co/h2jmiFTEwS,Medical33894907,Medical Memes 🇸🇦🇯🇴,Wed Mar 05 16:30:17 +0000 2025,42,3896
1897152774632267782,These are the operative photos of a 5 hour scoliosis correction/alignment surgery done in an 18-year-old female that was found to have idiopathic scoliosis when was 14. https://t.co/tKunUV808e,medi_cosity,Medical Encyclopaedia,Wed Mar 05 05:10:43 +0000 2025,265,3739
1895421255991640331,"It's their time to step into the spotlight. Blink twice, and you might miss it. 👀✨ Are you ready?

𝗖𝗼𝗺𝗶𝗻𝗴 𝘀𝗼𝗼𝗻. 
𝟬𝟯.𝟬𝟭.𝟮𝟬𝟮𝟱. https://t.co/6dAz6XcVfz",belobeauty,Belo Medical Group,Fri Feb 28 10:30:17 +0000 2025,3075,11855
1895505332857925864,رمضان كريم https://t.co/K6GlogY4aW,Medical33894907,Medical Memes 🇸🇦🇯🇴,Fri Feb 28 16:04:22 +0000 2025,1454,13710
1896416955332223292,The Trauma Code on netflix is so good guys. Reminds me how much we need to appreciate our docs and nurses and everyone working in medical field🙏🏻 bless yall fr https://t.co/7JbViPD7ec,_bigmatthewww,BM,Mon Mar 03 04:26:50 +0000 2025,112,1772
1894865458794315784,How to choose a medical specialty (from reddit): https://t.co/Okq7D7bU2l,mhjrad,Michael Justus,Wed Feb 26 21:41:44 +0000 2025,943,6491
1897649595972223109,"Jeffrey Epstein, Bill Gates and Dr. Fauci FUNDED and PARTICIPATED in HORRIFIC Medical Experimentation… https://t.co/pxXGT2yZ9Y",liz_churchill10,Liz Churchill,Thu Mar 06 14:04:54 +0000 2025,1176,2517
1894930965476098178,"A skull of a man with Proteus syndrome, a rare condition characterized by overgrowth of bones, skin, muscles, fatty tissues, and blood and lymphatic vessels.

What are some other weird medical conditions you've ever heard of? https://t.co/HLAa6IWlPq",interesting_aIl,Interesting As Fuck,Thu Feb 27 02:02:02 +0000 2025,4867,124269
1896253342948716785,"My mother has cancer. And I need her alive.
and I’m desperate to get her the treatment she needs to survive. I don’t have the means to cover her medical costs, and I can’t imagine a life where she’s not here to see me succeed.  

https://t.co/WdhShBdEzv https://t.co/WVZupmrcRR",ghenetehga,tega,Sun Mar 02 17:36:42 +0000 2025,10446,6371
1896542174273208451,"From glowing skin to glowing energy, @bini_ph is always ready to bring out their A-game! ✨ 

Go behind the scenes and see how #BeloADVALight keeps their skin flawless, on and off camera. 🎥🌟

#BeloxBini #BINIforADVALight

Book now: https://t.co/cC1dpTIgcd https://t.co/IDqkNcKWdV",belobeauty,Belo Medical Group,Mon Mar 03 12:44:25 +0000 2025,2682,7856
1895206242966216912,"If you have a product or service that we can patronise and you are a:

Doctor
Medical student
Dental student
Nurse
‘Murse’
Pharmacist
HCW

Drop the details in the CS.
Let’s buy market. https://t.co/TBRqb04tqr",Nigerian_Doctor,Nigerian Doctor,Thu Feb 27 20:15:54 +0000 2025,61,207
1897316288474562790,"I need your help. 

President Trump wants to sign to a bill that criminalizes the transing of our children.

My bill, Protect Children’s Innocence Act, makes it a crime for the medical industry to prey on kids and make billions removing their genitals.

Congress moves too slow, https://t.co/VVcHvbssD3",RepMTG,Rep. Marjorie Taylor Greene🇺🇸,Wed Mar 05 16:00:28 +0000 2025,17860,70201
1895142926138605625,POV: Your simple medical procedure is about to get you killed. https://t.co/QP7HoBNAnG,LibsHateUs,Libs Hate Us,Thu Feb 27 16:04:18 +0000 2025,939,14193
1897707491531604304,"hbo max’s The Pitt addressing weight bias in the medical field

I am so impressed at this choice and how they handled it wow this was totally unexpected, so amazing to see on my screen, they got a fan in me for life https://t.co/Qnarq8B4ol",fatfabfeminist,fat!so?,Thu Mar 06 17:54:58 +0000 2025,379,7876
1895378560430592393,"Nurse from Florida caught accepting tips from patients in exchange for extra meals, medicine, and other supplies at a Miami hospital. Should tipping culture extend to medical services? https://t.co/q8dfRHNti8",Biiiiigridwan,Oscar 🦅,Fri Feb 28 07:40:37 +0000 2025,419,852
1896191163012620536,me and the weird bitch i pulled through medical malpractice and cannibalism https://t.co/5gUfrlCco5,hdfrstsld,Nonie ♡ RDC7 🀄,Sun Mar 02 13:29:37 +0000 2025,1411,10160
1897152387393187996,A bloodless and clean cut on the hand through the epidermis exposes the blood vessels underneath https://t.co/xOqW5mEGkc,medi_cosity,Medical Encyclopaedia,Wed Mar 05 05:09:11 +0000 2025,238,3557
1896236834235277780,بعد الفطور مذاكرة علطول https://t.co/cbqgJYrqZd,Medical33894907,Medical Memes 🇸🇦🇯🇴,Sun Mar 02 16:31:06 +0000 2025,3091,26296
1897323792407691299,هل بكيت يومًا بسبب الدراسة؟ https://t.co/h2jmiFTEwS,Medical33894907,Medical Memes 🇸🇦🇯🇴,Wed Mar 05 16:30:17 +0000 2025,42,3896
1897152774632267782,These are the operative photos of a 5 hour scoliosis correction/alignment surgery done in an 18-year-old female that was found to have idiopathic scoliosis when was 14. https://t.co/tKunUV808e,medi_cosity,Medical Encyclopaedia,Wed Mar 05 05:10:43 +0000 2025,265,3739
1895421255991640331,"It's their time to step into the spotlight. Blink twice, and you might miss it. 👀✨ Are you ready?

𝗖𝗼𝗺𝗶𝗻𝗴 𝘀𝗼𝗼𝗻. 
𝟬𝟯.𝟬𝟭.𝟮𝟬𝟮𝟱. https://t.co/6dAz6XcVfz",belobeauty,Belo Medical Group,Fri Feb 28 10:30:17 +0000 2025,3075,11855
1895505332857925864,رمضان كريم https://t.co/K6GlogY4aW,Medical33894907,Medical Memes 🇸🇦🇯🇴,Fri Feb 28 16:04:22 +0000 2025,1454,13710
1896666082553077967,"🚨🇫🇷 NEWS: 13 YEAR OLD VICTIM IN STABBING AT MIDDLE SCHOOL IN FRANCE

- Pause the video at 25 seconds to clearly see the attacker wielding the knife
- Victim is receiving medical treatment for 3 wounds and suspect was arrested

France needs Le Pen, 
Europe needs deportations https://t.co/7VB1LKdXEW",Basil_TGMD,Basil the Great,Mon Mar 03 20:56:47 +0000 2025,246,632
1896416955332223292,The Trauma Code on netflix is so good guys. Reminds me how much we need to appreciate our docs and nurses and everyone working in medical field🙏🏻 bless yall fr https://t.co/7JbViPD7ec,_bigmatthewww,BM,Mon Mar 03 04:26:50 +0000 2025,112,1772
1894865458794315784,How to choose a medical specialty (from reddit): https://t.co/Okq7D7bU2l,mhjrad,Michael Justus,Wed Feb 26 21:41:44 +0000 2025,943,6491
1897649595972223109,"Jeffrey Epstein, Bill Gates and Dr. Fauci FUNDED and PARTICIPATED in HORRIFIC Medical Experimentation… https://t.co/pxXGT2yZ9Y",liz_churchill10,Liz Churchill,Thu Mar 06 14:04:54 +0000 2025,1176,2517
1894930965476098178,"A skull of a man with Proteus syndrome, a rare condition characterized by overgrowth of bones, skin, muscles, fatty tissues, and blood and lymphatic vessels.

What are some other weird medical conditions you've ever heard of? https://t.co/HLAa6IWlPq",interesting_aIl,Interesting As Fuck,Thu Feb 27 02:02:02 +0000 2025,4867,124269
1896253342948716785,"My mother has cancer. And I need her alive.
and I’m desperate to get her the treatment she needs to survive. I don’t have the means to cover her medical costs, and I can’t imagine a life where she’s not here to see me succeed.  

https://t.co/WdhShBdEzv https://t.co/WVZupmrcRR",ghenetehga,tega,Sun Mar 02 17:36:42 +0000 2025,10446,6371
1896542174273208451,"From glowing skin to glowing energy, @bini_ph is always ready to bring out their A-game! ✨ 

Go behind the scenes and see how #BeloADVALight keeps their skin flawless, on and off camera. 🎥🌟

#BeloxBini #BINIforADVALight

Book now: https://t.co/cC1dpTIgcd https://t.co/IDqkNcKWdV",belobeauty,Belo Medical Group,Mon Mar 03 12:44:25 +0000 2025,2682,7856
1895206242966216912,"If you have a product or service that we can patronise and you are a:

Doctor
Medical student
Dental student
Nurse
‘Murse’
Pharmacist
HCW

Drop the details in the CS.
Let’s buy market. https://t.co/TBRqb04tqr",Nigerian_Doctor,Nigerian Doctor,Thu Feb 27 20:15:54 +0000 2025,61,207
1897316288474562790,"I need your help. 

President Trump wants to sign to a bill that criminalizes the transing of our children.

My bill, Protect Children’s Innocence Act, makes it a crime for the medical industry to prey on kids and make billions removing their genitals.

Congress moves too slow, https://t.co/VVcHvbssD3",RepMTG,Rep. Marjorie Taylor Greene🇺🇸,Wed Mar 05 16:00:28 +0000 2025,17860,70202
1897707491531604304,"hbo max’s The Pitt addressing weight bias in the medical field

I am so impressed at this choice and how they handled it wow this was totally unexpected, so amazing to see on my screen, they got a fan in me for life https://t.co/Qnarq8B4ol",fatfabfeminist,fat!so?,Thu Mar 06 17:54:58 +0000 2025,379,7876
1895378560430592393,"Nurse from Florida caught accepting tips from patients in exchange for extra meals, medicine, and other supplies at a Miami hospital. Should tipping culture extend to medical services? https://t.co/q8dfRHNti8",Biiiiigridwan,Oscar 🦅,Fri Feb 28 07:40:37 +0000 2025,419,852
1896191163012620536,me and the weird bitch i pulled through medical malpractice and cannibalism https://t.co/5gUfrlCco5,hdfrstsld,Nonie ♡ RDC7 🀄,Sun Mar 02 13:29:37 +0000 2025,1411,10160
1897152387393187996,A bloodless and clean cut on the hand through the epidermis exposes the blood vessels underneath https://t.co/xOqW5mEGkc,medi_cosity,Medical Encyclopaedia,Wed Mar 05 05:09:11 +0000 2025,238,3557
1896236834235277780,بعد الفطور مذاكرة علطول https://t.co/cbqgJYrqZd,Medical33894907,Medical Memes 🇸🇦🇯🇴,Sun Mar 02 16:31:06 +0000 2025,3091,26296
1897323792407691299,هل بكيت يومًا بسبب الدراسة؟ https://t.co/h2jmiFTEwS,Medical33894907,Medical Memes 🇸🇦🇯🇴,Wed Mar 05 16:30:17 +0000 2025,42,3896
1897152774632267782,These are the operative photos of a 5 hour scoliosis correction/alignment surgery done in an 18-year-old female that was found to have idiopathic scoliosis when was 14. https://t.co/tKunUV808e,medi_cosity,Medical Encyclopaedia,Wed Mar 05 05:10:43 +0000 2025,265,3739
1895421255991640331,"It's their time to step into the spotlight. Blink twice, and you might miss it. 👀✨ Are you ready?

𝗖𝗼𝗺𝗶𝗻𝗴 𝘀𝗼𝗼𝗻. 
𝟬𝟯.𝟬𝟭.𝟮𝟬𝟮𝟱. https://t.co/6dAz6XcVfz",belobeauty,Belo Medical Group,Fri Feb 28 10:30:17 +0000 2025,3075,11855
1895505332857925864,رمضان كريم https://t.co/K6GlogY4aW,Medical33894907,Medical Memes 🇸🇦🇯🇴,Fri Feb 28 16:04:22 +0000 2025,1454,13710
1896416955332223292,The Trauma Code on netflix is so good guys. Reminds me how much we need to appreciate our docs and nurses and everyone working in medical field🙏🏻 bless yall fr https://t.co/7JbViPD7ec,_bigmatthewww,BM,Mon Mar 03 04:26:50 +0000 2025,112,1772
1894865458794315784,How to choose a medical specialty (from reddit): https://t.co/Okq7D7bU2l,mhjrad,Michael Justus,Wed Feb 26 21:41:44 +0000 2025,943,6491
1897649595972223109,"Jeffrey Epstein, Bill Gates and Dr. Fauci FUNDED and PARTICIPATED in HORRIFIC Medical Experimentation… https://t.co/pxXGT2yZ9Y",liz_churchill10,Liz Churchill,Thu Mar 06 14:04:54 +0000 2025,1176,2517
1894930965476098178,"A skull of a man with Proteus syndrome, a rare condition characterized by overgrowth of bones, skin, muscles, fatty tissues, and blood and lymphatic vessels.

What are some other weird medical conditions you've ever heard of? https://t.co/HLAa6IWlPq",interesting_aIl,Interesting As Fuck,Thu Feb 27 02:02:02 +0000 2025,4867,124269
1896253342948716785,"My mother has cancer. And I need her alive.
and I’m desperate to get her the treatment she needs to survive. I don’t have the means to cover her medical costs, and I can’t imagine a life where she’s not here to see me succeed.  

https://t.co/WdhShBdEzv https://t.co/WVZupmrcRR",ghenetehga,tega,Sun Mar 02 17:36:42 +0000 2025,10446,6371
1896542174273208451,"From glowing skin to glowing energy, @bini_ph is always ready to bring out their A-game! ✨ 

Go behind the scenes and see how #BeloADVALight keeps their skin flawless, on and off camera. 🎥🌟

#BeloxBini #BINIforADVALight

Book now: https://t.co/cC1dpTIgcd https://t.co/IDqkNcKWdV",belobeauty,Belo Medical Group,Mon Mar 03 12:44:25 +0000 2025,2682,7856
1895206242966216912,"If you have a product or service that we can patronise and you are a:

Doctor
Medical student
Dental student
Nurse
‘Murse’
Pharmacist
HCW

Drop the details in the CS.
Let’s buy market. https://t.co/TBRqb04tqr",Nigerian_Doctor,Nigerian Doctor,Thu Feb 27 20:15:54 +0000 2025,61,207
1897316288474562790,"I need your help. 

President Trump wants to sign to a bill that criminalizes the transing of our children.

My bill, Protect Children’s Innocence Act, makes it a crime for the medical industry to prey on kids and make billions removing their genitals.

Congress moves too slow, https://t.co/VVcHvbssD3",RepMTG,Rep. Marjorie Taylor Greene🇺🇸,Wed Mar 05 16:00:28 +0000 2025,17860,70202
1897707491531604304,"hbo max’s The Pitt addressing weight bias in the medical field

I am so impressed at this choice and how they handled it wow this was totally unexpected, so amazing to see on my screen, they got a fan in me for life https://t.co/Qnarq8B4ol",fatfabfeminist,fat!so?,Thu Mar 06 17:54:58 +0000 2025,379,7876
1895378560430592393,"Nurse from Florida caught accepting tips from patients in exchange for extra meals, medicine, and other supplies at a Miami hospital. Should tipping culture extend to medical services? https://t.co/q8dfRHNti8",Biiiiigridwan,Oscar 🦅,Fri Feb 28 07:40:37 +0000 2025,419,852
1896191163012620536,me and the weird bitch i pulled through medical malpractice and cannibalism https://t.co/5gUfrlCco5,hdfrstsld,Nonie ♡ RDC7 🀄,Sun Mar 02 13:29:37 +0000 2025,1411,10160
1894841856405512413,Don't wait until it's too late! Recognize the symptoms of kidney failure and red flags that require immediate medical attention👇👇👇 https://t.co/7Q9IyO91yo,Artofphysique_,ᴀʀᴛ ᴏꜰ ᴘʜʏꜱɪQᴜᴇ,Wed Feb 26 20:07:57 +0000 2025,118,321
1897152387393187996,A bloodless and clean cut on the hand through the epidermis exposes the blood vessels underneath https://t.co/xOqW5mEGkc,medi_cosity,Medical Encyclopaedia,Wed Mar 05 05:09:11 +0000 2025,238,3557
1896236834235277780,بعد الفطور مذاكرة علطول https://t.co/cbqgJYrqZd,Medical33894907,Medical Memes 🇸🇦🇯🇴,Sun Mar 02 16:31:06 +0000 2025,3091,26296
1897152774632267782,These are the operative photos of a 5 hour scoliosis correction/alignment surgery done in an 18-year-old female that was found to have idiopathic scoliosis when was 14. https://t.co/tKunUV808e,medi_cosity,Medical Encyclopaedia,Wed Mar 05 05:10:43 +0000 2025,265,3739
1897323792407691299,هل بكيت يومًا بسبب الدراسة؟ https://t.co/h2jmiFTEwS,Medical33894907,Medical Memes 🇸🇦🇯🇴,Wed Mar 05 16:30:17 +0000 2025,42,3896
1895421255991640331,"It's their time to step into the spotlight. Blink twice, and you might miss it. 👀✨ Are you ready?

𝗖𝗼𝗺𝗶𝗻𝗴 𝘀𝗼𝗼𝗻. 
𝟬𝟯.𝟬𝟭.𝟮𝟬𝟮𝟱. https://t.co/6dAz6XcVfz",belobeauty,Belo Medical Group,Fri Feb 28 10:30:17 +0000 2025,3075,11855
1895505332857925864,رمضان كريم https://t.co/K6GlogY4aW,Medical33894907,Medical Memes 🇸🇦🇯🇴,Fri Feb 28 16:04:22 +0000 2025,1454,13710
1896416955332223292,The Trauma Code on netflix is so good guys. Reminds me how much we need to appreciate our docs and nurses and everyone working in medical field🙏🏻 bless yall fr https://t.co/7JbViPD7ec,_bigmatthewww,BM,Mon Mar 03 04:26:50 +0000 2025,112,1772
1894865458794315784,How to choose a medical specialty (from reddit): https://t.co/Okq7D7bU2l,mhjrad,Michael Justus,Wed Feb 26 21:41:44 +0000 2025,943,6491
1897649595972223109,"Jeffrey Epstein, Bill Gates and Dr. Fauci FUNDED and PARTICIPATED in HORRIFIC Medical Experimentation… https://t.co/pxXGT2yZ9Y",liz_churchill10,Liz Churchill,Thu Mar 06 14:04:54 +0000 2025,1176,2517
1894930965476098178,"A skull of a man with Proteus syndrome, a rare condition characterized by overgrowth of bones, skin, muscles, fatty tissues, and blood and lymphatic vessels.

What are some other weird medical conditions you've ever heard of? https://t.co/HLAa6IWlPq",interesting_aIl,Interesting As Fuck,Thu Feb 27 02:02:02 +0000 2025,4867,124269
1896253342948716785,"My mother has cancer. And I need her alive.
and I’m desperate to get her the treatment she needs to survive. I don’t have the means to cover her medical costs, and I can’t imagine a life where she’s not here to see me succeed.  

https://t.co/WdhShBdEzv https://t.co/WVZupmrcRR",ghenetehga,tega,Sun Mar 02 17:36:42 +0000 2025,10446,6371
1896542174273208451,"From glowing skin to glowing energy, @bini_ph is always ready to bring out their A-game! ✨ 

Go behind the scenes and see how #BeloADVALight keeps their skin flawless, on and off camera. 🎥🌟

#BeloxBini #BINIforADVALight

Book now: https://t.co/cC1dpTIgcd https://t.co/IDqkNcKWdV",belobeauty,Belo Medical Group,Mon Mar 03 12:44:25 +0000 2025,2682,7856
1895206242966216912,"If you have a product or service that we can patronise and you are a:

Doctor
Medical student
Dental student
Nurse
‘Murse’
Pharmacist
HCW

Drop the details in the CS.
Let’s buy market. https://t.co/TBRqb04tqr",Nigerian_Doctor,Nigerian Doctor,Thu Feb 27 20:15:54 +0000 2025,61,207
1897316288474562790,"I need your help. 

President Trump wants to sign to a bill that criminalizes the transing of our children.

My bill, Protect Children’s Innocence Act, makes it a crime for the medical industry to prey on kids and make billions removing their genitals.

Congress moves too slow, https://t.co/VVcHvbssD3",RepMTG,Rep. Marjorie Taylor Greene🇺🇸,Wed Mar 05 16:00:28 +0000 2025,17860,70202
1897707491531604304,"hbo max’s The Pitt addressing weight bias in the medical field

I am so impressed at this choice and how they handled it wow this was totally unexpected, so amazing to see on my screen, they got a fan in me for life https://t.co/Qnarq8B4ol",fatfabfeminist,fat!so?,Thu Mar 06 17:54:58 +0000 2025,379,7876
1895378560430592393,"Nurse from Florida caught accepting tips from patients in exchange for extra meals, medicine, and other supplies at a Miami hospital. Should tipping culture extend to medical services? https://t.co/q8dfRHNti8",Biiiiigridwan,Oscar 🦅,Fri Feb 28 07:40:37 +0000 2025,419,852
1896191163012620536,me and the weird bitch i pulled through medical malpractice and cannibalism https://t.co/5gUfrlCco5,hdfrstsld,Nonie ♡ RDC7 🀄,Sun Mar 02 13:29:37 +0000 2025,1411,10160
1894841856405512413,Don't wait until it's too late! Recognize the symptoms of kidney failure and red flags that require immediate medical attention👇👇👇 https://t.co/7Q9IyO91yo,Artofphysique_,ᴀʀᴛ ᴏꜰ ᴘʜʏꜱɪQᴜᴇ,Wed Feb 26 20:07:57 +0000 2025,118,321
1897152387393187996,A bloodless and clean cut on the hand through the epidermis exposes the blood vessels underneath https://t.co/xOqW5mEGkc,medi_cosity,Medical Encyclopaedia,Wed Mar 05 05:09:11 +0000 2025,238,3555
1897152774632267782,These are the operative photos of a 5 hour scoliosis correction/alignment surgery done in an 18-year-old female that was found to have idiopathic scoliosis when was 14. https://t.co/tKunUV808e,medi_cosity,Medical Encyclopaedia,Wed Mar 05 05:10:43 +0000 2025,265,3740
1897323792407691299,هل بكيت يومًا بسبب الدراسة؟ https://t.co/h2jmiFTEwS,Medical33894907,Medical Memes 🇸🇦🇯🇴,Wed Mar 05 16:30:17 +0000 2025,42,3895
1895421255991640331,"It's their time to step into the spotlight. Blink twice, and you might miss it. 👀✨ Are you ready?

𝗖𝗼𝗺𝗶𝗻𝗴 𝘀𝗼𝗼𝗻. 
𝟬𝟯.𝟬𝟭.𝟮𝟬𝟮𝟱. https://t.co/6dAz6XcVfz",belobeauty,Belo Medical Group,Fri Feb 28 10:30:17 +0000 2025,3075,11854
1896236834235277780,بعد الفطور مذاكرة علطول https://t.co/cbqgJYrqZd,Medical33894907,Medical Memes 🇸🇦🇯🇴,Sun Mar 02 16:31:06 +0000 2025,3092,26295
1895505332857925864,رمضان كريم https://t.co/K6GlogY4aW,Medical33894907,Medical Memes 🇸🇦🇯🇴,Fri Feb 28 16:04:22 +0000 2025,1454,13710
1894865458794315784,How to choose a medical specialty (from reddit): https://t.co/Okq7D7bU2l,mhjrad,Michael Justus,Wed Feb 26 21:41:44 +0000 2025,943,6490
1894930965476098178,"A skull of a man with Proteus syndrome, a rare condition characterized by overgrowth of bones, skin, muscles, fatty tissues, and blood and lymphatic vessels.

What are some other weird medical conditions you've ever heard of? https://t.co/HLAa6IWlPq",interesting_aIl,Interesting As Fuck,Thu Feb 27 02:02:02 +0000 2025,4867,124268
1896416955332223292,The Trauma Code on netflix is so good guys. Reminds me how much we need to appreciate our docs and nurses and everyone working in medical field🙏🏻 bless yall fr https://t.co/7JbViPD7ec,_bigmatthewww,BM,Mon Mar 03 04:26:50 +0000 2025,112,1772
1897316288474562790,"I need your help. 

President Trump wants to sign to a bill that criminalizes the transing of our children.

My bill, Protect Children’s Innocence Act, makes it a crime for the medical industry to prey on kids and make billions removing their genitals.

Congress moves too slow, https://t.co/VVcHvbssD3",RepMTG,Rep. Marjorie Taylor Greene🇺🇸,Wed Mar 05 16:00:28 +0000 2025,17860,70202
1895378560430592393,"Nurse from Florida caught accepting tips from patients in exchange for extra meals, medicine, and other supplies at a Miami hospital. Should tipping culture extend to medical services? https://t.co/q8dfRHNti8",Biiiiigridwan,Oscar 🦅,Fri Feb 28 07:40:37 +0000 2025,419,852
1897649595972223109,"Jeffrey Epstein, Bill Gates and Dr. Fauci FUNDED and PARTICIPATED in HORRIFIC Medical Experimentation… https://t.co/pxXGT2yZ9Y",liz_churchill10,Liz Churchill,Thu Mar 06 14:04:54 +0000 2025,1176,2517
1897275122534273483,"I have decided to sue the Department of Health, USAID, and my medical doctor for not warning me/us about the side effects of circumcision. I will let you guys know how it goes. This is important to stop this mutilation of men which is now aimed at unsuspecting school boys.

I'm https://t.co/daPDDQkJTO",Abednego082,Abednego,Wed Mar 05 13:16:53 +0000 2025,445,1605
1896542174273208451,"From glowing skin to glowing energy, @bini_ph is always ready to bring out their A-game! ✨ 

Go behind the scenes and see how #BeloADVALight keeps their skin flawless, on and off camera. 🎥🌟

#BeloxBini #BINIforADVALight

Book now: https://t.co/cC1dpTIgcd https://t.co/IDqkNcKWdV",belobeauty,Belo Medical Group,Mon Mar 03 12:44:25 +0000 2025,2682,7857
1895206242966216912,"If you have a product or service that we can patronise and you are a:

Doctor
Medical student
Dental student
Nurse
‘Murse’
Pharmacist
HCW

Drop the details in the CS.
Let’s buy market. https://t.co/TBRqb04tqr",Nigerian_Doctor,Nigerian Doctor,Thu Feb 27 20:15:54 +0000 2025,61,207
1895911895636590698,Medical Aid Members come this side https://t.co/OUbgZYKVWn,Thisthat_Acadmy,Vuka Africa,Sat Mar 01 18:59:54 +0000 2025,910,2806
1897707491531604304,"hbo max’s The Pitt addressing weight bias in the medical field

I am so impressed at this choice and how they handled it wow this was totally unexpected, so amazing to see on my screen, they got a fan in me for life https://t.co/Qnarq8B4ol",fatfabfeminist,fat!so?,Thu Mar 06 17:54:58 +0000 2025,379,7876
1896191163012620536,me and the weird bitch i pulled through medical malpractice and cannibalism https://t.co/5gUfrlCco5,hdfrstsld,Nonie ♡ RDC7 🀄,Sun Mar 02 13:29:37 +0000 2025,1411,10160
1897152387393187996,A bloodless and clean cut on the hand through the epidermis exposes the blood vessels underneath https://t.co/xOqW5mEGkc,medi_cosity,Medical Encyclopaedia,Wed Mar 05 05:09:11 +0000 2025,238,3555
1897152774632267782,These are the operative photos of a 5 hour scoliosis correction/alignment surgery done in an 18-year-old female that was found to have idiopathic scoliosis when was 14. https://t.co/tKunUV808e,medi_cosity,Medical Encyclopaedia,Wed Mar 05 05:10:43 +0000 2025,265,3740
1897323792407691299,هل بكيت يومًا بسبب الدراسة؟ https://t.co/h2jmiFTEwS,Medical33894907,Medical Memes 🇸🇦🇯🇴,Wed Mar 05 16:30:17 +0000 2025,42,3895
1895421255991640331,"It's their time to step into the spotlight. Blink twice, and you might miss it. 👀✨ Are you ready?

𝗖𝗼𝗺𝗶𝗻𝗴 𝘀𝗼𝗼𝗻. 
𝟬𝟯.𝟬𝟭.𝟮𝟬𝟮𝟱. https://t.co/6dAz6XcVfz",belobeauty,Belo Medical Group,Fri Feb 28 10:30:17 +0000 2025,3075,11854
1896236834235277780,بعد الفطور مذاكرة علطول https://t.co/cbqgJYrqZd,Medical33894907,Medical Memes 🇸🇦🇯🇴,Sun Mar 02 16:31:06 +0000 2025,3092,26295
1895505332857925864,رمضان كريم https://t.co/K6GlogY4aW,Medical33894907,Medical Memes 🇸🇦🇯🇴,Fri Feb 28 16:04:22 +0000 2025,1454,13710
1894865458794315784,How to choose a medical specialty (from reddit): https://t.co/Okq7D7bU2l,mhjrad,Michael Justus,Wed Feb 26 21:41:44 +0000 2025,943,6490
1894930965476098178,"A skull of a man with Proteus syndrome, a rare condition characterized by overgrowth of bones, skin, muscles, fatty tissues, and blood and lymphatic vessels.

What are some other weird medical conditions you've ever heard of? https://t.co/HLAa6IWlPq",interesting_aIl,Interesting As Fuck,Thu Feb 27 02:02:02 +0000 2025,4867,124268
1896416955332223292,The Trauma Code on netflix is so good guys. Reminds me how much we need to appreciate our docs and nurses and everyone working in medical field🙏🏻 bless yall fr https://t.co/7JbViPD7ec,_bigmatthewww,BM,Mon Mar 03 04:26:50 +0000 2025,112,1772
1897316288474562790,"I need your help. 

President Trump wants to sign to a bill that criminalizes the transing of our children.

My bill, Protect Children’s Innocence Act, makes it a crime for the medical industry to prey on kids and make billions removing their genitals.

Congress moves too slow, https://t.co/VVcHvbssD3",RepMTG,Rep. Marjorie Taylor Greene🇺🇸,Wed Mar 05 16:00:28 +0000 2025,17860,70202
1895378560430592393,"Nurse from Florida caught accepting tips from patients in exchange for extra meals, medicine, and other supplies at a Miami hospital. Should tipping culture extend to medical services? https://t.co/q8dfRHNti8",Biiiiigridwan,Oscar 🦅,Fri Feb 28 07:40:37 +0000 2025,419,852
1897649595972223109,"Jeffrey Epstein, Bill Gates and Dr. Fauci FUNDED and PARTICIPATED in HORRIFIC Medical Experimentation… https://t.co/pxXGT2yZ9Y",liz_churchill10,Liz Churchill,Thu Mar 06 14:04:54 +0000 2025,1176,2517
1897275122534273483,"I have decided to sue the Department of Health, USAID, and my medical doctor for not warning me/us about the side effects of circumcision. I will let you guys know how it goes. This is important to stop this mutilation of men which is now aimed at unsuspecting school boys.

I'm https://t.co/daPDDQkJTO",Abednego082,Abednego,Wed Mar 05 13:16:53 +0000 2025,445,1605
1896542174273208451,"From glowing skin to glowing energy, @bini_ph is always ready to bring out their A-game! ✨ 

Go behind the scenes and see how #BeloADVALight keeps their skin flawless, on and off camera. 🎥🌟

#BeloxBini #BINIforADVALight

Book now: https://t.co/cC1dpTIgcd https://t.co/IDqkNcKWdV",belobeauty,Belo Medical Group,Mon Mar 03 12:44:25 +0000 2025,2682,7857
1895206242966216912,"If you have a product or service that we can patronise and you are a:

Doctor
Medical student
Dental student
Nurse
‘Murse’
Pharmacist
HCW

Drop the details in the CS.
Let’s buy market. https://t.co/TBRqb04tqr",Nigerian_Doctor,Nigerian Doctor,Thu Feb 27 20:15:54 +0000 2025,61,207
1895911895636590698,Medical Aid Members come this side https://t.co/OUbgZYKVWn,Thisthat_Acadmy,Vuka Africa,Sat Mar 01 18:59:54 +0000 2025,910,2806
1897707491531604304,"hbo max’s The Pitt addressing weight bias in the medical field

I am so impressed at this choice and how they handled it wow this was totally unexpected, so amazing to see on my screen, they got a fan in me for life https://t.co/Qnarq8B4ol",fatfabfeminist,fat!so?,Thu Mar 06 17:54:58 +0000 2025,379,7876
1896191163012620536,me and the weird bitch i pulled through medical malpractice and cannibalism https://t.co/5gUfrlCco5,hdfrstsld,Nonie ♡ RDC7 🀄,Sun Mar 02 13:29:37 +0000 2025,1411,10160
1897152387393187996,A bloodless and clean cut on the hand through the epidermis exposes the blood vessels underneath https://t.co/xOqW5mEGkc,medi_cosity,Medical Encyclopaedia,Wed Mar 05 05:09:11 +0000 2025,238,3557
1896236834235277780,بعد الفطور مذاكرة علطول https://t.co/cbqgJYrqZd,Medical33894907,Medical Memes 🇸🇦🇯🇴,Sun Mar 02 16:31:06 +0000 2025,3091,26296
1897152774632267782,These are the operative photos of a 5 hour scoliosis correction/alignment surgery done in an 18-year-old female that was found to have idiopathic scoliosis when was 14. https://t.co/tKunUV808e,medi_cosity,Medical Encyclopaedia,Wed Mar 05 05:10:43 +0000 2025,265,3739
1897323792407691299,هل بكيت يومًا بسبب الدراسة؟ https://t.co/h2jmiFTEwS,Medical33894907,Medical Memes 🇸🇦🇯🇴,Wed Mar 05 16:30:17 +0000 2025,42,3896
1895421255991640331,"It's their time to step into the spotlight. Blink twice, and you might miss it. 👀✨ Are you ready?

𝗖𝗼𝗺𝗶𝗻𝗴 𝘀𝗼𝗼𝗻. 
𝟬𝟯.𝟬𝟭.𝟮𝟬𝟮𝟱. https://t.co/6dAz6XcVfz",belobeauty,Belo Medical Group,Fri Feb 28 10:30:17 +0000 2025,3075,11855
1895505332857925864,رمضان كريم https://t.co/K6GlogY4aW,Medical33894907,Medical Memes 🇸🇦🇯🇴,Fri Feb 28 16:04:22 +0000 2025,1454,13710
1896416955332223292,The Trauma Code on netflix is so good guys. Reminds me how much we need to appreciate our docs and nurses and everyone working in medical field🙏🏻 bless yall fr https://t.co/7JbViPD7ec,_bigmatthewww,BM,Mon Mar 03 04:26:50 +0000 2025,112,1772
1894865458794315784,How to choose a medical specialty (from reddit): https://t.co/Okq7D7bU2l,mhjrad,Michael Justus,Wed Feb 26 21:41:44 +0000 2025,943,6491
1897649595972223109,"Jeffrey Epstein, Bill Gates and Dr. Fauci FUNDED and PARTICIPATED in HORRIFIC Medical Experimentation… https://t.co/pxXGT2yZ9Y",liz_churchill10,Liz Churchill,Thu Mar 06 14:04:54 +0000 2025,1176,2517
1894930965476098178,"A skull of a man with Proteus syndrome, a rare condition characterized by overgrowth of bones, skin, muscles, fatty tissues, and blood and lymphatic vessels.

What are some other weird medical conditions you've ever heard of? https://t.co/HLAa6IWlPq",interesting_aIl,Interesting As Fuck,Thu Feb 27 02:02:02 +0000 2025,4867,124269
1896253342948716785,"My mother has cancer. And I need her alive.
and I’m desperate to get her the treatment she needs to survive. I don’t have the means to cover her medical costs, and I can’t imagine a life where she’s not here to see me succeed.  

https://t.co/WdhShBdEzv https://t.co/WVZupmrcRR",ghenetehga,tega,Sun Mar 02 17:36:42 +0000 2025,10446,6371
1896542174273208451,"From glowing skin to glowing energy, @bini_ph is always ready to bring out their A-game! ✨ 

Go behind the scenes and see how #BeloADVALight keeps their skin flawless, on and off camera. 🎥🌟

#BeloxBini #BINIforADVALight

Book now: https://t.co/cC1dpTIgcd https://t.co/IDqkNcKWdV",belobeauty,Belo Medical Group,Mon Mar 03 12:44:25 +0000 2025,2682,7856
1895206242966216912,"If you have a product or service that we can patronise and you are a:

Doctor
Medical student
Dental student
Nurse
‘Murse’
Pharmacist
HCW

Drop the details in the CS.
Let’s buy market. https://t.co/TBRqb04tqr",Nigerian_Doctor,Nigerian Doctor,Thu Feb 27 20:15:54 +0000 2025,61,207
1897316288474562790,"I need your help. 

President Trump wants to sign to a bill that criminalizes the transing of our children.

My bill, Protect Children’s Innocence Act, makes it a crime for the medical industry to prey on kids and make billions removing their genitals.

Congress moves too slow, https://t.co/VVcHvbssD3",RepMTG,Rep. Marjorie Taylor Greene🇺🇸,Wed Mar 05 16:00:28 +0000 2025,17860,70202
1897707491531604304,"hbo max’s The Pitt addressing weight bias in the medical field

I am so impressed at this choice and how they handled it wow this was totally unexpected, so amazing to see on my screen, they got a fan in me for life https://t.co/Qnarq8B4ol",fatfabfeminist,fat!so?,Thu Mar 06 17:54:58 +0000 2025,379,7876
1895378560430592393,"Nurse from Florida caught accepting tips from patients in exchange for extra meals, medicine, and other supplies at a Miami hospital. Should tipping culture extend to medical services? https://t.co/q8dfRHNti8",Biiiiigridwan,Oscar 🦅,Fri Feb 28 07:40:37 +0000 2025,419,852
1896191163012620536,me and the weird bitch i pulled through medical malpractice and cannibalism https://t.co/5gUfrlCco5,hdfrstsld,Nonie ♡ RDC7 🀄,Sun Mar 02 13:29:37 +0000 2025,1411,10160
1894841856405512413,Don't wait until it's too late! Recognize the symptoms of kidney failure and red flags that require immediate medical attention👇👇👇 https://t.co/7Q9IyO91yo,Artofphysique_,ᴀʀᴛ ᴏꜰ ᴘʜʏꜱɪQᴜᴇ,Wed Feb 26 20:07:57 +0000 2025,118,321
1897152387393187996,A bloodless and clean cut on the hand through the epidermis exposes the blood vessels underneath https://t.co/xOqW5mEGkc,medi_cosity,Medical Encyclopaedia,Wed Mar 05 05:09:11 +0000 2025,238,3555
1897152774632267782,These are the operative photos of a 5 hour scoliosis correction/alignment surgery done in an 18-year-old female that was found to have idiopathic scoliosis when was 14. https://t.co/tKunUV808e,medi_cosity,Medical Encyclopaedia,Wed Mar 05 05:10:43 +0000 2025,265,3740
1897323792407691299,هل بكيت يومًا بسبب الدراسة؟ https://t.co/h2jmiFTEwS,Medical33894907,Medical Memes 🇸🇦🇯🇴,Wed Mar 05 16:30:17 +0000 2025,42,3895
1895421255991640331,"It's their time to step into the spotlight. Blink twice, and you might miss it. 👀✨ Are you ready?

𝗖𝗼𝗺𝗶𝗻𝗴 𝘀𝗼𝗼𝗻. 
𝟬𝟯.𝟬𝟭.𝟮𝟬𝟮𝟱. https://t.co/6dAz6XcVfz",belobeauty,Belo Medical Group,Fri Feb 28 10:30:17 +0000 2025,3075,11854
1896236834235277780,بعد الفطور مذاكرة علطول https://t.co/cbqgJYrqZd,Medical33894907,Medical Memes 🇸🇦🇯🇴,Sun Mar 02 16:31:06 +0000 2025,3092,26295
1895505332857925864,رمضان كريم https://t.co/K6GlogY4aW,Medical33894907,Medical Memes 🇸🇦🇯🇴,Fri Feb 28 16:04:22 +0000 2025,1454,13710
1894865458794315784,How to choose a medical specialty (from reddit): https://t.co/Okq7D7bU2l,mhjrad,Michael Justus,Wed Feb 26 21:41:44 +0000 2025,943,6490
1894930965476098178,"A skull of a man with Proteus syndrome, a rare condition characterized by overgrowth of bones, skin, muscles, fatty tissues, and blood and lymphatic vessels.

What are some other weird medical conditions you've ever heard of? https://t.co/HLAa6IWlPq",interesting_aIl,Interesting As Fuck,Thu Feb 27 02:02:02 +0000 2025,4867,124268
1896416955332223292,The Trauma Code on netflix is so good guys. Reminds me how much we need to appreciate our docs and nurses and everyone working in medical field🙏🏻 bless yall fr https://t.co/7JbViPD7ec,_bigmatthewww,BM,Mon Mar 03 04:26:50 +0000 2025,112,1772
1897316288474562790,"I need your help. 

President Trump wants to sign to a bill that criminalizes the transing of our children.

My bill, Protect Children’s Innocence Act, makes it a crime for the medical industry to prey on kids and make billions removing their genitals.

Congress moves too slow, https://t.co/VVcHvbssD3",RepMTG,Rep. Marjorie Taylor Greene🇺🇸,Wed Mar 05 16:00:28 +0000 2025,17860,70202
1895378560430592393,"Nurse from Florida caught accepting tips from patients in exchange for extra meals, medicine, and other supplies at a Miami hospital. Should tipping culture extend to medical services? https://t.co/q8dfRHNti8",Biiiiigridwan,Oscar 🦅,Fri Feb 28 07:40:37 +0000 2025,419,852
1897649595972223109,"Jeffrey Epstein, Bill Gates and Dr. Fauci FUNDED and PARTICIPATED in HORRIFIC Medical Experimentation… https://t.co/pxXGT2yZ9Y",liz_churchill10,Liz Churchill,Thu Mar 06 14:04:54 +0000 2025,1176,2517
1897275122534273483,"I have decided to sue the Department of Health, USAID, and my medical doctor for not warning me/us about the side effects of circumcision. I will let you guys know how it goes. This is important to stop this mutilation of men which is now aimed at unsuspecting school boys.

I'm https://t.co/daPDDQkJTO",Abednego082,Abednego,Wed Mar 05 13:16:53 +0000 2025,445,1605
1896542174273208451,"From glowing skin to glowing energy, @bini_ph is always ready to bring out their A-game! ✨ 

Go behind the scenes and see how #BeloADVALight keeps their skin flawless, on and off camera. 🎥🌟

#BeloxBini #BINIforADVALight

Book now: https://t.co/cC1dpTIgcd https://t.co/IDqkNcKWdV",belobeauty,Belo Medical Group,Mon Mar 03 12:44:25 +0000 2025,2682,7857
1895206242966216912,"If you have a product or service that we can patronise and you are a:

Doctor
Medical student
Dental student
Nurse
‘Murse’
Pharmacist
HCW

Drop the details in the CS.
Let’s buy market. https://t.co/TBRqb04tqr",Nigerian_Doctor,Nigerian Doctor,Thu Feb 27 20:15:54 +0000 2025,61,207
1895911895636590698,Medical Aid Members come this side https://t.co/OUbgZYKVWn,Thisthat_Acadmy,Vuka Africa,Sat Mar 01 18:59:54 +0000 2025,910,2806
1897707491531604304,"hbo max’s The Pitt addressing weight bias in the medical field

I am so impressed at this choice and how they handled it wow this was totally unexpected, so amazing to see on my screen, they got a fan in me for life https://t.co/Qnarq8B4ol",fatfabfeminist,fat!so?,Thu Mar 06 17:54:58 +0000 2025,379,7876
1896191163012620536,me and the weird bitch i pulled through medical malpractice and cannibalism https://t.co/5gUfrlCco5,hdfrstsld,Nonie ♡ RDC7 🀄,Sun Mar 02 13:29:37 +0000 2025,1411,10160
1897152387393187996,A bloodless and clean cut on the hand through the epidermis exposes the blood vessels underneath https://t.co/xOqW5mEGkc,medi_cosity,Medical Encyclopaedia,Wed Mar 05 05:09:11 +0000 2025,238,3555
1897152774632267782,These are the operative photos of a 5 hour scoliosis correction/alignment surgery done in an 18-year-old female that was found to have idiopathic scoliosis when was 14. https://t.co/tKunUV808e,medi_cosity,Medical Encyclopaedia,Wed Mar 05 05:10:43 +0000 2025,265,3740
1897323792407691299,هل بكيت يومًا بسبب الدراسة؟ https://t.co/h2jmiFTEwS,Medical33894907,Medical Memes 🇸🇦🇯🇴,Wed Mar 05 16:30:17 +0000 2025,42,3895
1895421255991640331,"It's their time to step into the spotlight. Blink twice, and you might miss it. 👀✨ Are you ready?

𝗖𝗼𝗺𝗶𝗻𝗴 𝘀𝗼𝗼𝗻. 
𝟬𝟯.𝟬𝟭.𝟮𝟬𝟮𝟱. https://t.co/6dAz6XcVfz",belobeauty,Belo Medical Group,Fri Feb 28 10:30:17 +0000 2025,3075,11854
1896236834235277780,بعد الفطور مذاكرة علطول https://t.co/cbqgJYrqZd,Medical33894907,Medical Memes 🇸🇦🇯🇴,Sun Mar 02 16:31:06 +0000 2025,3092,26295
1895505332857925864,رمضان كريم https://t.co/K6GlogY4aW,Medical33894907,Medical Memes 🇸🇦🇯🇴,Fri Feb 28 16:04:22 +0000 2025,1454,13710
1894865458794315784,How to choose a medical specialty (from reddit): https://t.co/Okq7D7bU2l,mhjrad,Michael Justus,Wed Feb 26 21:41:44 +0000 2025,943,6490
1894930965476098178,"A skull of a man with Proteus syndrome, a rare condition characterized by overgrowth of bones, skin, muscles, fatty tissues, and blood and lymphatic vessels.

What are some other weird medical conditions you've ever heard of? https://t.co/HLAa6IWlPq",interesting_aIl,Interesting As Fuck,Thu Feb 27 02:02:02 +0000 2025,4867,124268
1896416955332223292,The Trauma Code on netflix is so good guys. Reminds me how much we need to appreciate our docs and nurses and everyone working in medical field🙏🏻 bless yall fr https://t.co/7JbViPD7ec,_bigmatthewww,BM,Mon Mar 03 04:26:50 +0000 2025,112,1772
1897316288474562790,"I need your help. 

President Trump wants to sign to a bill that criminalizes the transing of our children.

My bill, Protect Children’s Innocence Act, makes it a crime for the medical industry to prey on kids and make billions removing their genitals.

Congress moves too slow, https://t.co/VVcHvbssD3",RepMTG,Rep. Marjorie Taylor Greene🇺🇸,Wed Mar 05 16:00:28 +0000 2025,17860,70202
1895378560430592393,"Nurse from Florida caught accepting tips from patients in exchange for extra meals, medicine, and other supplies at a Miami hospital. Should tipping culture extend to medical services? https://t.co/q8dfRHNti8",Biiiiigridwan,Oscar 🦅,Fri Feb 28 07:40:37 +0000 2025,419,852
1897649595972223109,"Jeffrey Epstein, Bill Gates and Dr. Fauci FUNDED and PARTICIPATED in HORRIFIC Medical Experimentation… https://t.co/pxXGT2yZ9Y",liz_churchill10,Liz Churchill,Thu Mar 06 14:04:54 +0000 2025,1176,2517
1897275122534273483,"I have decided to sue the Department of Health, USAID, and my medical doctor for not warning me/us about the side effects of circumcision. I will let you guys know how it goes. This is important to stop this mutilation of men which is now aimed at unsuspecting school boys.

I'm https://t.co/daPDDQkJTO",Abednego082,Abednego,Wed Mar 05 13:16:53 +0000 2025,445,1605
1896542174273208451,"From glowing skin to glowing energy, @bini_ph is always ready to bring out their A-game! ✨ 

Go behind the scenes and see how #BeloADVALight keeps their skin flawless, on and off camera. 🎥🌟

#BeloxBini #BINIforADVALight

Book now: https://t.co/cC1dpTIgcd https://t.co/IDqkNcKWdV",belobeauty,Belo Medical Group,Mon Mar 03 12:44:25 +0000 2025,2682,7857
1895206242966216912,"If you have a product or service that we can patronise and you are a:

Doctor
Medical student
Dental student
Nurse
‘Murse’
Pharmacist
HCW

Drop the details in the CS.
Let’s buy market. https://t.co/TBRqb04tqr",Nigerian_Doctor,Nigerian Doctor,Thu Feb 27 20:15:54 +0000 2025,61,207
1895911895636590698,Medical Aid Members come this side https://t.co/OUbgZYKVWn,Thisthat_Acadmy,Vuka Africa,Sat Mar 01 18:59:54 +0000 2025,910,2806
1897707491531604304,"hbo max’s The Pitt addressing weight bias in the medical field

I am so impressed at this choice and how they handled it wow this was totally unexpected, so amazing to see on my screen, they got a fan in me for life https://t.co/Qnarq8B4ol",fatfabfeminist,fat!so?,Thu Mar 06 17:54:58 +0000 2025,379,7876
1896191163012620536,me and the weird bitch i pulled through medical malpractice and cannibalism https://t.co/5gUfrlCco5,hdfrstsld,Nonie ♡ RDC7 🀄,Sun Mar 02 13:29:37 +0000 2025,1411,10160
1897152387393187996,A bloodless and clean cut on the hand through the epidermis exposes the blood vessels underneath https://t.co/xOqW5mEGkc,medi_cosity,Medical Encyclopaedia,Wed Mar 05 05:09:11 +0000 2025,238,3555
1897152774632267782,These are the operative photos of a 5 hour scoliosis correction/alignment surgery done in an 18-year-old female that was found to have idiopathic scoliosis when was 14. https://t.co/tKunUV808e,medi_cosity,Medical Encyclopaedia,Wed Mar 05 05:10:43 +0000 2025,265,3740
1897323792407691299,هل بكيت يومًا بسبب الدراسة؟ https://t.co/h2jmiFTEwS,Medical33894907,Medical Memes 🇸🇦🇯🇴,Wed Mar 05 16:30:17 +0000 2025,42,3895
1895421255991640331,"It's their time to step into the spotlight. Blink twice, and you might miss it. 👀✨ Are you ready?

𝗖𝗼𝗺𝗶𝗻𝗴 𝘀𝗼𝗼𝗻. 
𝟬𝟯.𝟬𝟭.𝟮𝟬𝟮𝟱. https://t.co/6dAz6XcVfz",belobeauty,Belo Medical Group,Fri Feb 28 10:30:17 +0000 2025,3075,11854
1896236834235277780,بعد الفطور مذاكرة علطول https://t.co/cbqgJYrqZd,Medical33894907,Medical Memes 🇸🇦🇯🇴,Sun Mar 02 16:31:06 +0000 2025,3092,26295
1895505332857925864,رمضان كريم https://t.co/K6GlogY4aW,Medical33894907,Medical Memes 🇸🇦🇯🇴,Fri Feb 28 16:04:22 +0000 2025,1454,13710
1894865458794315784,How to choose a medical specialty (from reddit): https://t.co/Okq7D7bU2l,mhjrad,Michael Justus,Wed Feb 26 21:41:44 +0000 2025,943,6490
1894930965476098178,"A skull of a man with Proteus syndrome, a rare condition characterized by overgrowth of bones, skin, muscles, fatty tissues, and blood and lymphatic vessels.

What are some other weird medical conditions you've ever heard of? https://t.co/HLAa6IWlPq",interesting_aIl,Interesting As Fuck,Thu Feb 27 02:02:02 +0000 2025,4867,124268
1896416955332223292,The Trauma Code on netflix is so good guys. Reminds me how much we need to appreciate our docs and nurses and everyone working in medical field🙏🏻 bless yall fr https://t.co/7JbViPD7ec,_bigmatthewww,BM,Mon Mar 03 04:26:50 +0000 2025,112,1772
1897316288474562790,"I need your help. 

President Trump wants to sign to a bill that criminalizes the transing of our children.

My bill, Protect Children’s Innocence Act, makes it a crime for the medical industry to prey on kids and make billions removing their genitals.

Congress moves too slow, https://t.co/VVcHvbssD3",RepMTG,Rep. Marjorie Taylor Greene🇺🇸,Wed Mar 05 16:00:28 +0000 2025,17860,70202
1895378560430592393,"Nurse from Florida caught accepting tips from patients in exchange for extra meals, medicine, and other supplies at a Miami hospital. Should tipping culture extend to medical services? https://t.co/q8dfRHNti8",Biiiiigridwan,Oscar 🦅,Fri Feb 28 07:40:37 +0000 2025,419,852
1897649595972223109,"Jeffrey Epstein, Bill Gates and Dr. Fauci FUNDED and PARTICIPATED in HORRIFIC Medical Experimentation… https://t.co/pxXGT2yZ9Y",liz_churchill10,Liz Churchill,Thu Mar 06 14:04:54 +0000 2025,1176,2517
1897275122534273483,"I have decided to sue the Department of Health, USAID, and my medical doctor for not warning me/us about the side effects of circumcision. I will let you guys know how it goes. This is important to stop this mutilation of men which is now aimed at unsuspecting school boys.

I'm https://t.co/daPDDQkJTO",Abednego082,Abednego,Wed Mar 05 13:16:53 +0000 2025,445,1605
1896542174273208451,"From glowing skin to glowing energy, @bini_ph is always ready to bring out their A-game! ✨ 

Go behind the scenes and see how #BeloADVALight keeps their skin flawless, on and off camera. 🎥🌟

#BeloxBini #BINIforADVALight

Book now: https://t.co/cC1dpTIgcd https://t.co/IDqkNcKWdV",belobeauty,Belo Medical Group,Mon Mar 03 12:44:25 +0000 2025,2682,7857
1895206242966216912,"If you have a product or service that we can patronise and you are a:

Doctor
Medical student
Dental student
Nurse
‘Murse’
Pharmacist
HCW

Drop the details in the CS.
Let’s buy market. https://t.co/TBRqb04tqr",Nigerian_Doctor,Nigerian Doctor,Thu Feb 27 20:15:54 +0000 2025,61,207
1895911895636590698,Medical Aid Members come this side https://t.co/OUbgZYKVWn,Thisthat_Acadmy,Vuka Africa,Sat Mar 01 18:59:54 +0000 2025,910,2806
1897707491531604304,"hbo max’s The Pitt addressing weight bias in the medical field

I am so impressed at this choice and how they handled it wow this was totally unexpected, so amazing to see on my screen, they got a fan in me for life https://t.co/Qnarq8B4ol",fatfabfeminist,fat!so?,Thu Mar 06 17:54:58 +0000 2025,379,7876
1896191163012620536,me and the weird bitch i pulled through medical malpractice and cannibalism https://t.co/5gUfrlCco5,hdfrstsld,Nonie ♡ RDC7 🀄,Sun Mar 02 13:29:37 +0000 2025,1411,10160
1897152387393187996,A bloodless and clean cut on the hand through the epidermis exposes the blood vessels underneath https://t.co/xOqW5mEGkc,medi_cosity,Medical Encyclopaedia,Wed Mar 05 05:09:11 +0000 2025,238,3557
1896236834235277780,بعد الفطور مذاكرة علطول https://t.co/cbqgJYrqZd,Medical33894907,Medical Memes 🇸🇦🇯🇴,Sun Mar 02 16:31:06 +0000 2025,3091,26296
1897152774632267782,These are the operative photos of a 5 hour scoliosis correction/alignment surgery done in an 18-year-old female that was found to have idiopathic scoliosis when was 14. https://t.co/tKunUV808e,medi_cosity,Medical Encyclopaedia,Wed Mar 05 05:10:43 +0000 2025,265,3739
1897323792407691299,هل بكيت يومًا بسبب الدراسة؟ https://t.co/h2jmiFTEwS,Medical33894907,Medical Memes 🇸🇦🇯🇴,Wed Mar 05 16:30:17 +0000 2025,42,3896
1895421255991640331,"It's their time to step into the spotlight. Blink twice, and you might miss it. 👀✨ Are you ready?

𝗖𝗼𝗺𝗶𝗻𝗴 𝘀𝗼𝗼𝗻. 
𝟬𝟯.𝟬𝟭.𝟮𝟬𝟮𝟱. https://t.co/6dAz6XcVfz",belobeauty,Belo Medical Group,Fri Feb 28 10:30:17 +0000 2025,3075,11855
1895505332857925864,رمضان كريم https://t.co/K6GlogY4aW,Medical33894907,Medical Memes 🇸🇦🇯🇴,Fri Feb 28 16:04:22 +0000 2025,1454,13710
1896416955332223292,The Trauma Code on netflix is so good guys. Reminds me how much we need to appreciate our docs and nurses and everyone working in medical field🙏🏻 bless yall fr https://t.co/7JbViPD7ec,_bigmatthewww,BM,Mon Mar 03 04:26:50 +0000 2025,112,1772
1894865458794315784,How to choose a medical specialty (from reddit): https://t.co/Okq7D7bU2l,mhjrad,Michael Justus,Wed Feb 26 21:41:44 +0000 2025,943,6491
1897649595972223109,"Jeffrey Epstein, Bill Gates and Dr. Fauci FUNDED and PARTICIPATED in HORRIFIC Medical Experimentation… https://t.co/pxXGT2yZ9Y",liz_churchill10,Liz Churchill,Thu Mar 06 14:04:54 +0000 2025,1176,2517
1894930965476098178,"A skull of a man with Proteus syndrome, a rare condition characterized by overgrowth of bones, skin, muscles, fatty tissues, and blood and lymphatic vessels.

What are some other weird medical conditions you've ever heard of? https://t.co/HLAa6IWlPq",interesting_aIl,Interesting As Fuck,Thu Feb 27 02:02:02 +0000 2025,4867,124269
1896253342948716785,"My mother has cancer. And I need her alive.
and I’m desperate to get her the treatment she needs to survive. I don’t have the means to cover her medical costs, and I can’t imagine a life where she’s not here to see me succeed.  

https://t.co/WdhShBdEzv https://t.co/WVZupmrcRR",ghenetehga,tega,Sun Mar 02 17:36:42 +0000 2025,10446,6371
1896542174273208451,"From glowing skin to glowing energy, @bini_ph is always ready to bring out their A-game! ✨ 

Go behind the scenes and see how #BeloADVALight keeps their skin flawless, on and off camera. 🎥🌟

#BeloxBini #BINIforADVALight

Book now: https://t.co/cC1dpTIgcd https://t.co/IDqkNcKWdV",belobeauty,Belo Medical Group,Mon Mar 03 12:44:25 +0000 2025,2682,7856
1895206242966216912,"If you have a product or service that we can patronise and you are a:

Doctor
Medical student
Dental student
Nurse
‘Murse’
Pharmacist
HCW

Drop the details in the CS.
Let’s buy market. https://t.co/TBRqb04tqr",Nigerian_Doctor,Nigerian Doctor,Thu Feb 27 20:15:54 +0000 2025,61,207
1897316288474562790,"I need your help. 

President Trump wants to sign to a bill that criminalizes the transing of our children.

My bill, Protect Children’s Innocence Act, makes it a crime for the medical industry to prey on kids and make billions removing their genitals.

Congress moves too slow, https://t.co/VVcHvbssD3",RepMTG,Rep. Marjorie Taylor Greene🇺🇸,Wed Mar 05 16:00:28 +0000 2025,17860,70202
1895378560430592393,"Nurse from Florida caught accepting tips from patients in exchange for extra meals, medicine, and other supplies at a Miami hospital. Should tipping culture extend to medical services? https://t.co/q8dfRHNti8",Biiiiigridwan,Oscar 🦅,Fri Feb 28 07:40:37 +0000 2025,419,852
1897707491531604304,"hbo max’s The Pitt addressing weight bias in the medical field

I am so impressed at this choice and how they handled it wow this was totally unexpected, so amazing to see on my screen, they got a fan in me for life https://t.co/Qnarq8B4ol",fatfabfeminist,fat!so?,Thu Mar 06 17:54:58 +0000 2025,379,7876
1896191163012620536,me and the weird bitch i pulled through medical malpractice and cannibalism https://t.co/5gUfrlCco5,hdfrstsld,Nonie ♡ RDC7 🀄,Sun Mar 02 13:29:37 +0000 2025,1411,10160
1894841856405512413,Don't wait until it's too late! Recognize the symptoms of kidney failure and red flags that require immediate medical attention👇👇👇 https://t.co/7Q9IyO91yo,Artofphysique_,ᴀʀᴛ ᴏꜰ ᴘʜʏꜱɪQᴜᴇ,Wed Feb 26 20:07:57 +0000 2025,118,321
1897152387393187996,A bloodless and clean cut on the hand through the epidermis exposes the blood vessels underneath https://t.co/xOqW5mEGkc,medi_cosity,Medical Encyclopaedia,Wed Mar 05 05:09:11 +0000 2025,238,3557
1896236834235277780,بعد الفطور مذاكرة علطول https://t.co/cbqgJYrqZd,Medical33894907,Medical Memes 🇸🇦🇯🇴,Sun Mar 02 16:31:06 +0000 2025,3091,26296
1897152774632267782,These are the operative photos of a 5 hour scoliosis correction/alignment surgery done in an 18-year-old female that was found to have idiopathic scoliosis when was 14. https://t.co/tKunUV808e,medi_cosity,Medical Encyclopaedia,Wed Mar 05 05:10:43 +0000 2025,265,3739
1897323792407691299,هل بكيت يومًا بسبب الدراسة؟ https://t.co/h2jmiFTEwS,Medical33894907,Medical Memes 🇸🇦🇯🇴,Wed Mar 05 16:30:17 +0000 2025,42,3896
1895421255991640331,"It's their time to step into the spotlight. Blink twice, and you might miss it. 👀✨ Are you ready?

𝗖𝗼𝗺𝗶𝗻𝗴 𝘀𝗼𝗼𝗻. 
𝟬𝟯.𝟬𝟭.𝟮𝟬𝟮𝟱. https://t.co/6dAz6XcVfz",belobeauty,Belo Medical Group,Fri Feb 28 10:30:17 +0000 2025,3075,11855
1895505332857925864,رمضان كريم https://t.co/K6GlogY4aW,Medical33894907,Medical Memes 🇸🇦🇯🇴,Fri Feb 28 16:04:22 +0000 2025,1454,13710
1896416955332223292,The Trauma Code on netflix is so good guys. Reminds me how much we need to appreciate our docs and nurses and everyone working in medical field🙏🏻 bless yall fr https://t.co/7JbViPD7ec,_bigmatthewww,BM,Mon Mar 03 04:26:50 +0000 2025,112,1772
1894865458794315784,How to choose a medical specialty (from reddit): https://t.co/Okq7D7bU2l,mhjrad,Michael Justus,Wed Feb 26 21:41:44 +0000 2025,943,6491
1897649595972223109,"Jeffrey Epstein, Bill Gates and Dr. Fauci FUNDED and PARTICIPATED in HORRIFIC Medical Experimentation… https://t.co/pxXGT2yZ9Y",liz_churchill10,Liz Churchill,Thu Mar 06 14:04:54 +0000 2025,1176,2517
1894930965476098178,"A skull of a man with Proteus syndrome, a rare condition characterized by overgrowth of bones, skin, muscles, fatty tissues, and blood and lymphatic vessels.

What are some other weird medical conditions you've ever heard of? https://t.co/HLAa6IWlPq",interesting_aIl,Interesting As Fuck,Thu Feb 27 02:02:02 +0000 2025,4867,124269
1896253342948716785,"My mother has cancer. And I need her alive.
and I’m desperate to get her the treatment she needs to survive. I don’t have the means to cover her medical costs, and I can’t imagine a life where she’s not here to see me succeed.  

https://t.co/WdhShBdEzv https://t.co/WVZupmrcRR",ghenetehga,tega,Sun Mar 02 17:36:42 +0000 2025,10446,6371
1896542174273208451,"From glowing skin to glowing energy, @bini_ph is always ready to bring out their A-game! ✨ 

Go behind the scenes and see how #BeloADVALight keeps their skin flawless, on and off camera. 🎥🌟

#BeloxBini #BINIforADVALight

Book now: https://t.co/cC1dpTIgcd https://t.co/IDqkNcKWdV",belobeauty,Belo Medical Group,Mon Mar 03 12:44:25 +0000 2025,2682,7856
1895206242966216912,"If you have a product or service that we can patronise and you are a:

Doctor
Medical student
Dental student
Nurse
‘Murse’
Pharmacist
HCW

Drop the details in the CS.
Let’s buy market. https://t.co/TBRqb04tqr",Nigerian_Doctor,Nigerian Doctor,Thu Feb 27 20:15:54 +0000 2025,61,207
1897316288474562790,"I need your help. 

President Trump wants to sign to a bill that criminalizes the transing of our children.

My bill, Protect Children’s Innocence Act, makes it a crime for the medical industry to prey on kids and make billions removing their genitals.

Congress moves too slow, https://t.co/VVcHvbssD3",RepMTG,Rep. Marjorie Taylor Greene🇺🇸,Wed Mar 05 16:00:28 +0000 2025,17860,70202
1897707491531604304,"hbo max’s The Pitt addressing weight bias in the medical field

I am so impressed at this choice and how they handled it wow this was totally unexpected, so amazing to see on my screen, they got a fan in me for life https://t.co/Qnarq8B4ol",fatfabfeminist,fat!so?,Thu Mar 06 17:54:58 +0000 2025,379,7876
1895378560430592393,"Nurse from Florida caught accepting tips from patients in exchange for extra meals, medicine, and other supplies at a Miami hospital. Should tipping culture extend to medical services? https://t.co/q8dfRHNti8",Biiiiigridwan,Oscar 🦅,Fri Feb 28 07:40:37 +0000 2025,419,852
1896191163012620536,me and the weird bitch i pulled through medical malpractice and cannibalism https://t.co/5gUfrlCco5,hdfrstsld,Nonie ♡ RDC7 🀄,Sun Mar 02 13:29:37 +0000 2025,1411,10160
1894841856405512413,Don't wait until it's too late! Recognize the symptoms of kidney failure and red flags that require immediate medical attention👇👇👇 https://t.co/7Q9IyO91yo,Artofphysique_,ᴀʀᴛ ᴏꜰ ᴘʜʏꜱɪQᴜᴇ,Wed Feb 26 20:07:57 +0000 2025,118,321
1897152387393187996,A bloodless and clean cut on the hand through the epidermis exposes the blood vessels underneath https://t.co/xOqW5mEGkc,medi_cosity,Medical Encyclopaedia,Wed Mar 05 05:09:11 +0000 2025,238,3557
1896236834235277780,بعد الفطور مذاكرة علطول https://t.co/cbqgJYrqZd,Medical33894907,Medical Memes 🇸🇦🇯🇴,Sun Mar 02 16:31:06 +0000 2025,3091,26296
1897152774632267782,These are the operative photos of a 5 hour scoliosis correction/alignment surgery done in an 18-year-old female that was found to have idiopathic scoliosis when was 14. https://t.co/tKunUV808e,medi_cosity,Medical Encyclopaedia,Wed Mar 05 05:10:43 +0000 2025,265,3739
1897323792407691299,هل بكيت يومًا بسبب الدراسة؟ https://t.co/h2jmiFTEwS,Medical33894907,Medical Memes 🇸🇦🇯🇴,Wed Mar 05 16:30:17 +0000 2025,42,3896
1895421255991640331,"It's their time to step into the spotlight. Blink twice, and you might miss it. 👀✨ Are you ready?

𝗖𝗼𝗺𝗶𝗻𝗴 𝘀𝗼𝗼𝗻. 
𝟬𝟯.𝟬𝟭.𝟮𝟬𝟮𝟱. https://t.co/6dAz6XcVfz",belobeauty,Belo Medical Group,Fri Feb 28 10:30:17 +0000 2025,3075,11856
1895505332857925864,رمضان كريم https://t.co/K6GlogY4aW,Medical33894907,Medical Memes 🇸🇦🇯🇴,Fri Feb 28 16:04:22 +0000 2025,1454,13710
1896416955332223292,The Trauma Code on netflix is so good guys. Reminds me how much we need to appreciate our docs and nurses and everyone working in medical field🙏🏻 bless yall fr https://t.co/7JbViPD7ec,_bigmatthewww,BM,Mon Mar 03 04:26:50 +0000 2025,112,1772
1894865458794315784,How to choose a medical specialty (from reddit): https://t.co/Okq7D7bU2l,mhjrad,Michael Justus,Wed Feb 26 21:41:44 +0000 2025,943,6491
1897649595972223109,"Jeffrey Epstein, Bill Gates and Dr. Fauci FUNDED and PARTICIPATED in HORRIFIC Medical Experimentation… https://t.co/pxXGT2yZ9Y",liz_churchill10,Liz Churchill,Thu Mar 06 14:04:54 +0000 2025,1176,2517
1894930965476098178,"A skull of a man with Proteus syndrome, a rare condition characterized by overgrowth of bones, skin, muscles, fatty tissues, and blood and lymphatic vessels.

What are some other weird medical conditions you've ever heard of? https://t.co/HLAa6IWlPq",interesting_aIl,Interesting As Fuck,Thu Feb 27 02:02:02 +0000 2025,4867,124269
1896253342948716785,"My mother has cancer. And I need her alive.
and I’m desperate to get her the treatment she needs to survive. I don’t have the means to cover her medical costs, and I can’t imagine a life where she’s not here to see me succeed.  

https://t.co/WdhShBdEzv https://t.co/WVZupmrcRR",ghenetehga,tega,Sun Mar 02 17:36:42 +0000 2025,10446,6371
1896542174273208451,"From glowing skin to glowing energy, @bini_ph is always ready to bring out their A-game! ✨ 

Go behind the scenes and see how #BeloADVALight keeps their skin flawless, on and off camera. 🎥🌟

#BeloxBini #BINIforADVALight

Book now: https://t.co/cC1dpTIgcd https://t.co/IDqkNcKWdV",belobeauty,Belo Medical Group,Mon Mar 03 12:44:25 +0000 2025,2682,7857
1895206242966216912,"If you have a product or service that we can patronise and you are a:

Doctor
Medical student
Dental student
Nurse
‘Murse’
Pharmacist
HCW

Drop the details in the CS.
Let’s buy market. https://t.co/TBRqb04tqr",Nigerian_Doctor,Nigerian Doctor,Thu Feb 27 20:15:54 +0000 2025,61,207
1897316288474562790,"I need your help. 

President Trump wants to sign to a bill that criminalizes the transing of our children.

My bill, Protect Children’s Innocence Act, makes it a crime for the medical industry to prey on kids and make billions removing their genitals.

Congress moves too slow, https://t.co/VVcHvbssD3",RepMTG,Rep. Marjorie Taylor Greene🇺🇸,Wed Mar 05 16:00:28 +0000 2025,17860,70202
1897707491531604304,"hbo max’s The Pitt addressing weight bias in the medical field

I am so impressed at this choice and how they handled it wow this was totally unexpected, so amazing to see on my screen, they got a fan in me for life https://t.co/Qnarq8B4ol",fatfabfeminist,fat!so?,Thu Mar 06 17:54:58 +0000 2025,379,7876
1895378560430592393,"Nurse from Florida caught accepting tips from patients in exchange for extra meals, medicine, and other supplies at a Miami hospital. Should tipping culture extend to medical services? https://t.co/q8dfRHNti8",Biiiiigridwan,Oscar 🦅,Fri Feb 28 07:40:37 +0000 2025,419,852
1896191163012620536,me and the weird bitch i pulled through medical malpractice and cannibalism https://t.co/5gUfrlCco5,hdfrstsld,Nonie ♡ RDC7 🀄,Sun Mar 02 13:29:37 +0000 2025,1411,10160
1894841856405512413,Don't wait until it's too late! Recognize the symptoms of kidney failure and red flags that require immediate medical attention👇👇👇 https://t.co/7Q9IyO91yo,Artofphysique_,ᴀʀᴛ ᴏꜰ ᴘʜʏꜱɪQᴜᴇ,Wed Feb 26 20:07:57 +0000 2025,118,321
1897152387393187996,A bloodless and clean cut on the hand through the epidermis exposes the blood vessels underneath https://t.co/xOqW5mEGkc,medi_cosity,Medical Encyclopaedia,Wed Mar 05 05:09:11 +0000 2025,238,3555
1897152774632267782,These are the operative photos of a 5 hour scoliosis correction/alignment surgery done in an 18-year-old female that was found to have idiopathic scoliosis when was 14. https://t.co/tKunUV808e,medi_cosity,Medical Encyclopaedia,Wed Mar 05 05:10:43 +0000 2025,265,3740
1897323792407691299,هل بكيت يومًا بسبب الدراسة؟ https://t.co/h2jmiFTEwS,Medical33894907,Medical Memes 🇸🇦🇯🇴,Wed Mar 05 16:30:17 +0000 2025,42,3895
1895421255991640331,"It's their time to step into the spotlight. Blink twice, and you might miss it. 👀✨ Are you ready?

𝗖𝗼𝗺𝗶𝗻𝗴 𝘀𝗼𝗼𝗻. 
𝟬𝟯.𝟬𝟭.𝟮𝟬𝟮𝟱. https://t.co/6dAz6XcVfz",belobeauty,Belo Medical Group,Fri Feb 28 10:30:17 +0000 2025,3075,11855
1896236834235277780,بعد الفطور مذاكرة علطول https://t.co/cbqgJYrqZd,Medical33894907,Medical Memes 🇸🇦🇯🇴,Sun Mar 02 16:31:06 +0000 2025,3092,26295
1895505332857925864,رمضان كريم https://t.co/K6GlogY4aW,Medical33894907,Medical Memes 🇸🇦🇯🇴,Fri Feb 28 16:04:22 +0000 2025,1454,13710
1894865458794315784,How to choose a medical specialty (from reddit): https://t.co/Okq7D7bU2l,mhjrad,Michael Justus,Wed Feb 26 21:41:44 +0000 2025,943,6490
1894930965476098178,"A skull of a man with Proteus syndrome, a rare condition characterized by overgrowth of bones, skin, muscles, fatty tissues, and blood and lymphatic vessels.

What are some other weird medical conditions you've ever heard of? https://t.co/HLAa6IWlPq",interesting_aIl,Interesting As Fuck,Thu Feb 27 02:02:02 +0000 2025,4867,124268
1896416955332223292,The Trauma Code on netflix is so good guys. Reminds me how much we need to appreciate our docs and nurses and everyone working in medical field🙏🏻 bless yall fr https://t.co/7JbViPD7ec,_bigmatthewww,BM,Mon Mar 03 04:26:50 +0000 2025,112,1772
1897316288474562790,"I need your help. 

President Trump wants to sign to a bill that criminalizes the transing of our children.

My bill, Protect Children’s Innocence Act, makes it a crime for the medical industry to prey on kids and make billions removing their genitals.

Congress moves too slow, https://t.co/VVcHvbssD3",RepMTG,Rep. Marjorie Taylor Greene🇺🇸,Wed Mar 05 16:00:28 +0000 2025,17860,70202
1895378560430592393,"Nurse from Florida caught accepting tips from patients in exchange for extra meals, medicine, and other supplies at a Miami hospital. Should tipping culture extend to medical services? https://t.co/q8dfRHNti8",Biiiiigridwan,Oscar 🦅,Fri Feb 28 07:40:37 +0000 2025,419,852
1897649595972223109,"Jeffrey Epstein, Bill Gates and Dr. Fauci FUNDED and PARTICIPATED in HORRIFIC Medical Experimentation… https://t.co/pxXGT2yZ9Y",liz_churchill10,Liz Churchill,Thu Mar 06 14:04:54 +0000 2025,1176,2517
1897275122534273483,"I have decided to sue the Department of Health, USAID, and my medical doctor for not warning me/us about the side effects of circumcision. I will let you guys know how it goes. This is important to stop this mutilation of men which is now aimed at unsuspecting school boys.

I'm https://t.co/daPDDQkJTO",Abednego082,Abednego,Wed Mar 05 13:16:53 +0000 2025,445,1605
1896542174273208451,"From glowing skin to glowing energy, @bini_ph is always ready to bring out their A-game! ✨ 

Go behind the scenes and see how #BeloADVALight keeps their skin flawless, on and off camera. 🎥🌟

#BeloxBini #BINIforADVALight

Book now: https://t.co/cC1dpTIgcd https://t.co/IDqkNcKWdV",belobeauty,Belo Medical Group,Mon Mar 03 12:44:25 +0000 2025,2682,7858
1895206242966216912,"If you have a product or service that we can patronise and you are a:

Doctor
Medical student
Dental student
Nurse
‘Murse’
Pharmacist
HCW

Drop the details in the CS.
Let’s buy market. https://t.co/TBRqb04tqr",Nigerian_Doctor,Nigerian Doctor,Thu Feb 27 20:15:54 +0000 2025,61,207
1897707491531604304,"hbo max’s The Pitt addressing weight bias in the medical field

I am so impressed at this choice and how they handled it wow this was totally unexpected, so amazing to see on my screen, they got a fan in me for life https://t.co/Qnarq8B4ol",fatfabfeminist,fat!so?,Thu Mar 06 17:54:58 +0000 2025,379,7876
1895911895636590698,Medical Aid Members come this side https://t.co/OUbgZYKVWn,Thisthat_Acadmy,Vuka Africa,Sat Mar 01 18:59:54 +0000 2025,910,2806
1896191163012620536,me and the weird bitch i pulled through medical malpractice and cannibalism https://t.co/5gUfrlCco5,hdfrstsld,Nonie ♡ RDC7 🀄,Sun Mar 02 13:29:37 +0000 2025,1411,10160
1897152387393187996,A bloodless and clean cut on the hand through the epidermis exposes the blood vessels underneath https://t.co/xOqW5mEGkc,medi_cosity,Medical Encyclopaedia,Wed Mar 05 05:09:11 +0000 2025,238,3555
1897152774632267782,These are the operative photos of a 5 hour scoliosis correction/alignment surgery done in an 18-year-old female that was found to have idiopathic scoliosis when was 14. https://t.co/tKunUV808e,medi_cosity,Medical Encyclopaedia,Wed Mar 05 05:10:43 +0000 2025,265,3740
1897323792407691299,هل بكيت يومًا بسبب الدراسة؟ https://t.co/h2jmiFTEwS,Medical33894907,Medical Memes 🇸🇦🇯🇴,Wed Mar 05 16:30:17 +0000 2025,42,3895
1895421255991640331,"It's their time to step into the spotlight. Blink twice, and you might miss it. 👀✨ Are you ready?

𝗖𝗼𝗺𝗶𝗻𝗴 𝘀𝗼𝗼𝗻. 
𝟬𝟯.𝟬𝟭.𝟮𝟬𝟮𝟱. https://t.co/6dAz6XcVfz",belobeauty,Belo Medical Group,Fri Feb 28 10:30:17 +0000 2025,3075,11855
1896236834235277780,بعد الفطور مذاكرة علطول https://t.co/cbqgJYrqZd,Medical33894907,Medical Memes 🇸🇦🇯🇴,Sun Mar 02 16:31:06 +0000 2025,3092,26295
1895505332857925864,رمضان كريم https://t.co/K6GlogY4aW,Medical33894907,Medical Memes 🇸🇦🇯🇴,Fri Feb 28 16:04:22 +0000 2025,1454,13710
1894865458794315784,How to choose a medical specialty (from reddit): https://t.co/Okq7D7bU2l,mhjrad,Michael Justus,Wed Feb 26 21:41:44 +0000 2025,943,6490
1894930965476098178,"A skull of a man with Proteus syndrome, a rare condition characterized by overgrowth of bones, skin, muscles, fatty tissues, and blood and lymphatic vessels.

What are some other weird medical conditions you've ever heard of? https://t.co/HLAa6IWlPq",interesting_aIl,Interesting As Fuck,Thu Feb 27 02:02:02 +0000 2025,4867,124268
1896416955332223292,The Trauma Code on netflix is so good guys. Reminds me how much we need to appreciate our docs and nurses and everyone working in medical field🙏🏻 bless yall fr https://t.co/7JbViPD7ec,_bigmatthewww,BM,Mon Mar 03 04:26:50 +0000 2025,112,1772
1897316288474562790,"I need your help. 

President Trump wants to sign to a bill that criminalizes the transing of our children.

My bill, Protect Children’s Innocence Act, makes it a crime for the medical industry to prey on kids and make billions removing their genitals.

Congress moves too slow, https://t.co/VVcHvbssD3",RepMTG,Rep. Marjorie Taylor Greene🇺🇸,Wed Mar 05 16:00:28 +0000 2025,17860,70202
1895378560430592393,"Nurse from Florida caught accepting tips from patients in exchange for extra meals, medicine, and other supplies at a Miami hospital. Should tipping culture extend to medical services? https://t.co/q8dfRHNti8",Biiiiigridwan,Oscar 🦅,Fri Feb 28 07:40:37 +0000 2025,419,852
1897649595972223109,"Jeffrey Epstein, Bill Gates and Dr. Fauci FUNDED and PARTICIPATED in HORRIFIC Medical Experimentation… https://t.co/pxXGT2yZ9Y",liz_churchill10,Liz Churchill,Thu Mar 06 14:04:54 +0000 2025,1176,2517
1897275122534273483,"I have decided to sue the Department of Health, USAID, and my medical doctor for not warning me/us about the side effects of circumcision. I will let you guys know how it goes. This is important to stop this mutilation of men which is now aimed at unsuspecting school boys.

I'm https://t.co/daPDDQkJTO",Abednego082,Abednego,Wed Mar 05 13:16:53 +0000 2025,445,1605
1896542174273208451,"From glowing skin to glowing energy, @bini_ph is always ready to bring out their A-game! ✨ 

Go behind the scenes and see how #BeloADVALight keeps their skin flawless, on and off camera. 🎥🌟

#BeloxBini #BINIforADVALight

Book now: https://t.co/cC1dpTIgcd https://t.co/IDqkNcKWdV",belobeauty,Belo Medical Group,Mon Mar 03 12:44:25 +0000 2025,2682,7858
1895206242966216912,"If you have a product or service that we can patronise and you are a:

Doctor
Medical student
Dental student
Nurse
‘Murse’
Pharmacist
HCW

Drop the details in the CS.
Let’s buy market. https://t.co/TBRqb04tqr",Nigerian_Doctor,Nigerian Doctor,Thu Feb 27 20:15:54 +0000 2025,61,207
1897707491531604304,"hbo max’s The Pitt addressing weight bias in the medical field

I am so impressed at this choice and how they handled it wow this was totally unexpected, so amazing to see on my screen, they got a fan in me for life https://t.co/Qnarq8B4ol",fatfabfeminist,fat!so?,Thu Mar 06 17:54:58 +0000 2025,379,7876
1895911895636590698,Medical Aid Members come this side https://t.co/OUbgZYKVWn,Thisthat_Acadmy,Vuka Africa,Sat Mar 01 18:59:54 +0000 2025,910,2806
1896191163012620536,me and the weird bitch i pulled through medical malpractice and cannibalism https://t.co/5gUfrlCco5,hdfrstsld,Nonie ♡ RDC7 🀄,Sun Mar 02 13:29:37 +0000 2025,1411,10160
1897152387393187996,A bloodless and clean cut on the hand through the epidermis exposes the blood vessels underneath https://t.co/xOqW5mEGkc,medi_cosity,Medical Encyclopaedia,Wed Mar 05 05:09:11 +0000 2025,238,3557
1896236834235277780,بعد الفطور مذاكرة علطول https://t.co/cbqgJYrqZd,Medical33894907,Medical Memes 🇸🇦🇯🇴,Sun Mar 02 16:31:06 +0000 2025,3091,26296
1897152774632267782,These are the operative photos of a 5 hour scoliosis correction/alignment surgery done in an 18-year-old female that was found to have idiopathic scoliosis when was 14. https://t.co/tKunUV808e,medi_cosity,Medical Encyclopaedia,Wed Mar 05 05:10:43 +0000 2025,265,3739
1897323792407691299,هل بكيت يومًا بسبب الدراسة؟ https://t.co/h2jmiFTEwS,Medical33894907,Medical Memes 🇸🇦🇯🇴,Wed Mar 05 16:30:17 +0000 2025,42,3896
1895421255991640331,"It's their time to step into the spotlight. Blink twice, and you might miss it. 👀✨ Are you ready?

𝗖𝗼𝗺𝗶𝗻𝗴 𝘀𝗼𝗼𝗻. 
𝟬𝟯.𝟬𝟭.𝟮𝟬𝟮𝟱. https://t.co/6dAz6XcVfz",belobeauty,Belo Medical Group,Fri Feb 28 10:30:17 +0000 2025,3075,11856
1895505332857925864,رمضان كريم https://t.co/K6GlogY4aW,Medical33894907,Medical Memes 🇸🇦🇯🇴,Fri Feb 28 16:04:22 +0000 2025,1454,13710
1896416955332223292,The Trauma Code on netflix is so good guys. Reminds me how much we need to appreciate our docs and nurses and everyone working in medical field🙏🏻 bless yall fr https://t.co/7JbViPD7ec,_bigmatthewww,BM,Mon Mar 03 04:26:50 +0000 2025,112,1772
1894865458794315784,How to choose a medical specialty (from reddit): https://t.co/Okq7D7bU2l,mhjrad,Michael Justus,Wed Feb 26 21:41:44 +0000 2025,943,6491
1897649595972223109,"Jeffrey Epstein, Bill Gates and Dr. Fauci FUNDED and PARTICIPATED in HORRIFIC Medical Experimentation… https://t.co/pxXGT2yZ9Y",liz_churchill10,Liz Churchill,Thu Mar 06 14:04:54 +0000 2025,1176,2517
1894930965476098178,"A skull of a man with Proteus syndrome, a rare condition characterized by overgrowth of bones, skin, muscles, fatty tissues, and blood and lymphatic vessels.

What are some other weird medical conditions you've ever heard of? https://t.co/HLAa6IWlPq",interesting_aIl,Interesting As Fuck,Thu Feb 27 02:02:02 +0000 2025,4867,124269
1896253342948716785,"My mother has cancer. And I need her alive.
and I’m desperate to get her the treatment she needs to survive. I don’t have the means to cover her medical costs, and I can’t imagine a life where she’s not here to see me succeed.  

https://t.co/WdhShBdEzv https://t.co/WVZupmrcRR",ghenetehga,tega,Sun Mar 02 17:36:42 +0000 2025,10446,6371
1896542174273208451,"From glowing skin to glowing energy, @bini_ph is always ready to bring out their A-game! ✨ 

Go behind the scenes and see how #BeloADVALight keeps their skin flawless, on and off camera. 🎥🌟

#BeloxBini #BINIforADVALight

Book now: https://t.co/cC1dpTIgcd https://t.co/IDqkNcKWdV",belobeauty,Belo Medical Group,Mon Mar 03 12:44:25 +0000 2025,2682,7857
1895206242966216912,"If you have a product or service that we can patronise and you are a:

Doctor
Medical student
Dental student
Nurse
‘Murse’
Pharmacist
HCW

Drop the details in the CS.
Let’s buy market. https://t.co/TBRqb04tqr",Nigerian_Doctor,Nigerian Doctor,Thu Feb 27 20:15:54 +0000 2025,61,207
1897316288474562790,"I need your help. 

President Trump wants to sign to a bill that criminalizes the transing of our children.

My bill, Protect Children’s Innocence Act, makes it a crime for the medical industry to prey on kids and make billions removing their genitals.

Congress moves too slow, https://t.co/VVcHvbssD3",RepMTG,Rep. Marjorie Taylor Greene🇺🇸,Wed Mar 05 16:00:28 +0000 2025,17860,70202
1897707491531604304,"hbo max’s The Pitt addressing weight bias in the medical field

I am so impressed at this choice and how they handled it wow this was totally unexpected, so amazing to see on my screen, they got a fan in me for life https://t.co/Qnarq8B4ol",fatfabfeminist,fat!so?,Thu Mar 06 17:54:58 +0000 2025,379,7877
1895378560430592393,"Nurse from Florida caught accepting tips from patients in exchange for extra meals, medicine, and other supplies at a Miami hospital. Should tipping culture extend to medical services? https://t.co/q8dfRHNti8",Biiiiigridwan,Oscar 🦅,Fri Feb 28 07:40:37 +0000 2025,419,852
1896191163012620536,me and the weird bitch i pulled through medical malpractice and cannibalism https://t.co/5gUfrlCco5,hdfrstsld,Nonie ♡ RDC7 🀄,Sun Mar 02 13:29:37 +0000 2025,1411,10160
1894841856405512413,Don't wait until it's too late! Recognize the symptoms of kidney failure and red flags that require immediate medical attention👇👇👇 https://t.co/7Q9IyO91yo,Artofphysique_,ᴀʀᴛ ᴏꜰ ᴘʜʏꜱɪQᴜᴇ,Wed Feb 26 20:07:57 +0000 2025,118,321
1897152387393187996,A bloodless and clean cut on the hand through the epidermis exposes the blood vessels underneath https://t.co/xOqW5mEGkc,medi_cosity,Medical Encyclopaedia,Wed Mar 05 05:09:11 +0000 2025,238,3557
1896236834235277780,بعد الفطور مذاكرة علطول https://t.co/cbqgJYrqZd,Medical33894907,Medical Memes 🇸🇦🇯🇴,Sun Mar 02 16:31:06 +0000 2025,3091,26296
1897152774632267782,These are the operative photos of a 5 hour scoliosis correction/alignment surgery done in an 18-year-old female that was found to have idiopathic scoliosis when was 14. https://t.co/tKunUV808e,medi_cosity,Medical Encyclopaedia,Wed Mar 05 05:10:43 +0000 2025,265,3739
1897323792407691299,هل بكيت يومًا بسبب الدراسة؟ https://t.co/h2jmiFTEwS,Medical33894907,Medical Memes 🇸🇦🇯🇴,Wed Mar 05 16:30:17 +0000 2025,42,3896
1895421255991640331,"It's their time to step into the spotlight. Blink twice, and you might miss it. 👀✨ Are you ready?

𝗖𝗼𝗺𝗶𝗻𝗴 𝘀𝗼𝗼𝗻. 
𝟬𝟯.𝟬𝟭.𝟮𝟬𝟮𝟱. https://t.co/6dAz6XcVfz",belobeauty,Belo Medical Group,Fri Feb 28 10:30:17 +0000 2025,3075,11856
1895505332857925864,رمضان كريم https://t.co/K6GlogY4aW,Medical33894907,Medical Memes 🇸🇦🇯🇴,Fri Feb 28 16:04:22 +0000 2025,1454,13710
1896416955332223292,The Trauma Code on netflix is so good guys. Reminds me how much we need to appreciate our docs and nurses and everyone working in medical field🙏🏻 bless yall fr https://t.co/7JbViPD7ec,_bigmatthewww,BM,Mon Mar 03 04:26:50 +0000 2025,112,1772
1894865458794315784,How to choose a medical specialty (from reddit): https://t.co/Okq7D7bU2l,mhjrad,Michael Justus,Wed Feb 26 21:41:44 +0000 2025,943,6491
1897649595972223109,"Jeffrey Epstein, Bill Gates and Dr. Fauci FUNDED and PARTICIPATED in HORRIFIC Medical Experimentation… https://t.co/pxXGT2yZ9Y",liz_churchill10,Liz Churchill,Thu Mar 06 14:04:54 +0000 2025,1176,2517
1894930965476098178,"A skull of a man with Proteus syndrome, a rare condition characterized by overgrowth of bones, skin, muscles, fatty tissues, and blood and lymphatic vessels.

What are some other weird medical conditions you've ever heard of? https://t.co/HLAa6IWlPq",interesting_aIl,Interesting As Fuck,Thu Feb 27 02:02:02 +0000 2025,4867,124269
1896253342948716785,"My mother has cancer. And I need her alive.
and I’m desperate to get her the treatment she needs to survive. I don’t have the means to cover her medical costs, and I can’t imagine a life where she’s not here to see me succeed.  

https://t.co/WdhShBdEzv https://t.co/WVZupmrcRR",ghenetehga,tega,Sun Mar 02 17:36:42 +0000 2025,10446,6371
1896542174273208451,"From glowing skin to glowing energy, @bini_ph is always ready to bring out their A-game! ✨ 

Go behind the scenes and see how #BeloADVALight keeps their skin flawless, on and off camera. 🎥🌟

#BeloxBini #BINIforADVALight

Book now: https://t.co/cC1dpTIgcd https://t.co/IDqkNcKWdV",belobeauty,Belo Medical Group,Mon Mar 03 12:44:25 +0000 2025,2682,7857
1895206242966216912,"If you have a product or service that we can patronise and you are a:

Doctor
Medical student
Dental student
Nurse
‘Murse’
Pharmacist
HCW

Drop the details in the CS.
Let’s buy market. https://t.co/TBRqb04tqr",Nigerian_Doctor,Nigerian Doctor,Thu Feb 27 20:15:54 +0000 2025,61,207
1897316288474562790,"I need your help. 

President Trump wants to sign to a bill that criminalizes the transing of our children.

My bill, Protect Children’s Innocence Act, makes it a crime for the medical industry to prey on kids and make billions removing their genitals.

Congress moves too slow, https://t.co/VVcHvbssD3",RepMTG,Rep. Marjorie Taylor Greene🇺🇸,Wed Mar 05 16:00:28 +0000 2025,17860,70202
1897707491531604304,"hbo max’s The Pitt addressing weight bias in the medical field

I am so impressed at this choice and how they handled it wow this was totally unexpected, so amazing to see on my screen, they got a fan in me for life https://t.co/Qnarq8B4ol",fatfabfeminist,fat!so?,Thu Mar 06 17:54:58 +0000 2025,379,7878
1895378560430592393,"Nurse from Florida caught accepting tips from patients in exchange for extra meals, medicine, and other supplies at a Miami hospital. Should tipping culture extend to medical services? https://t.co/q8dfRHNti8",Biiiiigridwan,Oscar 🦅,Fri Feb 28 07:40:37 +0000 2025,419,852
1896191163012620536,me and the weird bitch i pulled through medical malpractice and cannibalism https://t.co/5gUfrlCco5,hdfrstsld,Nonie ♡ RDC7 🀄,Sun Mar 02 13:29:37 +0000 2025,1411,10160
1894841856405512413,Don't wait until it's too late! Recognize the symptoms of kidney failure and red flags that require immediate medical attention👇👇👇 https://t.co/7Q9IyO91yo,Artofphysique_,ᴀʀᴛ ᴏꜰ ᴘʜʏꜱɪQᴜᴇ,Wed Feb 26 20:07:57 +0000 2025,118,321
1897152387393187996,A bloodless and clean cut on the hand through the epidermis exposes the blood vessels underneath https://t.co/xOqW5mEGkc,medi_cosity,Medical Encyclopaedia,Wed Mar 05 05:09:11 +0000 2025,238,3555
1897152774632267782,These are the operative photos of a 5 hour scoliosis correction/alignment surgery done in an 18-year-old female that was found to have idiopathic scoliosis when was 14. https://t.co/tKunUV808e,medi_cosity,Medical Encyclopaedia,Wed Mar 05 05:10:43 +0000 2025,265,3740
1897323792407691299,هل بكيت يومًا بسبب الدراسة؟ https://t.co/h2jmiFTEwS,Medical33894907,Medical Memes 🇸🇦🇯🇴,Wed Mar 05 16:30:17 +0000 2025,42,3895
1895421255991640331,"It's their time to step into the spotlight. Blink twice, and you might miss it. 👀✨ Are you ready?

𝗖𝗼𝗺𝗶𝗻𝗴 𝘀𝗼𝗼𝗻. 
𝟬𝟯.𝟬𝟭.𝟮𝟬𝟮𝟱. https://t.co/6dAz6XcVfz",belobeauty,Belo Medical Group,Fri Feb 28 10:30:17 +0000 2025,3075,11855
1896236834235277780,بعد الفطور مذاكرة علطول https://t.co/cbqgJYrqZd,Medical33894907,Medical Memes 🇸🇦🇯🇴,Sun Mar 02 16:31:06 +0000 2025,3092,26295
1895505332857925864,رمضان كريم https://t.co/K6GlogY4aW,Medical33894907,Medical Memes 🇸🇦🇯🇴,Fri Feb 28 16:04:22 +0000 2025,1454,13710
1894865458794315784,How to choose a medical specialty (from reddit): https://t.co/Okq7D7bU2l,mhjrad,Michael Justus,Wed Feb 26 21:41:44 +0000 2025,943,6490
1894930965476098178,"A skull of a man with Proteus syndrome, a rare condition characterized by overgrowth of bones, skin, muscles, fatty tissues, and blood and lymphatic vessels.

What are some other weird medical conditions you've ever heard of? https://t.co/HLAa6IWlPq",interesting_aIl,Interesting As Fuck,Thu Feb 27 02:02:02 +0000 2025,4867,124268
1895120476978192829,"MRNA Vaccines are the most destructive and lethal medical products, that have ever been used in Human History 💀💉 https://t.co/ug0GXT1ME4",toobaffled,“Sudden And Unexpected”,Thu Feb 27 14:35:06 +0000 2025,5993,11002
1896416955332223292,The Trauma Code on netflix is so good guys. Reminds me how much we need to appreciate our docs and nurses and everyone working in medical field🙏🏻 bless yall fr https://t.co/7JbViPD7ec,_bigmatthewww,BM,Mon Mar 03 04:26:50 +0000 2025,112,1772
1897316288474562790,"I need your help. 

President Trump wants to sign to a bill that criminalizes the transing of our children.

My bill, Protect Children’s Innocence Act, makes it a crime for the medical industry to prey on kids and make billions removing their genitals.

Congress moves too slow, https://t.co/VVcHvbssD3",RepMTG,Rep. Marjorie Taylor Greene🇺🇸,Wed Mar 05 16:00:28 +0000 2025,17860,70202
1895378560430592393,"Nurse from Florida caught accepting tips from patients in exchange for extra meals, medicine, and other supplies at a Miami hospital. Should tipping culture extend to medical services? https://t.co/q8dfRHNti8",Biiiiigridwan,Oscar 🦅,Fri Feb 28 07:40:37 +0000 2025,419,852
1897649595972223109,"Jeffrey Epstein, Bill Gates and Dr. Fauci FUNDED and PARTICIPATED in HORRIFIC Medical Experimentation… https://t.co/pxXGT2yZ9Y",liz_churchill10,Liz Churchill,Thu Mar 06 14:04:54 +0000 2025,1176,2517
1897275122534273483,"I have decided to sue the Department of Health, USAID, and my medical doctor for not warning me/us about the side effects of circumcision. I will let you guys know how it goes. This is important to stop this mutilation of men which is now aimed at unsuspecting school boys.

I'm https://t.co/daPDDQkJTO",Abednego082,Abednego,Wed Mar 05 13:16:53 +0000 2025,445,1605
1896542174273208451,"From glowing skin to glowing energy, @bini_ph is always ready to bring out their A-game! ✨ 

Go behind the scenes and see how #BeloADVALight keeps their skin flawless, on and off camera. 🎥🌟

#BeloxBini #BINIforADVALight

Book now: https://t.co/cC1dpTIgcd https://t.co/IDqkNcKWdV",belobeauty,Belo Medical Group,Mon Mar 03 12:44:25 +0000 2025,2682,7858
1895206242966216912,"If you have a product or service that we can patronise and you are a:

Doctor
Medical student
Dental student
Nurse
‘Murse’
Pharmacist
HCW

Drop the details in the CS.
Let’s buy market. https://t.co/TBRqb04tqr",Nigerian_Doctor,Nigerian Doctor,Thu Feb 27 20:15:54 +0000 2025,61,207
1895911895636590698,Medical Aid Members come this side https://t.co/OUbgZYKVWn,Thisthat_Acadmy,Vuka Africa,Sat Mar 01 18:59:54 +0000 2025,910,2806
1897707491531604304,"hbo max’s The Pitt addressing weight bias in the medical field

I am so impressed at this choice and how they handled it wow this was totally unexpected, so amazing to see on my screen, they got a fan in me for life https://t.co/Qnarq8B4ol",fatfabfeminist,fat!so?,Thu Mar 06 17:54:58 +0000 2025,379,7878
1897152387393187996,A bloodless and clean cut on the hand through the epidermis exposes the blood vessels underneath https://t.co/xOqW5mEGkc,medi_cosity,Medical Encyclopaedia,Wed Mar 05 05:09:11 +0000 2025,238,3557
1896236834235277780,بعد الفطور مذاكرة علطول https://t.co/cbqgJYrqZd,Medical33894907,Medical Memes 🇸🇦🇯🇴,Sun Mar 02 16:31:06 +0000 2025,3091,26296
1897152774632267782,These are the operative photos of a 5 hour scoliosis correction/alignment surgery done in an 18-year-old female that was found to have idiopathic scoliosis when was 14. https://t.co/tKunUV808e,medi_cosity,Medical Encyclopaedia,Wed Mar 05 05:10:43 +0000 2025,265,3739
1897323792407691299,هل بكيت يومًا بسبب الدراسة؟ https://t.co/h2jmiFTEwS,Medical33894907,Medical Memes 🇸🇦🇯🇴,Wed Mar 05 16:30:17 +0000 2025,42,3896
1895421255991640331,"It's their time to step into the spotlight. Blink twice, and you might miss it. 👀✨ Are you ready?

𝗖𝗼𝗺𝗶𝗻𝗴 𝘀𝗼𝗼𝗻. 
𝟬𝟯.𝟬𝟭.𝟮𝟬𝟮𝟱. https://t.co/6dAz6XcVfz",belobeauty,Belo Medical Group,Fri Feb 28 10:30:17 +0000 2025,3075,11856
1895505332857925864,رمضان كريم https://t.co/K6GlogY4aW,Medical33894907,Medical Memes 🇸🇦🇯🇴,Fri Feb 28 16:04:22 +0000 2025,1454,13710
1896416955332223292,The Trauma Code on netflix is so good guys. Reminds me how much we need to appreciate our docs and nurses and everyone working in medical field🙏🏻 bless yall fr https://t.co/7JbViPD7ec,_bigmatthewww,BM,Mon Mar 03 04:26:50 +0000 2025,112,1772
1894865458794315784,How to choose a medical specialty (from reddit): https://t.co/Okq7D7bU2l,mhjrad,Michael Justus,Wed Feb 26 21:41:44 +0000 2025,943,6491
1897649595972223109,"Jeffrey Epstein, Bill Gates and Dr. Fauci FUNDED and PARTICIPATED in HORRIFIC Medical Experimentation… https://t.co/pxXGT2yZ9Y",liz_churchill10,Liz Churchill,Thu Mar 06 14:04:54 +0000 2025,1176,2517
1894930965476098178,"A skull of a man with Proteus syndrome, a rare condition characterized by overgrowth of bones, skin, muscles, fatty tissues, and blood and lymphatic vessels.

What are some other weird medical conditions you've ever heard of? https://t.co/HLAa6IWlPq",interesting_aIl,Interesting As Fuck,Thu Feb 27 02:02:02 +0000 2025,4867,124269
1896253342948716785,"My mother has cancer. And I need her alive.
and I’m desperate to get her the treatment she needs to survive. I don’t have the means to cover her medical costs, and I can’t imagine a life where she’s not here to see me succeed.  

https://t.co/WdhShBdEzv https://t.co/WVZupmrcRR",ghenetehga,tega,Sun Mar 02 17:36:42 +0000 2025,10446,6371
1896542174273208451,"From glowing skin to glowing energy, @bini_ph is always ready to bring out their A-game! ✨ 

Go behind the scenes and see how #BeloADVALight keeps their skin flawless, on and off camera. 🎥🌟

#BeloxBini #BINIforADVALight

Book now: https://t.co/cC1dpTIgcd https://t.co/IDqkNcKWdV",belobeauty,Belo Medical Group,Mon Mar 03 12:44:25 +0000 2025,2682,7857
1895206242966216912,"If you have a product or service that we can patronise and you are a:

Doctor
Medical student
Dental student
Nurse
‘Murse’
Pharmacist
HCW

Drop the details in the CS.
Let’s buy market. https://t.co/TBRqb04tqr",Nigerian_Doctor,Nigerian Doctor,Thu Feb 27 20:15:54 +0000 2025,61,207
1897316288474562790,"I need your help. 

President Trump wants to sign to a bill that criminalizes the transing of our children.

My bill, Protect Children’s Innocence Act, makes it a crime for the medical industry to prey on kids and make billions removing their genitals.

Congress moves too slow, https://t.co/VVcHvbssD3",RepMTG,Rep. Marjorie Taylor Greene🇺🇸,Wed Mar 05 16:00:28 +0000 2025,17860,70202
1897707491531604304,"hbo max’s The Pitt addressing weight bias in the medical field

I am so impressed at this choice and how they handled it wow this was totally unexpected, so amazing to see on my screen, they got a fan in me for life https://t.co/Qnarq8B4ol",fatfabfeminist,fat!so?,Thu Mar 06 17:54:58 +0000 2025,379,7878
1895378560430592393,"Nurse from Florida caught accepting tips from patients in exchange for extra meals, medicine, and other supplies at a Miami hospital. Should tipping culture extend to medical services? https://t.co/q8dfRHNti8",Biiiiigridwan,Oscar 🦅,Fri Feb 28 07:40:37 +0000 2025,419,852
1896191163012620536,me and the weird bitch i pulled through medical malpractice and cannibalism https://t.co/5gUfrlCco5,hdfrstsld,Nonie ♡ RDC7 🀄,Sun Mar 02 13:29:37 +0000 2025,1411,10160
1894841856405512413,Don't wait until it's too late! Recognize the symptoms of kidney failure and red flags that require immediate medical attention👇👇👇 https://t.co/7Q9IyO91yo,Artofphysique_,ᴀʀᴛ ᴏꜰ ᴘʜʏꜱɪQᴜᴇ,Wed Feb 26 20:07:57 +0000 2025,118,321
1897152387393187996,A bloodless and clean cut on the hand through the epidermis exposes the blood vessels underneath https://t.co/xOqW5mEGkc,medi_cosity,Medical Encyclopaedia,Wed Mar 05 05:09:11 +0000 2025,238,3557
1896236834235277780,بعد الفطور مذاكرة علطول https://t.co/cbqgJYrqZd,Medical33894907,Medical Memes 🇸🇦🇯🇴,Sun Mar 02 16:31:06 +0000 2025,3091,26296
1897152774632267782,These are the operative photos of a 5 hour scoliosis correction/alignment surgery done in an 18-year-old female that was found to have idiopathic scoliosis when was 14. https://t.co/tKunUV808e,medi_cosity,Medical Encyclopaedia,Wed Mar 05 05:10:43 +0000 2025,265,3739
1897323792407691299,هل بكيت يومًا بسبب الدراسة؟ https://t.co/h2jmiFTEwS,Medical33894907,Medical Memes 🇸🇦🇯🇴,Wed Mar 05 16:30:17 +0000 2025,42,3896
1895421255991640331,"It's their time to step into the spotlight. Blink twice, and you might miss it. 👀✨ Are you ready?

𝗖𝗼𝗺𝗶𝗻𝗴 𝘀𝗼𝗼𝗻. 
𝟬𝟯.𝟬𝟭.𝟮𝟬𝟮𝟱. https://t.co/6dAz6XcVfz",belobeauty,Belo Medical Group,Fri Feb 28 10:30:17 +0000 2025,3075,11856
1895505332857925864,رمضان كريم https://t.co/K6GlogY4aW,Medical33894907,Medical Memes 🇸🇦🇯🇴,Fri Feb 28 16:04:22 +0000 2025,1454,13710
1896416955332223292,The Trauma Code on netflix is so good guys. Reminds me how much we need to appreciate our docs and nurses and everyone working in medical field🙏🏻 bless yall fr https://t.co/7JbViPD7ec,_bigmatthewww,BM,Mon Mar 03 04:26:50 +0000 2025,112,1772
1894865458794315784,How to choose a medical specialty (from reddit): https://t.co/Okq7D7bU2l,mhjrad,Michael Justus,Wed Feb 26 21:41:44 +0000 2025,943,6491
1897649595972223109,"Jeffrey Epstein, Bill Gates and Dr. Fauci FUNDED and PARTICIPATED in HORRIFIC Medical Experimentation… https://t.co/pxXGT2yZ9Y",liz_churchill10,Liz Churchill,Thu Mar 06 14:04:54 +0000 2025,1176,2517
1894930965476098178,"A skull of a man with Proteus syndrome, a rare condition characterized by overgrowth of bones, skin, muscles, fatty tissues, and blood and lymphatic vessels.

What are some other weird medical conditions you've ever heard of? https://t.co/HLAa6IWlPq",interesting_aIl,Interesting As Fuck,Thu Feb 27 02:02:02 +0000 2025,4867,124269
1896253342948716785,"My mother has cancer. And I need her alive.
and I’m desperate to get her the treatment she needs to survive. I don’t have the means to cover her medical costs, and I can’t imagine a life where she’s not here to see me succeed.  

https://t.co/WdhShBdEzv https://t.co/WVZupmrcRR",ghenetehga,tega,Sun Mar 02 17:36:42 +0000 2025,10446,6371
1896542174273208451,"From glowing skin to glowing energy, @bini_ph is always ready to bring out their A-game! ✨ 

Go behind the scenes and see how #BeloADVALight keeps their skin flawless, on and off camera. 🎥🌟

#BeloxBini #BINIforADVALight

Book now: https://t.co/cC1dpTIgcd https://t.co/IDqkNcKWdV",belobeauty,Belo Medical Group,Mon Mar 03 12:44:25 +0000 2025,2682,7857
1895206242966216912,"If you have a product or service that we can patronise and you are a:

Doctor
Medical student
Dental student
Nurse
‘Murse’
Pharmacist
HCW

Drop the details in the CS.
Let’s buy market. https://t.co/TBRqb04tqr",Nigerian_Doctor,Nigerian Doctor,Thu Feb 27 20:15:54 +0000 2025,61,207
1897316288474562790,"I need your help. 

President Trump wants to sign to a bill that criminalizes the transing of our children.

My bill, Protect Children’s Innocence Act, makes it a crime for the medical industry to prey on kids and make billions removing their genitals.

Congress moves too slow, https://t.co/VVcHvbssD3",RepMTG,Rep. Marjorie Taylor Greene🇺🇸,Wed Mar 05 16:00:28 +0000 2025,17860,70202
